Date,Return,Volatility,Momentum,MA_Ratio
2010-03-19,-1.9062408874861592,0.025605391621692033,-0.48916437379978217,-0.3135295071563639
2010-03-22,-0.5127588272456002,0.027204129504723774,-0.49512442229152026,-0.4334993907763166
2010-03-23,0.5051943747452297,0.04616736316851447,-0.288349974370941,-0.2869894721869487
2010-03-25,-1.453701602883365,0.10974234539736963,-0.36819628970984003,-0.6419384729764845
2010-03-26,1.658081998637257,0.2962505476604183,0.1406802464912982,-0.18665734833185058
2010-03-29,0.12494692656153952,0.24684544635086017,-0.032361267995930566,-0.13448050203132633
2010-03-30,-0.7418375849302457,0.2020590466209352,-0.43965643822715844,-0.30228400627584007
2010-03-31,0.8810270463938764,0.10223343495129507,-0.5637673690001918,-0.05366508590999833
2010-04-01,1.1725921750263657,0.19317921055693274,-0.4146347672596601,0.2750012870987726
2010-04-05,0.5473211991463498,0.18468079283790545,-0.11476177468237383,0.43575474572847694
2010-04-06,0.10388660614366173,0.1856861363753087,-0.08096826349097554,0.4693540520518578
2010-04-07,1.2837251359582,0.2379430608266584,0.4284417602206719,0.8237184044865894
2010-04-08,0.11984747909303944,0.23272657836172414,0.4975045531831534,0.8441456920726383
2010-04-09,0.8524622095347832,0.13902410380231758,0.9879774471290541,1.055342911923176
2010-04-12,-0.5779876598140729,0.18221541336226346,0.8228725618402238,0.8708158227418512
2010-04-13,-0.30571504881605116,0.15201232735283987,0.900134266072515,0.765854709508408
2010-04-15,0.8257692741519113,0.17871723557590538,1.0150261701459038,0.9647891857478826
2010-04-16,-2.164911036447021,0.3368387752085083,0.050627514687106814,0.3510912068151106
2010-04-19,-0.10315355263142204,0.2945168714481176,0.20569526220016557,0.3032536755635253
2010-04-20,0.256178605303924,0.2706264530618408,0.11011087685609648,0.3635047805677692
2010-04-21,0.737223038024106,0.0039027814898970154,0.7435524920905315,0.5551334724170537
2010-04-22,-0.44147302609226596,-0.0032271328052234896,0.7608674122124646,0.42476052463637953
2010-04-23,1.1772306166924054,0.06540070276670336,0.9247095411464703,0.7096329071422235
2010-04-26,-0.4116054535545399,-0.12533139896096782,1.180960332032197,0.5621109389341599
2010-04-27,1.6308798283365706,-0.13157904955127397,1.174237325461979,0.965604908166162
2010-04-28,-0.30170332150431023,-0.10876136705270434,1.069029882180126,0.8431164698358892
2010-04-29,-0.048482311462591327,-0.18224201702720846,1.240232403661417,0.7898783951931991
2010-04-30,0.918065232284279,-0.1782761759706582,1.2494112840684293,1.009582520811208
2010-05-03,0.29787743595802496,-0.25191253038633366,1.0335432899423873,1.0680833968076116
2010-05-04,-0.7678887063979887,-0.18515683915005957,0.7125013722736673,0.8324513148408809
2010-05-05,0.1690267303142162,-0.18536733073603903,0.7283028158031106,0.8599045277045987
2010-05-06,2.8882363304732928,0.2802925187879797,1.120787173791488,1.6323269700380496
2010-05-07,-0.20802755507638232,0.29292770504925714,1.0400717457495796,1.532392465262289
2010-05-10,-0.6156752794808095,0.3065252815040063,0.6818784955414213,1.3153381405075306
2010-05-11,2.571203510611086,0.6282983288164892,1.4567242953367776,1.9868800705966423
2010-05-12,0.5889785087563301,0.6072639027648892,1.6813492822952476,2.0959041943093655
2010-05-13,-0.7163566921010311,0.6570940431773076,1.2954267568178885,1.8385213716705884
2010-05-14,-0.1799111802873268,0.26246951969957855,1.7932848641235672,1.7456188420509366
2010-05-17,-0.8645947270054795,0.35166194204371076,1.6011380650954077,1.4666586028513735
2010-05-18,0.08657374771208728,0.35536191337792744,1.5585378594775148,1.4539249460584622
2010-05-19,-2.4440820889198585,0.8030593873258138,0.7727265737874205,0.7478162243248972
2010-05-20,-0.7016867046206868,0.8257487229971153,0.7095509859093057,0.5318998908903568
2010-05-21,-0.5587258255418874,0.7844055020525992,0.2922712383333638,0.35880542232933277
2010-05-24,1.3735168469286583,0.8628671309095485,0.7214750484302017,0.7006312860538464
2010-05-25,0.42168274964488917,0.7324086721284492,0.42990657209346733,0.7804990805060121
2010-05-26,0.9188172995649169,0.7595238273246548,0.724222147479743,0.9902078241532676
2010-05-27,0.1632263209242843,0.7568464653688675,0.7756401404170543,0.9912662631423842
2010-05-28,0.1376532214367784,0.7206625529951657,0.5866382275584937,0.994332957074503
2010-06-01,0.8401724446765474,0.7489543156621086,0.7178159424362263,1.1848467810558971
2010-06-02,-0.13068663486325793,0.7005685092299881,0.8728631338940789,1.1082001916426945
2010-06-03,-1.5528663248444656,0.873511490591967,0.4561459596566053,0.6367561795271424
2010-06-04,1.0147532390812624,0.42849910735313096,0.010821836073943856,0.8680527434625004
2010-06-07,1.8884481453383133,0.6409515861793685,0.5097089171670378,1.3383338844937809
2010-06-08,-0.42625333398462995,0.6257470616016145,0.5553021284651395,1.1553714562469974
2010-06-09,-0.3864281107683677,0.2089934656789745,-0.14682656724907853,0.9956955762501085
2010-06-10,-1.3494339565641813,0.29346827215858184,-0.5958559500993068,0.5798523110050141
2010-06-11,0.8478485418451326,0.3262669369782024,-0.23419044688912535,0.7622405496107091
2010-06-14,-0.3643602149749845,0.3319662045784203,-0.2771324633907715,0.6174432415313326
2010-06-15,1.1328901262476458,0.370121723062726,0.1921506506474941,0.8855155995690731
2010-06-16,-0.5690579172060636,0.39431205411265347,0.037083559567968834,0.6895234281692982
2010-06-17,1.2736463329504597,0.022139877621085387,0.9300045327334389,0.9969993894556142
2010-06-18,0.737537151539061,-0.026705350241979495,1.2846906679428782,1.159909008623198
2010-06-21,-2.028082889713838,0.3065332265918744,0.9226328643471764,0.5671133877204474
2010-06-22,0.8540908115851854,0.23812897597017424,0.7959111949188858,0.7717441043120697
2010-06-23,-0.43465331674364177,0.25724791748237025,0.588427555415619,0.6208252339105765
2010-06-24,0.26662619888366845,0.21225220808414333,0.4315946618466419,0.6600185816242489
2010-06-25,1.1738124718903853,0.2911973245876951,0.6750477025579228,0.9481624167519185
2010-06-28,-1.3915247674255626,0.4452767093305664,0.3076166860629969,0.5241626437937471
2010-06-29,0.12624800859704088,0.4038557353945445,0.13798994730108577,0.5179381436837096
2010-06-30,0.3151690248917663,0.4066911554413307,0.24378210998169914,0.563100945727771
2010-07-01,-3.9088840801093694,1.1779244478381163,-0.30994815954388183,-0.5034996173243799
2010-07-02,1.2086393070636081,1.2022513921582674,-0.26487066093481754,-0.20691525180153233
2010-07-06,-1.7068454415917453,1.1117342701150457,-1.0867015637318644,-0.6668735193652342
2010-07-07,1.019098667731427,1.188877564925597,-0.7598639170950093,-0.4148167875064157
2010-07-08,-0.46477236039899644,1.1911028645146158,-0.7777013015683372,-0.5430264727048751
2010-07-09,0.9538068133125654,1.168208855051462,-0.24742058392345204,-0.30294533085764386
2010-07-12,-0.8874820512175428,1.1547807354361834,-0.6480825922858828,-0.5453034579581463
2010-07-13,0.8429941717144069,1.1995195550222029,-0.37005939242081815,-0.32996072634917295
2010-07-14,-0.07293124892592162,1.1166530247481647,-0.647731703246978,-0.3548415008179713
2010-07-15,-0.08141378471768591,1.105806258647363,-0.5358419298918847,-0.38544832772258747
2010-07-16,-1.3500661343133036,1.0659283568517304,-1.1314708288228512,-0.7416359757789365
2010-07-19,-0.8309342027531073,1.0249570915231323,-1.480146758478162,-0.9400405995679237
2010-07-20,0.7693108681182564,0.9037377456106063,-0.8544295186615576,-0.7269218402251223
2010-07-21,-0.7102003410531126,0.8504457538906242,-1.2064848116318498,-0.8986257169955504
2010-07-22,0.8455177852460771,0.9150214599868773,-0.9187829393992508,-0.655614843009396
2010-07-23,-0.6831238088428961,0.9139560141840436,-1.1325793310115564,-0.8050172178310465
2010-07-26,-0.5142933573954203,0.7918502434538439,-1.5076079325468374,-0.9109438159513825
2010-07-27,-1.776949149672405,0.8491096739954302,-1.592349199911757,-1.332913592816529
2010-07-28,0.21525887116378165,0.8545031358812285,-1.572807845366916,-1.248135183639379
2010-07-29,0.4248461802383183,0.8636422041724389,-1.5487054934040225,-1.1107809501388728
2010-07-30,1.0219048336354821,0.05620415568567889,-0.43735151942350137,-0.8354634590895121
2010-08-02,0.021029224915703904,-0.08072471043803414,-0.7100603641005917,-0.8228794207002879
2010-08-03,0.36634761824962714,-0.28074224485816124,-0.23187755440104715,-0.7248845284440298
2010-08-04,0.6049498550347058,-0.3445867319085447,-0.32819542834689147,-0.5598925586295029
2010-08-05,0.20019401341499965,-0.3546337566759785,-0.17335104392966633,-0.4996262467554166
2010-08-06,0.7099940900536867,-0.3933901134915452,-0.23024501729578326,-0.3030421390449384
2010-08-09,-0.3962058856976699,-0.4493168020441524,-0.11546310485648957,-0.3964239642660629
2010-08-10,0.25836344585281945,-0.5149829697600778,-0.2519926986565722,-0.3168959203476278
2010-08-11,-0.3539597188008379,-0.5063686244819026,-0.3173380422293348,-0.39332713947808784
2010-08-12,1.1886820144727035,-0.3667411456521577,-0.020546167684191655,-0.06626285374338439
2010-08-13,-0.04749689511984752,-0.5476593899174669,0.28777600803523473,-0.07655882748303344
2010-08-16,0.8077919306633428,-0.5863999670179221,0.681417715911508,0.14425210941512479
2010-08-17,-0.005549249883682134,-0.626485259056496,0.49448267192002876,0.15670183860420228
2010-08-18,0.3693474221141042,-0.6958151127063729,0.7553214364343573,0.2662968681760589
2010-08-19,0.11901669625323198,-0.7489164874370636,0.5794755290630532,0.3054294747302105
2010-08-20,-0.3716063363828951,-0.7947466885803414,0.6547202803400799,0.20609973617337354
2010-08-23,-0.18069354883596817,-0.8325419485786569,0.7355592786338871,0.16429067314141652
2010-08-24,0.4606549640329102,-1.3602374735216658,1.284812153493657,0.29164135502303745
2010-08-25,0.8048986922255937,-1.3175841539968811,1.4316062906173708,0.5154820621287786
2010-08-26,-0.35228144704414677,-1.258790018091076,1.2383171469649914,0.42236297995903466
2010-08-27,0.0190727487470446,-1.348071503919603,0.9911005144792233,0.4377431627946988
2010-08-30,-0.10488809202851967,-1.337908017260016,0.9602344471496264,0.4240387620229391
2010-08-31,0.9404553316507257,-1.2601048248705975,1.101281278384773,0.680149283181787
2010-09-01,-0.3421147044255334,-1.2377746745391383,0.8690394518442789,0.5910692818258402
2010-09-02,0.46944145055066144,-1.2264312985217498,0.9348413777481355,0.720153717622132
2010-09-03,-0.37437391574979023,-1.224916621163296,0.6709074994138244,0.6205909782359047
2010-09-07,0.6644831739313033,-1.2368115188710447,0.9290473218163414,0.8102695530875071
2010-09-08,-0.0140951890239826,-1.2311804837163294,0.862477443743654,0.8049556733012557
2010-09-09,-0.963530839358052,-1.0887524646752824,0.7141962107943994,0.5443855647506335
2010-09-13,0.02709064424048166,-1.2477794334104837,0.4341242148182587,0.5581887430459012
2010-09-14,1.931264919258157,-0.8368683610452602,0.9131837736273601,1.0662533600049522
2010-09-15,-0.08674508311353048,-0.8760013102140237,0.6954409831961968,1.0226171534268376
2010-09-16,0.5327506437617605,-0.8634013924793025,0.8262371544067402,1.1395154236909992
2010-09-17,-0.09445764401532317,-0.8603248728374657,0.7134997827688248,1.087277856449259
2010-09-20,0.24229721801993317,-0.8596522598244857,0.743414633625673,1.1252939041135133
2010-09-21,0.886271001637718,-0.8405146351555113,1.0507649171991202,1.3445321488025876
2010-09-22,0.12837168912788416,-0.8589713305096078,1.1268757474332929,1.3451619067513256
2010-09-23,0.05694338339213598,-0.8618164136904832,1.027504202827822,1.3300450235812193
2010-09-24,0.28596939365061813,-0.9035550738089517,0.9003604330053491,1.3774777777438607
2010-09-27,0.001424538999315635,-0.9357942589322921,0.9869509132356212,1.344192650821387
2010-09-28,0.8652461942692686,-0.8928066763355181,1.195349391155206,1.5427293147863688
2010-09-29,0.055915849285183214,-0.9036012932885409,1.235152584469912,1.5072669882790848
2010-09-30,-0.05349575245632911,-0.9537988829912528,0.990145725066031,1.4454814165162906
2010-10-01,0.7562654525112719,-0.9623120381519363,1.2610358312458414,1.60512977614986
2010-10-04,-0.37182072692987633,-0.9218934633340206,1.0532913814976541,1.4514685626078985
2010-10-05,1.9274700055084293,-0.6653860822700385,1.6258960475843256,1.9381512535558227
2010-10-06,0.6016003569882489,-0.669298010374816,1.610077565182635,2.040883370955442
2010-10-07,-1.1203860967042554,-0.47512866276087734,1.3334058673167495,1.6462701859119895
2010-10-08,0.9620744444926602,-0.6001447555311169,1.8169619483241464,1.8442523842921337
2010-10-11,0.45495896175570794,-0.6129183844649131,1.925678450628087,1.8970639998203362
2010-10-12,-0.2719171891095428,-0.8459289045133435,1.370812707362173,1.7486336210460807
2010-10-13,1.5635675722431224,-0.6958463907144217,1.78528830143521,2.1188234886442725
2010-10-14,0.48350396036700005,-0.6973074228173378,1.7728207094724375,2.1775983845557936
2010-10-15,-0.8192259652580516,-0.576225911220734,1.5900424867475174,1.868420084798524
2010-10-18,0.42544560738875953,-0.5763163960727937,1.6361053542688864,1.9172185430949218
2010-10-19,-3.175922108418151,0.34445473622662465,0.634002484530004,0.9688830984547889
2010-10-20,0.9031485291915725,0.38260259295995924,0.8220028752576853,1.1651598088853228
2010-10-21,-1.4405828370127085,0.5477994656522887,0.45993533109830315,0.7186594412152334
2010-10-22,0.17830475578222604,0.5459453577021064,0.434112880335555,0.7195207920089877
2010-10-25,0.8371141176265215,0.5784356837210974,0.6352776840730134,0.9041907186778385
2010-10-26,0.0006721532962870282,0.543203561476029,0.4271899169499766,0.8570850484846771
2010-10-27,-1.0664652994133308,0.6252619357870666,0.15972326250971805,0.5265917376152087
2010-10-28,1.2965731939523009,0.7174822365175931,0.4818159206912175,0.8398247406171954
2010-10-29,1.0234310897831558,0.7428505230011733,0.5460721465647226,1.0762881422514745
2010-11-01,-0.5512934755570097,0.7554271086911272,0.5028880794849757,0.8784017632348722
2010-11-02,0.4087724077460298,0.5471756334442641,0.1405518696243497,0.9434214317656158
2010-11-03,-0.7188329135665996,0.5574502339586065,-0.17003907947073157,0.6993205907725651
2010-11-04,3.310321148651283,1.0921860535949741,0.8885656384198942,1.5635201933567076
2010-11-08,1.2556216523728942,1.1215621165678276,0.9603723795325583,1.8553445467605456
2010-11-09,-1.6239896169207684,1.2856277113993797,0.45633762237528197,1.3345999541118923
2010-11-10,1.1869335078245697,1.3342504460198892,0.8089330327436819,1.6057046880364645
2010-11-11,0.2832224951102198,1.2293137208513363,0.4992055785483508,1.6187070546423488
2010-11-12,-2.947624091598083,1.6629503675154425,-0.3115198998904608,0.7478654848917582
2010-11-15,-0.9764403950719538,1.675426860051874,-0.3480048316647563,0.44033769563983033
2010-11-16,-1.122928082802705,1.7107341786320984,-0.7042888861537032,0.10530713537441785
2010-11-18,0.829000831524267,1.2611955003083803,0.22869793800072966,0.29303523992921643
2010-11-19,0.0609716922081145,1.2210442764169225,0.02938894141556276,0.27595715346814903
2010-11-22,0.9410183988677372,1.138854218831774,0.597385278086226,0.4933680263691947
2010-11-23,0.6718566492265834,1.1540046176605656,0.7167964063642702,0.629708047847316
2010-11-24,-0.193461919662496,1.1324093452556443,0.46812434524902974,0.5299804504325165
2010-11-26,-0.8226137384811362,1.1764825253499485,0.271303982397095,0.27389204063865147
2010-11-29,0.27770787219451515,1.104781345569225,0.5934910306063569,0.31571342271391895
2010-11-30,1.3977705563012122,1.118268648980249,0.6179229949142013,0.6591668191700811
2010-12-01,-0.051771593815861446,1.0734781933819961,0.35959831400318654,0.6057298662437623
2010-12-02,-0.15525462567543552,1.0539468867945554,0.4544262469677497,0.5262324027685584
2010-12-03,2.077653032984466,1.2532044123443187,0.8581774982535488,1.056421566069466
2010-12-06,0.7279286409776943,1.220112666347197,1.2136876602097149,1.2117894967083003
2010-12-07,-1.9156734227587529,0.8872779877116562,-0.046573462630099934,0.6427861766368266
2010-12-08,-1.282504392031546,0.8709421924773263,-0.6352842507700098,0.2651435682121983
2010-12-09,0.4069954003026817,0.7429906648755504,-0.16540124721356816,0.346377585753126
2010-12-10,0.007297162341390478,0.647272298218805,-0.43948007377876086,0.3234853974743435
2010-12-13,0.44912940955708724,0.6566440469743061,-0.4011281313166197,0.41872551843230305
2010-12-14,0.07322525509276381,0.06196084485310582,0.30843427158291487,0.41091939230624214
2010-12-15,-1.1146355968657857,0.08534637430070839,0.27550367348253546,0.09118348691143702
2010-12-16,-0.684950636443197,0.019649963892632034,0.3800261983490752,-0.10830827189634495
2010-12-20,0.9442856869608046,0.0339120584434583,0.4076149379937303,0.1348992092033497
2010-12-21,0.1330193919743024,0.03396153079979678,0.4248727854051851,0.16265938111075665
2010-12-22,-0.2219093241588946,-0.019436737433450063,0.1478266532451391,0.08988697339532525
2010-12-23,-0.31135032642123056,-0.0457072503847093,-0.08390312767326677,3.0310706891858026e-05
2010-12-27,0.24465402272835474,-0.04378224627342388,0.019073940620937986,0.06084812688319058
2010-12-28,1.59349095006214,0.07500066613588525,0.5951466340767096,0.47795213352544536
2010-12-29,0.33410033006385464,0.07649893498707538,0.6087592842792484,0.5606673340721243
2010-12-30,-0.5171052265329904,-0.02909340228235843,0.15079463058153958,0.41601186764952597
2010-12-31,1.2031275291889685,0.06977836865432703,0.44992657881954895,0.7316270537068816
2011-01-03,-0.5424605051953961,0.09554297702302814,0.3572269224746297,0.5732379232007302
2011-01-04,-2.4047261844537746,0.1832152716400749,-0.6901507677969699,-0.09122712635360729
2011-01-05,-0.30455897959692085,0.1250412513100214,-0.9248252664766855,-0.17881197458488976
2011-01-06,-0.4247947397299127,-0.11036595440808067,-0.5851834550787575,-0.3032371939967866
2011-01-07,-0.20916274690446357,-0.22740000522949794,-0.33750695216252036,-0.36799583563415866
2011-01-10,0.3810587315295822,-0.22945510654725354,-0.343523315824379,-0.27383192703940723
2011-01-11,0.5648706098737325,-0.19707557021599317,-0.2138420220552019,-0.1332455971679155
2011-01-12,0.38447808997348026,-0.20210574474251664,-0.22891582382161335,-0.047931785831585645
2011-01-13,-1.0682635314628086,-0.1211731067587298,-0.4934607680807441,-0.33802222088179695
2011-01-14,-1.0416453414269975,-0.13292632164232576,-0.4766352134127792,-0.6073298324532279
2011-01-18,0.533711669731635,-0.1346738622593653,-0.19388935433025348,-0.4668515922834339
2011-01-19,0.19479932423785945,-0.21317928858886592,-0.3681880221355172,-0.4143141458751329
2011-01-20,-1.92415475812049,0.0431032113357973,-0.8399375708087721,-0.9111917819675714
2011-01-21,-0.15185810050732054,0.042975512359291076,-0.8240326270348609,-0.9256019666220566
2011-01-24,-0.5347229880205736,0.05135744714590564,-0.8747099275247535,-1.0297820378815619
2011-01-25,-0.22182245377335805,0.03646071196047332,-0.9801765493870842,-1.0602722687734272
2011-01-27,-1.7037228931261115,-0.08599223139184874,-1.7117809658810432,-1.4554037887192426
2011-01-28,1.7974444790611597,0.2265499100678376,-1.3900621993507432,-0.9603880034248642
2011-01-31,-0.3373485743984,0.22312586654854433,-1.3502166181717943,-1.0271915640618767
2011-02-01,0.6910819113925121,0.12929257449753098,-1.4635303327594527,-0.8359509850315251
2011-02-02,-0.2901053149067144,0.12528318147627807,-1.4077576399977327,-0.9035660119907596
2011-02-03,1.3099197620192211,-0.06835639337218627,-0.5702887783103749,-0.5558454374744011
2011-02-04,-0.43141595489059736,-0.06332496936300121,-0.5994049267937731,-0.66116393718416
2011-02-07,-0.007067669338281659,-0.07018672596837378,-0.5033887741902857,-0.6501564286622716
2011-02-08,1.08005401227585,0.03270789853892819,-0.20451480751501022,-0.35458274697974007
2011-02-09,-0.07481115353399617,0.01835047399007181,-0.31063806843084585,-0.36412972993469883
2011-02-10,-0.18765505173421831,-0.013286756883042133,-0.4847653442923777,-0.4069021440681357
2011-02-11,-0.42185872907482996,-0.026078707853994038,-0.6698950114240007,-0.5077424487298834
2011-02-14,0.45258434838264133,-0.07617527147898016,-0.3194657557632223,-0.3725387148208125
2011-02-15,0.7417915061978391,-0.11414118531917927,0.09831781154387183,-0.16374055236210253
2011-02-16,0.07471815460722443,-0.13601495378733827,-0.00991818157090766,-0.13345116410220634
2011-02-17,0.6760462908249903,-0.10282214833209204,0.10357807510886433,0.06603921966719056
2011-02-18,0.25129408630913486,-0.4524513177409451,0.623503856169934,0.15473108457161702
2011-02-22,0.6253159673035804,-0.4404654729513951,0.8120062637803618,0.3311176664963834
2011-02-23,0.868638155375035,-0.45175592644998974,1.1561239653367525,0.563336487539002
2011-02-24,-0.7738574441273761,-0.37690954580945063,1.0201829895957546,0.35344595087563724
2011-02-25,0.6348241882036579,-0.7556013580202945,1.6012414821904621,0.5248196084846295
2011-02-28,0.18129660417677987,-1.0227321069632545,1.1982286898922163,0.5740311966468262
2011-03-01,1.6841852351458253,-0.8406766142115777,1.7033573177719379,1.0302450056076806
2011-03-03,-1.4169016202571236,-0.5423152679016103,1.1768540754100587,0.6300057959188401
2011-03-04,0.8857821625048877,-0.5377679262763845,1.4691813841558432,0.8579078202969506
2011-03-07,0.242834007649624,-0.6447716600503467,1.203758209711572,0.9124196647795967
2011-03-08,-0.2801522145668941,-0.6641754023855907,1.24121089925023,0.8242230241861068
2011-03-09,0.013618595593482951,-0.6653013462340879,1.2463371957521783,0.8162024965499856
2011-03-10,-1.2052238438925111,-0.5404564326983341,0.6863849009306343,0.47803241491065107
2011-03-11,0.3037481889451424,-0.5437190365425103,0.778259418673502,0.5542758959273694
2011-03-14,0.43956854112957644,-0.5508350837148503,0.9312514017586003,0.6744851458711805
2011-03-15,-1.9044386087564564,-0.19232725830056857,0.5711625478319118,0.166773937618924
2011-03-16,-0.04425351396239347,-0.2000452233663692,0.4516803792369683,0.16399612449429535
2011-03-17,0.5119700604823105,-0.220884139361525,0.3966122674513775,0.31583717911981757
2011-03-18,0.9943583844497538,-0.1552650920574936,0.617731966052966,0.5920538140387608
2011-03-21,0.5325173334593009,-0.1665975544229775,0.5830875413521566,0.7268020794772034
2011-03-22,-0.08692451147059911,-0.16452829983512374,0.5016461769570234,0.6898169627889372
2011-03-23,0.900901641091718,-0.13497915576321187,0.5679850476924688,0.9185297989875811
2011-03-24,-0.8232465667505489,-0.11852477238567108,0.16358536203216642,0.673854495840575
2011-03-25,0.006469393091949388,-0.17581782570729024,0.3492513893664189,0.6608110831693932
2011-03-28,-0.5404380809658612,-0.17542896303734834,0.07016784701710552,0.5038438721811105
2011-03-29,-0.260640156968663,-0.17184260895887152,-0.0339306796967637,0.42757615251448433
2011-03-30,0.3099174014293028,-0.42276046667675377,-0.3547154911811044,0.4996908840065853
2011-03-31,0.8319746791497776,-0.5426857832678549,0.1725307827096979,0.7052392532204874
2011-04-01,-0.49511211308793085,-0.5947734391371968,-0.15262245335291957,0.5518318619635865
2011-04-04,0.4363247347801286,-0.5806065148370676,-0.10733215509121032,0.6530114035491938
2011-04-05,1.545276953453856,-0.3693148364639778,0.32428769815375813,1.0431467570188582
2011-04-06,0.2097259663430082,-0.3681191581149674,0.3711275487252731,1.061339337543256
2011-04-07,0.06898277367686696,-0.5327850570204653,0.6777176170327053,1.03704709214722
2011-04-08,0.7812267722525083,-0.49705469529804147,0.7936152465719067,1.2063386912826803
2011-04-11,-0.7345604183188846,-0.43246505756229825,0.5096106970964501,0.9472454878891833
2011-04-13,-0.5422197273301012,-0.8163626648887407,0.8394222162353545,0.7561545775551436
2011-04-15,2.1726500698940097,-0.4377881427989683,1.3858663032880645,1.3067872112043313
2011-04-18,0.582409124128937,-0.4344195470383678,1.403428227817912,1.4154280585681998
2011-04-19,-0.022243939751567937,-0.4762469486736143,1.1511636540800199,1.3520550219230678
2011-04-20,0.36747327347249953,-0.48290864337130474,1.1104503351782888,1.4037177353593386
2011-04-21,0.14139572286305077,-0.4923086620035611,1.166790550401743,1.3884650516981922
2011-04-25,0.06627340697830929,-0.5342106319223292,0.961461057187733,1.3517024035254515
2011-04-26,-0.3563161292998554,-0.6097141221284083,1.076120777841386,1.2041433285931336
2011-04-27,1.8853087017997192,-0.3671188566560406,1.5429410848673126,1.6786189058390009
2011-04-28,0.3923184051706065,-0.4396038406193031,1.7779751580671224,1.7276993275489676
2011-04-29,1.6649260166721307,-0.33865803691738267,2.2701675523611753,2.131133693700062
2011-05-02,-1.3165100424825242,-0.08178607830631285,1.8538171388218643,1.687239237445946
2011-05-03,-0.3751222405932057,-0.05745847027397027,1.5491613740749457,1.5224759031264885
2011-05-04,-1.4666551804172192,0.13432398046495447,1.306614316586328,1.0614207394055983
2011-05-05,-2.947333532730239,0.7850355955155593,0.4800450892687404,0.22407234827523206
2011-05-06,1.2448119573207646,0.7378620892346011,0.4079901904248463,0.5311847429648981
2011-05-09,1.3986723278197948,0.8355435456325995,0.694384390904457,0.8798031960186214
2011-05-10,0.3298439618068396,0.8368603515887768,0.757677760479042,0.9369496656614509
2011-05-11,-0.9457418504806473,0.8780084526880193,0.3417155872188204,0.6424410885221506
2011-05-12,0.011861745353950503,0.8378597774311528,0.5206194069362325,0.6162559007772191
2011-05-13,-0.6790686866004818,0.8495296404070546,0.4877191183618397,0.40584214383305944
2011-05-16,-0.20088747393894946,0.5760799413461417,-0.07580368519257337,0.3368051710547036
2011-05-17,-0.4564160225509547,0.5627149634753295,-0.3182621576855133,0.19375363653456867
2011-05-18,0.5699768585219436,0.5871755496514858,-0.180348541341856,0.3306851564681409
2011-05-19,0.012071419370892289,0.5766200155891026,-0.26321087973687773,0.31747902385368676
2011-05-20,1.2327501972520507,0.6745379976321146,-0.007820889621414811,0.6295307135544254
2011-05-23,0.20793844026742025,0.6768318447159598,0.02553533682956868,0.6605455083707735
2011-05-24,0.4903747311114192,0.6805671056578372,0.2258843723281566,0.7603411001586641
2011-05-25,-0.02896823731441113,0.4534327225074235,-0.22467653799742818,0.7187090971260734
2011-05-26,-0.2647541703541353,0.44261927968059916,-0.3773525554001436,0.6161476874439873
2011-05-27,0.9709976429515712,0.30870332543016377,-0.5375064902997655,0.8388148308867223
2011-06-01,0.11789778576172681,0.20147182477835351,-0.20522441396327604,0.8252232092160406
2011-06-02,-0.29603055725016686,0.19803895662587181,-0.18676368051494763,0.7017510143620185
2011-06-03,0.45805193671154815,0.0492566076019257,0.2670128945557189,0.7892323349763268
2011-06-06,0.15062675302474735,-0.8264696672577899,1.0159994533390388,0.7938521541042696
2011-06-07,-0.06210987168954809,-0.9531310323499782,0.6971953192552113,0.7396391392035344
2011-06-08,-0.4284695527375965,-1.1343629785220897,0.258420356329784,0.5920075419698776
2011-06-09,0.476980840012716,-1.1205527670310882,0.2934580766083591,0.686551500041417
2011-06-10,-0.9025486176511996,-1.1323659311609693,0.30375348094632376,0.40779383177429174
2011-06-13,-1.0118006112376363,-0.9857072631565639,0.06094906621908883,0.1051934114721327
2011-06-14,0.58476432736186,-1.0167287475637725,0.361081014820773,0.23067392312032442
2011-06-15,0.2798836003683408,-1.0233488337180654,0.47625329504200303,0.2739647106416469
2011-06-16,-0.12284828472795231,-1.05838261028948,0.5564880147465165,0.2130664592041253
2011-06-17,0.6265755260348289,-1.0513117203618478,0.570128562772078,0.3495487694245776
2011-06-20,0.037740352822308185,-1.0519873336857817,0.5763174437526867,0.32822581517260596
2011-06-21,0.4629867962239404,-1.2097595473605356,0.391413430571008,0.42823702107839307
2011-06-22,0.13015849359472165,-1.2116610932617986,0.37280907420701664,0.43800307370462416
2011-06-23,-1.7923487748648905,-0.8156009426888786,-0.16680383328600348,-0.06218069599665508
2011-06-24,-1.4338994266000284,-0.6139395646556345,-0.4928416666986063,-0.447167622657541
2011-06-27,-0.38515307315809716,-0.6084989857459513,-0.5205696733703946,-0.5538572467202184
2011-06-28,0.32700188085632953,-0.7127232053437417,-0.6683169415851261,-0.47728766366698655
2011-06-29,0.6182635654304819,-0.6601351868246946,-0.5536041722789349,-0.3153734426453368
2011-06-30,-0.8269510573600096,-0.6124174450100462,-0.6753032664618284,-0.5284060923320484
2011-07-01,-0.7575882362010907,-0.6177156125671706,-0.9515335145535279,-0.7178237438942209
2011-07-05,1.822999330299633,-0.25717785053704895,-0.5706486490826654,-0.234943710299258
2011-07-06,0.8407733024741412,-0.18241170514093996,-0.36235187536078434,-0.012001459421346068
2011-07-07,0.13873923421830514,-0.19066846505117685,-0.23053035092671176,0.02298509028984529
2011-07-08,0.7123304406468018,-0.1656437241289954,-0.17561425484927926,0.20708104071857145
2011-07-11,0.8653619866280257,-0.17459473520973054,0.24106652851260546,0.439637172591933
2011-07-12,0.7529137200122864,-0.243466728793628,0.6644082046338015,0.6411686230874419
2011-07-13,0.8702419838183231,-0.21524001580000632,0.733597133816212,0.8811332542295008
2011-07-15,0.6628671609629139,-0.1955000305579305,0.8267286660422136,1.0538541953581633
2011-07-18,0.8563391467385946,-0.16836184085478462,1.0664699260167692,1.274870232750058
2011-07-19,-1.2492556279378502,-0.018902683573844354,0.6092473456847067,0.905808346705756
2011-07-20,0.8529797926166464,0.01838704289361904,0.8069034149069702,1.102746263328799
2011-07-21,-0.7876459690767003,0.07690321517209561,0.5043440113255401,0.8540490155282857
2011-07-22,0.8072054657296402,0.11174988461416092,0.6676686571681871,1.0522157884974577
2011-07-25,0.7559195604130494,-0.18195279115397098,1.2924023715491109,1.2347918485153278
2011-07-26,0.2505941925669237,-0.4539256272992924,1.7142026034596687,1.2693195123879102
2011-07-27,-0.39042798083644153,-0.45318205069920015,1.7128706326189482,1.1263132130683173
2011-07-28,0.06040089818839897,-0.44533014375822144,1.645642481394424,1.1058649820497548
2011-07-29,0.5922343960845949,-0.4466230120728807,1.6390883678406916,1.2299517948239718
2011-08-01,-0.38287155364282494,-0.5284749459758217,1.751141193775668,1.0806174759683926
2011-08-02,2.3577599349397613,-0.3197408507845416,2.551376251365219,1.6933898202604993
2011-08-03,-0.04081249519821574,-0.4632767571958794,2.069627816879118,1.628344078947544
2011-08-04,-0.5498167300388123,-0.39912330019750003,1.7160007825981483,1.4292694529200916
2011-08-05,0.6661450062196791,-0.39595791767904237,1.8495413583879452,1.5725169598621649
2011-08-08,3.242722764746291,0.23018656410160346,2.5001343410729295,2.444832056667378
2011-08-09,0.8650981693965443,0.23017307720367783,2.5000656486323503,2.6285018050530846
2011-08-10,3.456112793978657,0.7719590529520803,3.2135234390239478,3.567400743578517
2011-08-11,-2.2397917617319045,1.2130595538148021,2.394349883198355,2.8184187965799077
2011-08-12,-0.4799509547788311,1.2578474477317474,2.099680595597296,2.6059214354086455
2011-08-16,2.2743638297833058,1.4187502612921268,2.4658150667013237,3.1953015083727565
2011-08-17,0.2647399219691707,1.257050563946984,2.8625046376095127,3.187584340163848
2011-08-18,1.8514653578511602,1.3351393859718204,3.127429773454057,3.6487778949074063
2011-08-19,1.224328903716784,1.2380703446923833,3.669366624754098,3.9147035853035894
2011-08-22,2.522749768335121,1.3972252843996065,4.140151902513525,4.568116235376668
2011-08-23,-3.841941274691869,2.3372051020924376,2.8963568475492583,3.285871008689912
2011-08-24,-3.468177289434989,2.9442875812073397,1.9313861649274184,2.18187628670684
2011-08-25,0.3904067044387565,2.9202189391613564,2.13103560167482,2.211404331266162
2011-08-26,2.898445000988231,3.119744874504088,2.8699641275949466,2.9646649580021722
2011-08-29,-2.0594571077803536,3.3506131515894473,2.1789145167094977,2.272291784604985
2011-08-30,2.9289512144388157,3.5166322387751223,3.0448675993985206,3.032008976358986
2011-09-02,2.2622678229591093,3.505818617663098,3.019495211239059,3.596111348486592
2011-09-06,-0.20791199719450737,3.5139337762017298,2.975154909500114,3.4157289066081273
2011-09-07,-3.2549959093405874,3.9379924847703833,2.2675454212917585,2.35713676549781
2011-09-08,2.6129649980734637,4.073168392333572,2.774851114107759,3.0236368654973527
2011-09-09,-0.6344464496518222,3.871596269259117,1.7741923484570998,2.7233692408407846
2011-09-12,-2.2769802266592336,4.065575522259028,0.9912461427559632,1.9562463813894153
2011-09-13,1.0303232471833614,3.7478141761238755,0.40339624001135915,2.1449632056574495
2011-09-14,-0.7697158669107426,3.592031690373268,0.7579404297090678,1.8208592299277688
2011-09-15,-1.6201338111052204,3.680264281056975,0.4825047819584299,1.2733132266775515
2011-09-16,0.9077524948033515,3.544182333865675,0.15648308471952121,1.4335696430368439
2011-09-19,-1.5789982597942547,3.623001379544552,-0.2763596017711737,0.9016047753688675
2011-09-20,1.3924338244708137,3.572095168399075,-0.3828880434432462,1.20243406269491
2011-09-21,-1.2755444000137646,3.553262190267604,-0.9545308494577925,0.7713297848980004
2011-09-22,-2.67155579541124,3.464069408590893,-2.0975636990548154,-0.014900483772326268
2011-09-23,-5.647586465771381,3.9578873325381903,-2.4811963833652024,-1.5123561269945056
2011-09-26,-1.4207722089043233,3.7059112512962304,-2.0456706788749037,-1.8822095619626418
2011-09-27,1.8941741285641445,3.8551178767629066,-1.7200582737117114,-1.4225730283367841
2011-09-28,-2.8051836113359645,3.648947883984642,-2.92955168162089,-2.1269283529053187
2011-09-29,0.9203729384693593,3.651992912219976,-2.306269972039711,-1.9000507315913102
2011-09-30,0.20570461080382493,3.2589198558125823,-2.8766109178763815,-1.8474987176622284
2011-10-03,1.795295866056909,3.1710322894042857,-2.9728597904787866,-1.4076615611188796
2011-10-04,-2.1057726931531846,3.2295507358277735,-3.359438997700379,-1.9373431779840982
2011-10-05,1.1253075203380574,3.102953712210462,-2.4559999395447214,-1.6634636040999637
2011-10-07,-0.19794328351977591,2.7242919942135195,-3.0402918849977403,-1.7168060422953733
2011-10-10,2.5139120996767104,3.0847764644174,-2.384744557872148,-1.0889560555207498
2011-10-11,-0.7411961917498866,2.971625587178681,-2.0573955039626677,-1.2866915000374564
2011-10-12,0.6905792880234146,2.938715248007168,-2.13024501235803,-1.1221769243849642
2011-10-13,-0.6118040687092097,2.936099219332862,-2.0964156098979925,-1.2885289615389541
2011-10-14,0.6530043343978799,2.9228997254208178,-1.6034739282681874,-1.1307598153297471
2011-10-17,-0.5005887195059056,2.8616368562881433,-1.9101997384700353,-1.2683469948482855
2011-10-18,-0.5028886010825823,2.809269559791288,-1.6762213179497494,-1.3920363642476763
2011-10-19,-1.2465722452676296,2.7083156726397477,-2.2455660434075266,-1.6971905056783456
2011-10-20,-1.3440844515195873,2.7125815301411618,-2.2601536985125925,-2.0192608088763784
2011-10-21,1.0805048040965275,2.5993711862075535,-1.4466910443674375,-1.7371657665305096
2011-10-24,0.9133829625264644,1.2960198799274851,0.051233352561190715,-1.4827123429917608
2011-10-25,2.775479799139369,1.5329011397838335,1.0621233437261781,-0.7532802169335188
2011-10-28,2.3815619794202028,1.6231403703097957,1.182310827205155,-0.1023477149917508
2011-10-31,-1.3751056948748772,1.2818243998995098,1.5383621284468683,-0.4513233138894174
2011-11-01,0.0016540631743467752,1.2661346101733473,1.3090409841940245,-0.4369221374277561
2011-11-02,0.9761314940926554,1.2900830577749884,1.5012042277580824,-0.15641296380392147
2011-11-03,1.5384130923191999,1.253371873206369,1.4369667583670551,0.2723429772227049
2011-11-04,-0.5300044567352445,0.9666385195124785,1.8336236494742515,0.1568648619300512
2011-11-08,1.53370364275496,1.0101515778354644,1.9374505811354092,0.6014705492681802
2011-11-09,-0.8668801026035996,1.078596626859513,1.767607413854983,0.41092472738216695
2011-11-11,1.069806575167887,0.8372288828175524,1.4048009736481433,0.7225655314883255
2011-11-14,-0.45994812356419223,0.8070452249175357,1.4750493109457237,0.5970254858879446
2011-11-15,0.07006463326454554,0.8005888310661503,1.3203237188291688,0.6191242214164839
2011-11-16,-1.0947813065852539,0.8646708588112842,1.2005560690562223,0.34517433408348014
2011-11-17,-2.6263144487109535,1.2853911179969122,0.4024819925213994,-0.33283960644359395
2011-11-18,0.2883574313319272,1.2675358640185055,0.5920997785491724,-0.2139366346851361
2011-11-21,-2.5100941220660764,1.5891319023450494,0.11260547240868761,-0.8075519288945123
2011-11-22,1.078351926823254,1.550316504472952,0.6688849466874472,-0.4637828129674822
2011-11-23,-0.3129339098233807,1.4479804967218977,0.9197778743976704,-0.5018031520075059
2011-11-25,-0.8933147155612559,1.458611678464895,0.4417741541988364,-0.6727049606792319
2011-11-28,1.9345944699911182,1.5897185989016909,0.6879044901622496,-0.10995717444980634
2011-11-29,0.12762848458749873,1.2213611192160605,0.05488000656183578,-0.03826008273928869
2011-11-30,1.905922590013243,1.1113995565540769,-0.057065763491165204,0.5117214850598848
2011-12-01,-0.31647503811147415,1.0095701494118,0.19282046218246543,0.45623864011740217
2011-12-02,0.08966735329958767,1.0095479797588163,0.21371509758098411,0.5019441282068686
2011-12-05,-1.5048582351687845,1.0794952116335528,-0.3682871845385514,0.12756215739268026
2011-12-07,1.212814923226449,1.0266096099210293,-0.4436009455552668,0.47590818169435595
2011-12-08,-2.061136290142212,1.221916011390738,-0.7944949015197622,-0.04412952564035502
2011-12-09,0.2303967357322148,1.0687337509368968,-1.0889722857971156,0.04712286203371417
2011-12-12,-2.7073667210502994,1.3649627573114422,-1.4983386146782318,-0.6434531348240846
2011-12-13,-2.231091618464858,1.4235474332028761,-2.2139170075026415,-1.2120813747227384
2011-12-14,-3.593133141613666,1.862237080281171,-2.871625203270976,-2.0978390881480906
2011-12-15,-0.38907334931961607,1.8413399078898558,-2.966285945277782,-2.1636592184456944
2011-12-16,1.8630133195062757,2.099258463211542,-2.3487849463415182,-1.690555551413796
2011-12-19,-0.2543530540535259,1.8935843621072665,-1.8402172775058023,-1.7402852130155888
2011-12-20,1.3305572867023232,2.004176927796915,-1.6129169521953202,-1.3947624536860652
2011-12-21,0.0923229105074155,1.7864077854770128,-1.0348835103840028,-1.353791657607776
2011-12-22,-0.7372219151960686,1.712330052946576,-1.4397323062713554,-1.5306074884981
2011-12-23,0.1505863120062074,1.721856835479668,-1.3370713865347044,-1.477066074984281
2011-12-27,-0.9216422913366132,1.7235089890147073,-1.3433590718747759,-1.6913015937590936
2011-12-28,-2.5580136354956458,1.685458213838231,-2.3183402468736696,-2.2849929907211655
2011-12-29,-0.4800082089369661,1.6650568800193748,-2.4468769658599605,-2.3621422711297653
2011-12-30,1.068944948553149,1.4978140708576164,-2.6226530263831824,-2.059211829126881
2012-01-03,2.5297641242629787,1.9331598472366556,-2.0188502330119507,-1.3981979502567117
2012-01-04,0.4829900630556825,1.9585237657648673,-1.9340503524229384,-1.2482562841291625
2012-01-05,0.6580019094461149,1.948143156677238,-1.4617314681304496,-1.0581271204046236
2012-01-06,-0.39040461537655574,1.8367032269357801,-1.8128159931298828,-1.1383434315394763
2012-01-09,-0.4683856919212075,1.7018334470208991,-1.464042343309123,-1.2422820043746485
2012-01-10,1.335466979777273,1.812475399627692,-1.2187728594426854,-0.894809088335988
2012-01-11,0.6247175976361767,1.5384376970892526,-0.46259185882103593,-0.7267332103272667
2012-01-12,0.4212991810014063,1.3029543197809335,0.15761879621089475,-0.6084854385987752
2012-01-13,-0.7228166530492243,0.5517764647524749,0.8475883609065753,-0.771539679313732
2012-01-17,0.7530960316765752,0.5475956753909553,1.1277017751172602,-0.5389980344516943
2012-01-18,0.6605608608439291,0.3794114822677357,0.8328928556199421,-0.3399371615769848
2012-01-19,-0.2575967835000563,0.3796040411786763,0.8321023667988406,-0.38224390098191646
2012-01-20,0.503435846798795,0.2925932653152058,0.6313697565009699,-0.21976289007569333
2012-01-23,0.6478359229336558,0.3096515029491068,0.7660029757701708,-0.01233255186126949
2012-01-24,-0.7293477143259228,0.3086619188366492,0.7679167367598339,-0.17246226415171398
2012-01-25,2.66256112249418,0.6968799076935093,1.3861914063782133,0.5779397253886303
2012-01-27,1.4979166726228248,0.6778964108602006,1.9965902304426473,1.0089658990840313
2012-01-30,-0.5799311987070914,0.1342105514710503,2.5067083780288324,0.8742655119601328
2012-01-31,0.7363935830520404,0.05838445391880584,2.825449425177697,1.098948340325157
2012-02-01,0.12525791680494566,0.05130297361061881,2.5778325453124427,1.1533907932984568
2012-02-02,0.8523848331366467,-0.28046106658669734,2.143428743409265,1.401129462784529
2012-02-03,-2.035308295578627,0.18288354784280242,1.5047798164382644,0.8359570624110313
2012-02-06,-0.29693440024013223,0.198247791320916,1.2667808213043683,0.7614742223139949
2012-02-07,1.4733878185934335,0.25933968369957006,1.7334155844775436,1.156272833338087
2012-02-08,-0.7316565113284819,0.294846677731098,1.6669720524449672,0.9472240046548875
2012-02-09,-0.30742277840576576,0.24639634771195507,1.256273979595652,0.8570955483741141
2012-02-10,-0.5472017590921618,0.2791824397642314,0.9674087122143822,0.6992155085658
2012-02-13,0.19880878061282936,0.2757430246238675,0.9129487188538753,0.7572125181532967
2012-02-14,-0.2552621056844378,0.22933190665282963,1.0275346290608676,0.6921070621624704
2012-02-15,0.56821066108498,0.2174293095002651,0.9821597841826591,0.8622127459023821
2012-02-16,-0.0876780484875331,0.20705376873358755,0.7993805131803687,0.8496539267745442
2012-02-17,-0.409770987187479,0.21809982178565113,0.7623746219262814,0.7508854919256747
2012-02-21,2.1463664253868444,0.47222604112494493,1.1648988863902618,1.3434078932328102
2012-02-22,1.0938169572393033,0.5082418320673866,1.2753123887784124,1.6475292540433222
2012-02-23,0.02399038866141818,0.4444405935681997,1.462942062065238,1.635948851126262
2012-02-24,-0.47974212435615743,0.05713359766417979,0.6895721076985446,1.4854724062734075
2012-02-27,-0.33034676323434226,-0.08086695018735363,0.25066841671612655,1.3644790143655803
2012-02-28,1.014547263154562,-0.05026365229198078,0.6329997109476918,1.6059747081094562
2012-02-29,-5.469181739465349,1.685571739892668,-0.8212945120401157,0.058964881420670266
2012-03-01,1.3795695301303075,1.7907788171647947,-0.5345772727293464,0.3912873783324206
2012-03-02,-0.18438097665396888,1.7453714469166308,-0.771824242277753,0.3101552599028266
2012-03-05,-0.43778771279071116,1.5752020261609638,-0.40522868387025895,0.1618335291195674
2012-03-06,-1.8185765716500901,1.7121000981987937,-0.7545440293269156,-0.33784635576629135
2012-03-07,0.5475546130056596,1.6066482437144298,-0.9644954940401099,-0.20731935180426045
2012-03-09,1.6438755676935821,1.7426307718086391,-0.42186435324420934,0.20640092099076773
2012-03-12,-0.8124588571739838,1.7644407572100054,-0.5383089918596281,-0.0353023804658685
2012-03-13,-1.714018254891822,1.870970842132124,-0.8050993369840492,-0.5090704030416735
2012-03-14,-1.718074211611084,1.9647030252210744,-1.2366869996565832,-0.9791144353845627
2012-03-15,0.9192940257720882,2.0237882238465428,-0.9732173594769669,-0.7682836528760552
2012-03-16,0.1141979029369626,2.0013938603845207,-1.0754260623998682,-0.7621276536852718
2012-03-19,0.15732200776695388,2.0069757963369783,-1.0203285833713622,-0.7331651390338313
2012-03-20,-0.9295749396537736,2.02714453757731,-1.1370655976626174,-0.979904585231453
2012-03-21,0.02768809507558841,1.7617700300827719,-1.6066465102554357,-0.9745902460543118
2012-03-22,-0.42239073040722713,1.6583310365276183,-1.9366393752260012,-1.08537070871087
2012-03-23,1.1981773456988714,1.769823388296348,-1.6815228952389403,-0.784699528216192
2012-03-26,1.7383474423698724,1.9598647865487884,-1.1913431584189738,-0.33994670173593605
2012-03-27,-0.7301066934660675,1.9693291713575976,-1.280492191604962,-0.5383917888581315
2012-03-28,-1.08735360410906,1.9145093643193294,-1.7434093562385204,-0.8208556513871257
2012-03-29,-0.16470307205435572,0.44691733648626913,-0.5561837535203736,-0.864270512660588
2012-03-30,0.49706868131891846,0.31746297992391215,-0.7580954266994749,-0.7340075481414713
2012-04-02,0.4821218721699663,0.3443900594072062,-0.6057678561117107,-0.606128639799618
2012-04-03,-1.9112346537582305,0.5437645851349396,-0.9411665092365521,-1.093349427969101
2012-04-04,-1.712055251853443,0.5220571414572271,-0.9170846370999425,-1.5102975378390495
2012-04-09,1.341915702303414,0.6358195843658931,-0.7366874913418666,-1.1502963013820238
2012-04-10,1.0570909439119758,0.5216885662686714,-0.870082873754726,-0.8683976729497441
2012-04-11,-0.04086090913502367,0.49517079410995374,-0.6945109628571801,-0.8564276549057797
2012-04-12,0.9843224240525866,0.3914578599453233,-0.06975536702801767,-0.5733932458685677
2012-04-13,-1.1654471080318811,0.28074027307969557,0.06028990836517263,-0.8496424442601858
2012-04-16,-0.2649219339803659,0.2234514764408966,-0.21750442049612007,-0.8848586405397278
2012-04-17,-0.15316552221712734,0.22234470122596495,-0.27976870114149294,-0.8895369950690691
2012-04-18,-0.610367179071942,0.23916592407984155,-0.45762736675959415,-1.0050113650087287
2012-04-19,0.053025304472961644,0.18663926798671818,-0.22973279626952323,-0.9596953573162994
2012-04-20,0.04670630441488646,0.18686380314401319,-0.2252997662519861,-0.917714601754447
2012-04-23,-0.3171721486124742,0.18180189716683398,-0.20075870297865564,-0.9605989374930375
2012-04-24,0.12219297666162386,0.06526615967272169,-0.45050571542397283,-0.8940292763240862
2012-04-25,0.17836400014332204,-0.20805837651366973,-0.807853314312935,-0.8151726152751881
2012-04-26,0.8569452095394365,-0.15640097600842823,-0.444255753355632,-0.5655107564755352
2012-04-27,0.19480506333941922,-0.24065179830864644,-0.14626524399269927,-0.4885990282792447
2012-04-30,0.2870054736842061,-0.2347310365178483,-0.04036849833630501,-0.38993175805093605
2012-05-02,-0.8220710124186376,-0.20635482420786996,-0.34828550006431264,-0.5766320858430741
2012-05-03,-1.0358181049883946,-0.1630857124081474,-0.6976154982083739,-0.8129009544418101
2012-05-04,0.2916863770192031,-0.4437068348731223,-0.18890263181537484,-0.705700281555839
2012-05-07,-0.2670245687126551,-0.7329289741725803,0.15093371503925426,-0.7313342670167339
2012-05-08,-1.9767385842559402,-0.5462054800873657,-0.6222827673666538,-1.1836365733796226
2012-05-09,-1.00753710962017,-0.631977288693425,-1.090530072464883,-1.3771540943849245
2012-05-10,0.17171984604170173,-0.6191768021741415,-1.0427631996641678,-1.2724762930481242
2012-05-11,-0.806873633513279,-0.754360908107025,-1.4420847016602554,-1.4153417792382146
2012-05-14,-1.4846201442129678,-0.6849555774175327,-1.5124917375285956,-1.7156445772721824
2012-05-15,-1.078144898309304,-0.6298112610701933,-1.6908695183215139,-1.9346603967792149
2012-05-16,-0.20934884503269247,-0.6319921638070596,-1.7031396395448541,-1.9279585736905538
2012-05-17,2.1871516945480605,-0.07981823881769916,-1.0837224269936219,-1.327706352508395
2012-05-18,1.116169545247872,0.05210061402039944,-0.8437417206584187,-0.9994152391779112
2012-05-22,-1.632824405465977,0.1959487667167864,-1.2216933749321044,-1.3787383675416165
2012-05-23,-0.3250818429207071,0.19601704846067097,-1.223458345573713,-1.417458707676156
2012-05-24,-0.160793956918303,0.18571231454002746,-1.2865123158403975,-1.4048028937378207
2012-05-25,0.8127645118312982,0.2548910862610667,-1.1449089772809662,-1.1512216423747768
2012-05-29,-1.1150802269348592,0.2082298837328222,-1.5821523593619036,-1.3944675936495807
2012-05-30,0.5651631415944826,0.24627300752700118,-1.5006919351416839,-1.219615193289733
2012-05-31,-0.21327316833045817,0.21940714749418042,-1.6106570173096693,-1.2379184018463019
2012-06-01,3.7813442699358037,1.191013874989681,-0.5777205176061714,-0.23162073841350153
2012-06-04,-0.136553636204635,1.1434687252151354,-0.37032624847566253,-0.24765912268276113
2012-06-05,-0.13669420208704414,1.135886939301335,-0.4693548848243445,-0.268031802786398
2012-06-06,0.02228276216986804,1.1348216522514345,-0.4025223101610677,-0.24606811120816874
2012-06-07,-1.7605293313654702,1.0923364899094976,-0.35244960775321965,-0.6879471166158488
2012-06-08,0.12646214857221097,1.042197282687195,-0.08804157111370359,-0.6263616073886363
2012-06-11,0.3839629382245215,1.0489836554097132,-0.0382199946609385,-0.4892957684824948
2012-06-12,0.6830715710536414,1.0330059170979695,0.3145207099909036,-0.2797027066251268
2012-06-13,0.39855932750216366,0.8906765333151002,0.7679466838979812,-0.15268108317273132
2012-06-14,0.3777963500038482,0.795674952944528,1.1244052762923582,-0.03355457877533995
2012-06-15,0.03477145513824725,0.7859579105216562,1.1846831917490412,-0.003613460725548998
2012-06-18,0.034738955678563645,0.5405174890636145,0.6582502847374103,0.028862971281513262
2012-06-19,-0.5108302492251134,0.4979515520302044,0.2677765274072473,-0.09289590109346808
2012-06-20,-0.7820727805292679,0.35025367618382813,0.4711608695670085,-0.2913400847716684
2012-06-21,-2.5865771989125426,0.7868956221509769,-0.06569042295412961,-0.9397904196630645
2012-06-22,0.3846338103720711,0.7939249960038413,0.06267830396792548,-0.8059498005698871
2012-06-25,0.7085918833834497,0.7846042889897766,0.038106696162345785,-0.5902618814345818
2012-06-26,-0.7661819375668886,0.7439857731333396,0.12050354048023201,-0.7513253916286495
2012-06-27,0.11521837036673063,0.7263603990822082,0.01429691642146053,-0.6885147870825733
2012-06-28,-1.193395395268709,0.8077242816757902,-0.21540660733727637,-0.9620294565161824
2012-06-29,2.6808138319543384,0.3422668002006927,-0.47065934015932526,-0.23503114083735382
2012-07-02,-0.08668508587545906,0.3421511433710605,-0.4591537028233162,-0.23775109844272946
2012-07-03,1.4938621059209882,0.5027212149415208,-0.07977345483333997,0.17585978666684265
2012-07-05,-1.1587717688798114,0.5832568141686711,-0.3551855259136385,-0.11644670363669624
2012-07-06,-1.2953167555683585,0.4946923972001446,-0.24709007861257354,-0.4365875594581704
2012-07-09,0.1921383417529077,0.49646685783686606,-0.23178918748612082,-0.3619267318689224
2012-07-10,-1.256390425159105,0.571153961199185,-0.6109562157286809,-0.6617827029545013
2012-07-11,0.5281552087567295,0.5564861884726245,-0.6464445799834794,-0.48982738897225464
2012-07-12,-0.2839632493150441,0.5380671398354852,-0.8021441645491532,-0.5288873365201056
2012-07-13,0.9881029689777766,0.6035639094606076,-0.6629690851641785,-0.23482778483795913
2012-07-16,0.023149180899662856,0.6033170264906472,-0.66562738697056,-0.20073458553541854
2012-07-17,-0.5031132032822251,0.6089290863455915,-0.7883100107510045,-0.30973811579463295
2012-07-18,-0.29619902191514824,0.6022955116328377,-0.7394323382529389,-0.36034438157843257
2012-07-19,0.1930717813732284,0.5818843904996059,-0.5160377516514374,-0.2835728611372034
2012-07-20,0.1665854032163044,0.13796105186535768,0.12657009347634193,-0.22528014840633614
2012-07-23,-0.4394560769852033,0.1426746305334383,-0.06763764224750413,-0.33123128575336847
2012-07-24,0.2973440937042575,0.11059713342856489,-0.16395647922611312,-0.2419793612874629
2012-07-25,1.3680585480320042,0.19812425210393686,0.3402420583414222,0.12334481981548864
2012-07-26,0.6816719558104695,0.22334900308827083,0.4758800208450334,0.2948103257538563
2012-07-27,0.46755486137282165,0.09866206634600584,0.878056129172625,0.40057973323115914
2012-07-30,-0.09206982607835042,-0.44809351973359035,0.21035069892162186,0.3534412430389623
2012-07-31,-0.6209239565246919,-0.40908927717295096,0.08382122394152086,0.17806366146169555
2012-08-01,-0.8883871353362516,-0.5647849893637872,-0.472234186872658,-0.05719786289338905
2012-08-02,-0.6751839337958548,-0.6468795200907504,-0.3604263685037078,-0.2387234307355977
2012-08-03,0.8945424859470837,-0.732095708511062,0.15270486181163279,-0.007151283310831262
2012-08-06,0.4586030033416363,-0.7158432321821281,0.215913854104024,0.10525460075992522
2012-08-07,-0.03503928733382009,-0.9182078367981665,0.5078004475110878,0.08926896614226126
2012-08-08,0.10560665326310528,-0.9403901894967853,0.4064132811688831,0.10473809053879612
2012-08-09,0.30304807713484855,-0.9541931533077729,0.5473779861012988,0.17488590706900486
2012-08-10,0.09866270282693657,-1.0551788904209527,0.3341105373510506,0.18820287268535818
2012-08-13,-0.7819660041239292,-0.9657240327838902,0.1426916957556793,-0.011318550294895223
2012-08-14,-0.5749095439333635,-0.9555383086348466,0.12569662370436988,-0.1517773864344241
2012-08-16,0.8950415074105237,-0.8868750696615872,0.4092627462398355,0.09639684321235642
2012-08-17,0.07987065253762202,-0.8881702194308218,0.38217051461752205,0.12564693944728048
2012-08-21,1.314694408882234,-0.725138980873753,0.6583729509955759,0.473649262311351
2012-08-22,1.0482753427608735,-0.6854365251138901,1.021029922869402,0.7472102144445004
2012-08-23,0.8148869202141382,-0.6499439498103944,1.1484594474653387,0.955935632522689
2012-08-24,0.027145390756262794,-0.7915013275175572,0.8196542361294642,0.9499617069750657
2012-08-27,-0.3994470765997887,-0.7895788668520746,0.5577458840021686,0.8301445781961728
2012-08-29,-0.5004290548225756,-0.7649186262937901,0.32563657596953666,0.687973585633133
2012-08-30,-0.06582376662251271,-0.7658095467374738,0.3319004240188498,0.6664914239270673
2012-08-31,2.2558670637726714,-0.37893099142216047,1.0285370339073476,1.2781518137057517
2012-09-04,0.13590091926872658,-0.49853907924217666,1.281455656810465,1.29624595962174
2012-09-05,-0.12561910256858735,-0.5725895419338307,1.4182269509738739,1.2371078529172725
2012-09-06,0.33001376994446363,-0.6101793429841553,1.2777420700036772,1.2898770404446458
2012-09-07,2.1071757136312357,-0.30582308161791977,1.6902295089580728,1.8378670688913612
2012-09-10,-0.7071064085563828,-0.22320087241964026,1.521250677030186,1.5928430709805543
2012-09-11,0.3416126357214284,-0.22725666352857202,1.5804606346634644,1.641104921434396
2012-09-12,-0.010334077728861298,-0.21783903142214917,1.501868695668346,1.5899222800732273
2012-09-13,1.9758244364297743,-0.010156906783575984,1.9763383388200664,2.0897678208349695
2012-09-14,0.2632904242208294,-0.1266376639553269,2.2444237448547684,2.11165847722878
2012-09-17,-0.8402260642809587,-0.07647497700087333,2.176110183076725,1.8201455200505507
2012-09-18,0.7491754566301342,-0.08539595867186885,2.1386298351144952,1.990425785278902
2012-09-20,-0.16788907168619233,-0.06632753144193328,2.0750930628013156,1.8913071568653073
2012-09-21,0.2630243635687428,-0.1326759705337644,1.807143376348391,1.9075287670802517
2012-09-24,-0.5526736977063448,-0.10983406027577547,1.4046192128612003,1.6944606341834074
2012-09-25,-0.18601956705055744,-0.11715966071872408,1.1562181482725713,1.5815162498928836
2012-09-26,-0.5858125460369255,-0.06658895541767398,1.0053200035959697,1.3624419116510047
2012-09-27,1.4561909610109949,0.012035128532592582,1.464995507225943,1.712625444011787
2012-09-28,-0.2836114615510981,-0.01185578727831854,1.5192640536879418,1.5753608894627686
2012-10-01,0.21011450159849102,-0.02282641792079179,1.5885006973544677,1.577821393962886
2012-10-03,0.047365485822630934,-0.34854266238996895,1.0396772919378507,1.531155773331929
2012-10-04,0.6711358694629124,-0.3322505578884893,1.1715747550522604,1.6564268074114727
2012-10-05,-0.5939392283594535,-0.2827441352928118,1.0561284524229728,1.426887589649404
2012-10-08,-0.35288458498205755,-0.2566732261974156,0.8887524934291052,1.2700461958098217
2012-10-09,-0.6400497499577279,-0.5693221652268692,0.22685105522194166,1.035417024004315
2012-10-10,-0.10998404107993341,-0.6270928448266313,0.3691753208481381,0.9520941226838339
2012-10-11,0.25824305940423076,-0.6308640840371635,0.34925306414866564,0.9771114707202572
2012-10-12,-0.7601962871718249,-0.5631192367489194,0.17080843173088758,0.727792518138014
2012-10-15,-1.0325313929138165,-0.8936154833261459,-0.5317834158886098,0.41461302360562063
2012-10-16,0.611117247679439,-0.8496223623108441,-0.45162637355582286,0.5480646562299781
2012-10-17,0.04853526323015217,-0.9182606328917999,-0.24553915717963207,0.5241773839440794
2012-10-18,-0.4654564382155241,-0.9840468210213751,-0.5267318172526492,0.3581141271946235
2012-10-19,-1.1060094218847447,-0.8689500864814248,-0.7415844276700839,0.02299269046089551
2012-10-22,0.34230868398845193,-0.8604849789393842,-0.7235042678263227,0.08210954165968222
2012-10-23,-1.31310527071318,-0.7298685724321596,-0.8963252886789193,-0.2927017234779334
2012-10-25,0.3336605795597726,-0.7018305935963776,-0.7783614109095609,-0.2291599107066808
2012-10-31,0.4643049809741323,-0.68476076428151,-0.538112074433323,-0.13248236652258713
2012-11-01,-0.4786883744928141,-0.9723855542569759,-0.9788303958690604,-0.28317390438176765
2012-11-02,-2.1331854380707553,-0.5789517176770935,-1.3922183952513933,-0.8552959857427346
2012-11-05,0.3643307202457023,-0.5609338453280426,-1.3580419056685356,-0.7771753674531029
2012-11-06,1.840475880132703,-0.17196624775663252,-0.9567687258070826,-0.32216536230509424
2012-11-07,0.09190699320101363,-0.23076289668008435,-1.0871799142078986,-0.32334157158291377
2012-11-08,0.8743886443318406,-0.1477494667149247,-0.7551155576860403,-0.12026824190237262
2012-11-09,-0.12345807174866748,-0.1510155997948191,-0.7027884385055648,-0.1759198508631799
2012-11-12,-0.24289696939402683,-0.1712006622999139,-0.6119223035763844,-0.2566339712307549
2012-11-15,-0.8374813675456994,-0.13147275126514432,-0.7780947285898044,-0.4858475080292849
2012-11-16,-0.1487156397782195,-0.14681858521741223,-0.8705247391842377,-0.531429984247167
2012-11-19,1.1698907705058534,-0.040273848794067965,-0.42879717138800755,-0.23623006842688926
2012-11-20,-0.3084945693073947,-0.11045723297168394,-0.26087900941019976,-0.3337685138117515
2012-11-21,0.07923006916870368,-0.14628629363684845,-0.3843524311414573,-0.32899977976970846
2012-11-23,1.1933861774334678,-0.022297433562635905,-0.11776711772826312,-0.02161289189719755
2012-11-26,-0.12839669584455848,-0.037511907227859326,-0.038697258935630766,-0.06580943898028349
2012-11-27,-0.44795864607661706,-0.12142476547967426,0.11644339285344363,-0.19354859425408075
2012-11-29,-0.9329785922016686,-0.060833562579816244,-0.18329035982750605,-0.44250682263445296
2012-11-30,-0.7002327846231468,-0.1597470230795509,-0.039722704731471666,-0.6136140345523483
2012-12-03,0.025908351807989657,-0.16956616565652466,-0.11192482514589099,-0.5973645438606977
2012-12-04,-1.0565642194649192,-0.10942978791298319,-0.4654924995068517,-0.8569342038209395
2012-12-05,-0.20481337197916963,-0.12080066663991179,-0.4022192198734856,-0.8926850596580275
2012-12-06,0.20895503366389218,-0.512714605984994,0.1460238076409406,-0.8115505879586996
2012-12-07,0.3780427801897073,-0.5118198686026332,0.14927146543259512,-0.6864467575335682
2012-12-10,0.36438566016913126,-0.8573274567462563,-0.1977911791257017,-0.5706876586851445
2012-12-11,-0.11273179431894753,-0.8588553135972304,-0.24550324533709764,-0.575523778850692
2012-12-12,0.0501547356294799,-0.9640758124647766,-0.4366896542132217,-0.5386556851732998
2012-12-13,-0.870107262040114,-0.8933821204437216,-0.6085242838705792,-0.7373399469881701
2012-12-14,-0.16830982288036317,-0.8948285150464322,-0.5914163622029622,-0.7539731476083159
2012-12-17,0.16639050608754608,-0.9528285753110668,-0.35991371697592345,-0.6849373992374976
2012-12-18,-1.4673522553065095,-0.7381093820939746,-0.6635267452480649,-1.0367393152354383
2012-12-19,-0.263078074561783,-0.9459400854419989,-0.9889552838344899,-1.0660884285206067
2012-12-20,-1.241459687510304,-0.8260551167314316,-1.1983390183959783,-1.3416396431990059
2012-12-21,0.35256962077072057,-0.7971398161864618,-1.137196157870994,-1.209094248813743
2012-12-24,0.15840740601876394,-1.0329054854559139,-1.367829510333741,-1.1263546556745592
2012-12-26,0.0772907827636968,-1.0189015292162114,-1.3221842908451664,-1.0610090898884286
2012-12-27,0.21375222835008084,-0.9935075902584262,-1.1747017639644188,-0.9643810765438897
2012-12-28,-0.40757938009904954,-1.0520224789427761,-1.0569031916026144,-1.0282113452172685
2012-12-31,0.8951333726516769,-0.937968216373822,-0.695391991757704,-0.7618985349499567
2013-01-02,0.6848069548745658,-0.8617459096007546,-0.5443934365443532,-0.5523467730318838
2013-01-03,-1.2365318647084342,-0.8189321592845242,-0.5857351270368429,-0.8381193353751949
2013-01-04,-0.4946676917699215,-0.8043471151997882,-0.652163426459801,-0.9306271187345341
2013-01-07,-0.6535559160157439,-0.7916734709842429,-0.8486966766101559,-1.0659849796651044
2013-01-08,0.6838073454009298,-0.7440500271605205,-0.7792185583407681,-0.855276203105259
2013-01-09,-0.06583191078474934,-0.774784080984242,-0.8769150279650739,-0.8380460088936527
2013-01-10,0.9015768023623749,-0.6536457621793055,-0.6459048549166905,-0.5747613427125775
2013-01-11,-0.5916503606672898,-0.63756122359014,-0.792349057745162,-0.7052446783215304
2013-01-14,0.27524022783546154,-0.6758395195147245,-0.530348810921202,-0.608026515142043
2013-01-15,0.6069940306733964,-0.6258676103347168,-0.35128531100150273,-0.4330608037574876
2013-01-16,0.03308488995488101,-0.6306327429422693,-0.3821724047157398,-0.407579534523392
2013-01-17,0.40707415806448133,-0.8346799271236766,0.05593978282974143,-0.2824868817959851
2013-01-18,-0.18149300610059807,-0.8392145286485322,0.07519595946254777,-0.3151457907573537
2013-01-22,0.3326441760062348,-1.0373127541352425,0.4498183024997098,-0.2242324631735966
2013-01-23,-0.3035973675811215,-1.0273362387822373,0.29293927945547316,-0.29901524968547794
2013-01-24,-1.1247001874625655,-0.8641225582356337,-0.01087161375349965,-0.5746436156071522
2013-01-25,-0.5002508944878256,-0.8373338368120463,-0.1463529815746334,-0.6813656068116335
2013-01-28,-0.24651338247340915,-0.8396079270198029,-0.2537643516183312,-0.7154522760907367
2013-01-29,0.4133813926269374,-0.833613716606814,-0.061831877001471844,-0.5793673985302972
2013-01-30,0.7201393123544009,-0.8669568951059717,-0.10287603485249072,-0.3664698499699618
2013-01-31,-0.6343164732156649,-0.8903864406773916,-0.40996986645139555,-0.5123990291903866
2013-02-01,0.13267301450623578,-1.062847306205251,-0.0911369683459677,-0.4572267856784753
2013-02-04,0.3177325472910809,-1.0832259923312924,0.1001129897760869,-0.3482366269752678
2013-02-05,-0.046926272840521734,-1.1482316174192901,0.24393878367606409,-0.3371296053571868
2013-02-06,0.24281222995128207,-1.2007404303230742,0.13929669424414545,-0.24985199534756236
2013-02-07,-0.36140254517412723,-1.1802454961801976,0.06941977209925923,-0.31465251385187
2013-02-08,-0.18915428655304037,-1.298708911733831,-0.18666331036781364,-0.3333182819708518
2013-02-11,-1.1860195669261582,-1.1514005230123416,-0.3250383183872113,-0.6112100671116311
2013-02-12,0.09662176548334164,-1.1642304765816887,-0.3664619396222295,-0.556382440442126
2013-02-13,-0.5488185551514672,-1.207905600698974,-0.6327262051640857,-0.6719637466533566
2013-02-14,-0.4631848876815761,-1.197621321366693,-0.7461104513576813,-0.7621650080568192
2013-02-15,-1.6708629496709837,-0.9622653335991951,-1.2147976002838057,-1.1614902577128412
2013-02-19,-0.2985979712470812,-0.9629321417419158,-1.2409222308755845,-1.2045583430237614
2013-02-20,-2.557666997126462,-0.4787652698482074,-1.8761097171113421,-1.8064816636886953
2013-02-21,0.7536685091176737,-0.3587153798403923,-1.6458877507289245,-1.5720141582761524
2013-02-22,0.20675168781963563,-0.3914959439050484,-1.3524757289569393,-1.4736147531363728
2013-02-25,0.8690803110514909,-0.2829147509229426,-1.0466122101109139,-1.2102380613969252
2013-02-26,1.1881013470498167,-0.1228680092529544,-0.7216405872166118,-0.8669563834167986
2013-02-27,-1.083719221344444,-0.08700215771291965,-1.0606609185220965,-1.1100055929841444
2013-02-28,-1.0428355247358918,-0.1181243780686216,-1.4534333531987242,-1.3360703400356464
2013-03-01,-0.3888091301664014,-0.12634255791507412,-1.3991511261283491,-1.3912929217875822
2013-03-04,-0.11409564371404364,-0.13923930253087854,-1.453711888764853,-1.3835042482913993
2013-03-05,0.03025451185051128,-0.16287793217955543,-1.517103919670918,-1.3403603649261397
2013-03-06,0.533837399753414,-0.10945397780527102,-1.388851086540739,-1.1770952429169523
2013-03-07,-0.37516002962432565,-0.13466118739536104,-1.5252955011113947,-1.243022300197149
2013-03-08,-0.009147771935402763,-0.12676818076797602,-1.447623227422121,-1.2141789982229114
2013-03-11,0.16088261249275648,-0.11015112479478327,-1.3701684066268935,-1.141967468511858
2013-03-12,0.7588080068745192,-0.0997637214475912,-0.9348498390228736,-0.9175141387230422
2013-03-13,-0.36645644758450846,-0.1053758242255218,-1.0392719786748512,-0.9842404952482269
2013-03-14,-0.009240363774999955,-0.11168540213939687,-0.9175528213596307,-0.9536273789751963
2013-03-15,0.18570242571067602,-0.10755640051794521,-0.7703027152629827,-0.8696033236784374
2013-03-18,0.869585443484548,-0.23637357654398367,-0.18452153731562357,-0.61743537965927
2013-03-19,0.42710643150138283,-0.22633382486173675,-0.014435485432736437,-0.48468467955901245
2013-03-20,-0.4780345693222532,-0.874810409034123,0.47987072722454766,-0.591149484896582
2013-03-21,0.5423697910804138,-0.9022814934901158,0.42917668312499185,-0.42796368336609014
2013-03-22,-0.4711043238563952,-0.8684634398870797,0.26726921398850895,-0.529881405393532
2013-03-25,-0.2216699885666484,-0.9442665757647685,0.009034643471461396,-0.5598755223030862
2013-03-26,-0.3576664256793957,-1.1235451735529942,-0.3521327180978404,-0.6268566813515937
2013-03-28,-0.1968518517481195,-1.2758223889968743,-0.1456000391956737,-0.6490321739161894
2013-04-01,0.12005071347479317,-1.4532521095479152,0.12800290762768035,-0.5853556811334578
2013-04-02,-1.4806131865485013,-1.134400337628828,-0.12896705151266658,-0.9321057109655095
2013-04-03,-1.1434135764721973,-0.9772033345216722,-0.36867338755782003,-1.179939934703957
2013-04-04,-0.31449128554905736,-0.9720783811162107,-0.4484072040112475,-1.2130058714949936
2013-04-05,1.6400808311694708,-0.6804112965555995,-0.1915744673557226,-0.7467950409972272
2013-04-08,-0.4483751370544648,-0.6746211734662942,-0.2086605335751075,-0.8210295695188146
2013-04-09,0.7500111377269497,-0.6129187314904322,-0.03088782274650802,-0.5919302636531195
2013-04-10,-1.725178793452732,-0.34758974913062707,-0.47007110867740626,-1.0027003790541558
2013-04-11,0.17650146288881896,-0.4092223798279164,-0.6039999477976035,-0.9204628690743062
2013-04-12,-4.835191160526089,1.0601576535837085,-1.6062378716849735,-2.0852433665923082
2013-04-15,-9.209800204997721,4.00309816745621,-3.533876369042512,-4.1699956297437675
2013-04-16,1.105727611832873,4.083827599102036,-3.3490037515278095,-3.8279314142397345
2013-04-17,0.030430123679486894,4.020449399736606,-3.5176942537856712,-3.7299369012216905
2013-04-18,1.0479079498497237,4.078494791120172,-3.393034526969769,-3.396316726867986
2013-04-22,2.622168060654271,4.404807969529356,-2.758781075308871,-2.691390379196744
2013-04-23,-0.7644130712023903,4.363647066152158,-3.028528614061758,-2.789531940154682
2013-04-25,3.38799987897991,4.811056385457608,-2.2216494226151915,-1.8879233696436817
2013-04-26,-0.5317445804591093,4.808978918387927,-2.2876382626318077,-1.946888570233739
2013-04-29,0.9590520365696691,4.864806697884341,-2.0060031460681214,-1.643080141416124
2013-04-30,0.30739489337138715,4.878089316808411,-1.897162840930165,-1.5021921818690038
2013-05-02,-0.6191989947995512,4.870668469644665,-2.0565406570908435,-1.5955739217351794
2013-05-03,0.09743044064462157,4.846643061250759,-1.7148908041891568,-1.5103648346358018
2013-05-06,0.0199586323991951,4.832792196649985,-1.4595420872613754,-1.4534638298078808
2013-05-07,-1.2748145011592658,4.856723019337677,-1.670537347291339,-1.719454808384026
2013-05-08,1.4481077186633835,4.836644602771489,-1.7124737419561264,-1.3162467813585992
2013-05-09,-1.1868557562019957,4.853870028348052,-1.8730456631978043,-1.5719494808707952
2013-05-10,-0.8849880664029127,4.819561364851161,-2.224360344155314,-1.7440526774054765
2013-05-13,-0.8636241006651907,4.780462600410919,-2.039953066656913,-1.901015677114676
2013-05-14,-0.4709820596717929,4.769113815923604,-2.1786888014372767,-1.9508628445018212
2013-05-15,-2.356053873161857,4.320114590633955,-1.642584578493294,-2.4596901093886854
2013-05-16,-0.424027108333481,1.1950184558095687,0.36801952566894774,-2.495008954148125
2013-05-17,-2.299472603714592,1.4061891058581026,-0.43229000365138653,-2.974206421967417
2013-05-20,3.0199437451092876,1.849031763249069,0.2688554419705853,-2.178410202061028
2013-05-21,-1.6933805746032147,1.9275849102966696,-0.37486742989517025,-2.5225867192978093
2013-05-22,-0.7319369500389291,1.5812580100613394,-1.138856913697336,-2.623948864740267
2013-05-23,1.9805548178205532,1.78542319510549,-0.515526787643284,-2.0719310956116233
2013-05-24,-0.6555010193766055,1.1486962654129742,-1.4278184792916124,-2.163892273732412
2013-05-28,-0.22422890399644124,1.1461018857253196,-1.3597260532814917,-2.147100844666246
2013-05-29,0.9762482691289139,1.1484552663752587,-1.3559121470078066,-1.8318929419711412
2013-05-30,1.3547119774733005,1.2711721326397565,-1.1223894038495823,-1.4248613589137016
2013-05-31,-2.0761970102662644,1.4320554396629976,-1.446596052644915,-1.8732384804839288
2013-06-03,1.8926648310032739,1.6547348665621477,-1.0464479013676355,-1.3276819767208068
2013-06-04,-0.964024512853674,1.6758614878345421,-1.266662145985332,-1.495459379829016
2013-06-05,0.19191342330798822,1.6328518772875467,-0.9376150555883574,-1.3674502270311863
2013-06-06,0.7200275631078699,1.5407720954803565,-1.1015566753179,-1.1091479434481293
2013-06-07,-2.430689557400625,1.7253467793843142,-1.378882869250117,-1.640203481091447
2013-06-10,0.4715761821729165,1.732533773506079,-1.076251247907877,-1.4374837683719512
2013-06-11,-0.5385674545837617,1.7178439429625991,-1.0031234303027083,-1.4891253177599948
2013-06-12,0.725183008838943,1.752674939556978,-0.7319660497680514,-1.2239294089306272
2013-06-13,-0.40272929062741153,1.5131094453797032,-0.28213412469311344,-1.2454386511489466
2013-06-14,0.49218134680222864,1.5191417250112815,-0.06809267746520466,-1.0383484194770027
2013-06-17,-0.5142482735742081,1.2563621464954169,0.3546427079878212,-1.0959430936418326
2013-06-18,-1.2554094134749747,0.8214189290720882,-0.645279337280099,-1.3432984252998927
2013-06-19,-1.1942381952268573,0.7419902033037019,-0.5307324278210893,-1.568594986166417
2013-06-20,-5.52168578056866,2.140274206430696,-1.6066842716806322,-2.820279796387929
2013-06-21,1.1436964461670172,1.9993271306132328,-1.7894395125354372,-2.441889294530025
2013-06-24,-0.9216339598921265,2.0085402548529574,-1.8472384005448166,-2.5560273375067055
2013-06-25,-0.3939916356337454,2.0070565894692347,-1.8840272571218701,-2.5488211040648117
2013-06-26,-4.31521864658977,2.5061254041162977,-2.9999598125689024,-3.457470728887155
2013-06-27,-2.0197870658334787,2.38943778835946,-3.681383367421949,-3.8247709818304343
2013-06-28,2.6743502750585177,2.7724758964438245,-2.715419831770025,-3.152028581219136
2013-07-01,1.6589045816543115,2.729966749656593,-2.7640334799713444,-2.708021726013309
2013-07-02,-0.9175541781245344,2.728822573713924,-2.754378387619951,-2.8774141925867855
2013-07-03,0.5506827855992945,2.7556158357053206,-2.6796859799819055,-2.690565839891909
2013-07-05,-2.240775418645522,2.775143030193871,-3.2881490167573633,-3.150534500676935
2013-07-08,1.1726775471697946,2.782892456764245,-2.5452383458299392,-2.802654111400055
2013-07-09,0.9019654930909783,2.823223945748143,-2.454700867805708,-2.5021027045253206
2013-07-10,0.25087643264515663,2.845834792250123,-2.2876154071284263,-2.3615261443841185
2013-07-11,2.660689240563418,3.1487222761292495,-1.872339555473278,-1.6261218960407613
2013-07-12,-0.11079352066846965,3.1517306346821807,-1.8090020188907108,-1.5767762929360432
2013-07-15,0.01801782682079696,3.129465161514399,-1.9117814994773656,-1.4979633869706315
2013-07-16,0.5476946460510093,3.1602431777432805,-1.680916633244685,-1.285700203928258
2013-07-17,-1.2869121521800317,3.1622580139281014,-1.6878006391456328,-1.5340104481334238
2013-07-18,0.5355393109493309,3.161592667714848,-1.3065790164006195,-1.3280480821305087
2013-07-19,0.860585527729279,2.059572466688382,0.1584682190766863,-1.032518460201389
2013-07-22,2.9146067791033228,2.35163092137143,0.5818332247759893,-0.21331849805081918
2013-07-23,0.6505344602548402,2.3124515098991623,0.9640220511979262,0.007745898289180063
2013-07-24,-1.7558595972639794,2.4512010290231045,0.6326089965203757,-0.40916791225475496
2013-07-25,0.9066034077610527,1.538567058362798,1.9282574090326308,-0.1243233462524328
2013-07-26,0.06318258633508794,1.2346207298695477,2.464268497588949,-0.07708928119287962
2013-07-29,-0.26317545719187807,0.9843958673129966,1.7115648187436767,-0.1181426426761955
2013-07-30,-0.2949700272554202,0.9002187676586901,1.223018906962783,-0.1787171212754011
2013-07-31,-0.14716168445595745,0.8269069067593534,1.4145080583857919,-0.1822408459354501
2013-08-01,-1.0825241178505092,0.9266700452778089,1.0103019105801436,-0.4377845333631007
2013-08-02,-0.21983242998379088,0.5585879051761966,1.5114436360568104,-0.4669315626415379
2013-08-05,-0.5457647209531561,0.5496458939513306,1.0846710810045113,-0.568121716770142
2013-08-06,-1.407646987852179,0.6740975002905576,0.5225170272284175,-0.8900904542788342
2013-08-07,0.122800824303895,0.6728976016905631,0.49172218705412496,-0.8142244647018524
2013-08-08,2.13642233869414,0.5191296629259916,0.36607654299803366,-0.21240993675892628
2013-08-12,1.7507431133990086,0.6827587460054964,0.81521178892317,0.29668021118070337
2013-08-13,-1.1041719330094955,0.7774146929401355,0.543459103555145,0.030573939803379437
2013-08-14,0.9589881676611629,0.8082032467600463,0.6427051580405763,0.3279655210448684
2013-08-16,2.714261676318391,1.0276548729984154,1.6298073396692465,1.0940603422572288
2013-08-19,-0.4529670787874842,1.057882015596854,1.3822527514599232,0.989329827204644
2013-08-20,0.3104049076507138,1.0389138491293752,1.2455260688608953,1.1001639517160327
2013-08-21,-0.3094568987146293,0.6095398130760212,0.45925630960740027,1.0252946137778047
2013-08-22,0.5363142939101442,0.6023662025053182,0.4318632443362886,1.1865242048110773
2013-08-23,1.5386747616848775,0.47996834579775227,1.234686044115044,1.620386723218846
2013-08-26,0.3845082079950635,0.45238534607548325,1.1056894018297894,1.7310626754867882
2013-08-27,0.9326388664858237,0.4802792696790057,1.320884243594059,1.9917010257452212
2013-08-28,-0.051484372038902264,0.4679344467003205,1.3735627952006362,1.972877024775149
2013-08-29,-0.6383892993589608,0.5017565832331439,1.288160426536243,1.7862380426983193
2013-08-30,-0.9462023479953191,0.5843185163455266,1.0905847582736767,1.5115774387418235
2013-09-03,1.3055685945221445,0.5290416007868166,1.68580353500033,1.864445333681657
2013-09-04,-1.320350815879194,0.6818082660024097,1.4097384781333,1.4445519360354326
2013-09-05,-1.8653724947529655,0.9138991097571562,1.0826968497004061,0.8963128035778968
2013-09-06,1.4415485703244033,0.818873956911065,1.794261722592893,1.2604768008039398
2013-09-10,-1.8344824656539314,1.083402459240694,1.303268437230621,0.7195653027260608
2013-09-11,-0.052608119518521915,0.8788149347662428,0.7654088542342716,0.6533018655726993
2013-09-12,-3.129024999768224,1.2743137390960726,-0.3920247818928477,-0.23732989069324725
2013-09-13,0.09514098873958865,1.216494667024312,-0.11277403625999904,-0.24226126067197623
2013-09-16,-1.099505191161587,1.2164247775142083,-0.590028590144394,-0.5493402740742206
2013-09-17,0.017279283316148447,0.7392452294113565,-1.2006253825817998,-0.5653657232500515
2013-09-18,4.239919735181969,1.7495005117747204,-0.12743039107752377,0.5317174400501392
2013-09-19,-0.21932545990372024,1.74548093117599,-0.25110972617905847,0.4198699682531676
2013-09-20,-2.940154608806646,2.1030365549133303,-0.855698744741406,-0.39943003591930476
2013-09-23,-0.34306482812919376,2.0802272089085894,-1.0542761557192157,-0.5124750878279889
2013-09-24,0.06393237906558447,1.9418800339206146,-1.3833996165691362,-0.5171008610558476
2013-09-25,0.8587341017396874,1.980306883022333,-1.2780941005679614,-0.30263617340467924
2013-09-26,-0.8014756367676145,1.9208519576058636,-1.6607531365394004,-0.5236941970236936
2013-09-27,0.8966138937833154,1.9852722663673015,-1.4523633755765502,-0.3001818071595559
2013-09-30,-0.6364826068199491,1.985217423459245,-1.4519422945859066,-0.4762360928055952
2013-10-01,-2.862046950612822,2.240573054083407,-1.8710199412593742,-1.2200799656836192
2013-10-03,2.034604499157076,2.3653643485674345,-1.7124943066834013,-0.6999399035712204
2013-10-04,-0.534477770419467,2.328216885853298,-1.5403099186067573,-0.8393110857170725
2013-10-07,0.8509127955402753,2.273687903074612,-0.934639609276494,-0.6062261838729381
2013-10-08,-0.21038765623379754,2.1542827444245383,-1.3049430168712333,-0.6462548627634516
2013-10-09,-1.039637966968349,2.073499976782644,-1.127531806910252,-0.9061629666682186
2013-10-10,-1.4915675693605395,2.1352188843308806,-1.4476798996610416,-1.267424543973568
2013-10-11,-1.374767462019653,1.8259686994855178,-1.0567648246069412,-1.5872044577256554
2013-10-14,0.1651248145635971,1.8282417397891488,-1.0410270345821802,-1.5177342655984167
2013-10-15,0.7075715215111327,1.8249416617814236,-0.6308174023329597,-1.3147494792759178
2013-10-17,2.915502704281225,2.214449213804704,0.04276562316114788,-0.5508434088597425
2013-10-18,-0.4704428011585067,1.3435933971105773,-1.0421658249025092,-0.6694877226055762
2013-10-21,0.08015778341944346,1.3480571419048386,-0.9746975975255284,-0.6451632911176841
2013-10-22,1.8186594846414657,1.1086406021096158,0.1249507743870689,-0.17304329402956684
2013-10-23,-0.5258958813268767,1.1178857033145708,0.0817288673099428,-0.326488723128575
2013-10-24,0.9133001695901154,1.159054004576771,0.28319350581953445,-0.10080869393616565
2013-10-25,0.4078020365446085,1.1306328420780078,0.1760221582306139,-0.0003825346061370081
2013-10-28,0.05434692654643876,1.0895897030687218,0.3798350985270153,0.014275304998992495
2013-10-29,-0.6289677345679963,1.0749147413554643,0.0177325930850638,-0.15666662048107363
2013-10-30,-0.15328731241263432,1.0526023870791146,0.1318234242861745,-0.1941080030447292
2013-10-31,-1.4673697021184438,0.6874070731213241,0.4642409570109176,-0.5571375204431568
2013-11-01,-0.6424094623371595,0.4607153051299979,-0.16975259746942242,-0.6993674454851219
2013-11-05,-0.32982507795895083,0.44964892218325114,-0.12188205158563324,-0.7559937942115724
2013-11-06,0.48200830475084994,0.4151568958183052,-0.208102096954234,-0.6042591188060692
2013-11-07,-0.8429458401252,0.45513144185074345,-0.35520454996983036,-0.7920957558437762
2013-11-08,-1.523151521750148,0.5313479116370577,-0.4670204312074767,-1.1382204256131478
2013-11-11,-0.3525802266986127,0.40208887104267815,-0.20275554463112969,-1.1769645744947224
2013-11-12,-1.1748629261084007,0.36825964937279104,-0.15606281793271168,-1.414839165531211
2013-11-13,0.30378414180022145,0.37318548686867675,-0.12362056119268339,-1.276551441656624
2013-11-14,1.1266374466474216,0.4259462274108018,-0.02529734535099427,-0.933983335439487
2013-11-18,-1.1304441494990416,-0.17443441798295406,-0.9575744527318634,-1.1727175101666716
2013-11-19,0.01841448544689861,-0.17734329034485907,-0.8469245265930065,-1.1079738103486896
2013-11-20,-2.3501439664039814,0.1642004937305686,-1.3917060249132902,-1.6431105618203297
2013-11-21,-0.1721585732147046,-0.20395820885041813,-1.8282085696466712,-1.6322664274883836
2013-11-22,-0.038918540620043206,-0.19530955445837409,-1.7222366948783132,-1.5798079017498325
2013-11-25,0.4269019362705998,-0.2839281024753619,-1.8280828555440098,-1.420687309907752
2013-11-26,-0.554785469385971,-0.34385382227140154,-2.0360415810984502,-1.5081900791715248
2013-11-27,-0.3230507625548805,-0.3659061576335187,-2.11703021398829,-1.551423448677475
2013-11-29,1.010076779954928,-0.18910952693598895,-1.7630649069057034,-1.2598441410970962
2013-12-02,-2.640316399500006,0.18122226359086388,-2.2978941960051467,-1.8862929264681803
2013-12-03,0.3003132135151387,0.1502869344355309,-1.9191285351652942,-1.7715160339866818
2013-12-04,1.6584931864174375,0.432291326578286,-1.415968584813712,-1.2971515377478517
2013-12-05,-1.4152514298295877,0.509966964235646,-1.6547722295014775,-1.5966038844426063
2013-12-06,0.18879241919941606,0.48290240511618054,-1.7188387978667268,-1.5050670201143361
2013-12-09,0.9595261923922229,0.5737588571342234,-1.3220160229719193,-1.2227221766829603
2013-12-10,1.7160826536679126,0.6958628174758482,-0.5906496985654043,-0.7486395262419283
2013-12-11,-0.8131585770579135,0.7213112393696183,-0.696091600558012,-0.9213579356895725
2013-12-12,-2.1709149202460756,0.8999367130057826,-0.922466924245603,-1.4340118642049924
2013-12-13,0.8947030655452369,0.9530990842364125,-0.7884394630306225,-1.160086516672756
2013-12-16,0.23701553683875226,0.8633526328081831,-0.989915467842091,-1.0580432503741402
2013-12-17,-0.8946728554636336,0.8408777138012198,-0.9366939593103933,-1.2576512672199054
2013-12-18,-0.9023537031126312,0.864842437672328,-1.1438320956252983,-1.4427188921067893
2013-12-19,-2.422311895920966,0.8829391310979398,-1.1599866749009973,-1.9984618619405308
2013-12-20,0.9481598394922098,0.9616239833979976,-0.907887221423344,-1.7082750576577777
2013-12-23,-0.34178456033369176,0.9613123367417327,-0.9763184787178684,-1.7402506617214841
2013-12-24,0.43515625728520896,0.9619139400613403,-0.9744561977216352,-1.5838874783283083
2013-12-26,0.527314124801117,0.9823481343880821,-0.7289843763844706,-1.4133356204157452
2013-12-27,0.30263692196423314,0.9913342415167239,-0.585831456615761,-1.3076586754922082
2013-12-30,-1.5099044536505164,1.0100755139415898,-1.1569627707385433,-1.6543952718889632
2013-12-31,0.6082008403433374,0.6839840482620725,-0.4180146392727273,-1.463344965992707
2014-01-02,1.583286503343388,0.8384670146544839,-0.11949463850202723,-1.0123574585142732
2014-01-03,1.0646955678716226,0.7388349909810494,-0.2581347615950863,-0.697385307802033
2014-01-06,0.1535856212199589,0.6181258440284161,0.1099519090024599,-0.619096812376528
2014-01-07,-0.5927237935651999,0.6388759927499336,-0.07413253462331243,-0.7231763703198151
2014-01-08,-0.6129202280070326,0.5944143206531207,-0.44018650170596757,-0.8318081699329216
2014-01-09,0.2650900630907567,0.38092832600013904,-0.7728968953919436,-0.707528567650274
2014-01-10,1.485345823319329,0.5161347811130439,-0.2436074830933975,-0.2653551584412085
2014-01-13,0.6075247763430374,0.2093114747042836,0.41266053393702534,-0.05496327835777872
2014-01-14,-0.9600569816129709,0.2302163783633234,-0.027454938580184624,-0.2616188679957285
2014-01-15,-0.21420548482197807,0.2286836646522933,-0.1332958048532384,-0.26872069939949594
2014-01-16,0.08630107580464368,0.1709173719055031,0.09741801770910054,-0.20456974582089182
2014-01-17,0.9246170065629488,0.1547491902586369,0.533182036342383,0.0760829223554791
2014-01-21,-1.0442437819421824,-0.26000239072098735,0.8671845616769954,-0.16730127870825592
2014-01-22,-0.4490776429073023,-0.284089091087245,0.52856834650076,-0.24540820148560846
2014-01-23,2.13500098187301,0.009925633782093149,1.1320699968642969,0.3549562342065829
2014-01-24,0.3873268066052009,0.008638094858615985,1.1202735707207283,0.4757715063558294
2014-01-27,-1.1154303730037862,0.1313853385799752,0.7185218462761859,0.19169709789320388
2014-01-28,-0.03051058816022202,0.13192423587386384,0.6378489514055766,0.19625791293581948
2014-01-29,1.2262450428582883,-0.01411464888045977,1.3084496102170378,0.5379709246787563
2014-01-30,-2.2508183922652396,0.4119822424997712,0.6081633894534951,-0.04574283710241112
2014-01-31,0.24449260478888726,0.2607986487855599,0.2870619075322302,0.03856091175060805
2014-02-03,0.9964537506591172,0.25139978189731,0.270809428631426,0.32145426142931366
2014-02-04,-0.29453651571946343,0.2591505197305292,0.16435979991832075,0.2435730796460305
2014-02-05,0.2253265337704833,0.23062069089303366,0.35904465601056074,0.30461544597823015
2014-02-06,-0.06346522873073304,0.19625138718943214,0.4907047211947406,0.28740779845810327
2014-02-07,0.7416574685176109,0.22271216531360394,0.6054869971378023,0.4877741187309299
2014-02-10,0.5895815257187016,0.10024167707426619,0.3901916125230362,0.6413435639454286
2014-02-11,1.1420688372700134,0.16190316519994352,0.5184361608560597,0.9406461294544629
2014-02-12,0.034010104696546355,0.07233950766965123,0.7587577423085179,0.9389324114999842
2014-02-13,0.8257582540271958,0.09068003375246643,1.012746038695306,1.1386556285033194
2014-02-14,1.2914787480850973,0.17027311000138207,1.310408511830155,1.4654745148105093
2014-02-18,0.17411811019780657,0.13786144699632608,1.1246241752132105,1.4859740658486233
2014-02-19,-0.9128888750804982,0.11394046869181236,1.157040178248622,1.1973284778507067
2014-02-20,1.0252110093721405,0.11534793825351597,1.523804702466352,1.4501764958648222
2014-02-21,-0.03791148571795054,-0.15326827086646722,0.98512065514988,1.4088209908554468
2014-02-24,1.0765322551350927,-0.09609559334122132,1.154714478753488,1.6872332058891724
2014-02-25,0.1481128520727721,-0.25720028364305614,1.4686895486721374,1.6963937345635864
2014-02-26,-0.8769459017984912,-0.1508496864444588,1.257922229293122,1.4073747514026886
2014-02-28,-0.4053363513138854,-0.2017866483917378,0.8566500119505598,1.26098238414542
2014-03-03,2.0476475496728734,-0.5075269498968821,1.928083952429332,1.7990929981829942
2014-03-04,-1.265248489633221,-0.26585009497787476,1.5465065548702008,1.3983119937472874
2014-03-05,0.1407714199094305,-0.30599400752894174,1.3327832769767227,1.3920112319952627
2014-03-06,0.9656339108387642,-0.3006944478821715,1.6481738529049899,1.6008216669809774
2014-03-07,-0.85512313156383,-0.18306491583223503,1.3775203885716931,1.304076613374776
2014-03-10,0.008734061784461884,-0.18693748979176017,1.3955153029871952,1.2505217042342716
2014-03-11,0.5413015511267413,-0.1989091179802321,1.3456106874160416,1.3461360526028763
2014-03-12,1.4297988802698511,-0.10046097499386233,1.555563299322278,1.68900792397356
2014-03-13,0.3186039868561591,-0.15822229654450048,1.3497795673245734,1.7165247860213941
2014-03-14,0.6484559159127069,-0.15391076150091224,1.5031688413203181,1.8266260284296645
2014-03-18,-1.9024863917453076,0.17939037060158355,0.8292369947617559,1.2264598052766693
2014-03-19,-1.9775352523082772,0.38223820679156356,0.045575955355314265,0.6378507689164947
2014-03-20,-0.2019055435920502,0.38321624404344273,-0.042933548285815956,0.550716511087012
2014-03-21,0.45355356965749044,0.33443213204485983,0.280303079026073,0.641861883418524
2014-03-24,-1.8202626052798467,0.4846662225385423,-0.38785982262698615,0.11987605966937852
2014-03-25,0.1598135920354888,0.488164500806204,-0.3420431441876637,0.13321452088302307
2014-03-26,-0.8162111486008654,0.4262450147500643,-0.7769318565804039,-0.11002018787421487
2014-03-27,-0.6780414988493068,0.43527198194284483,-0.9641881530854686,-0.30326915700684054
2014-03-28,-0.04631710625703199,0.4041368379453846,-0.7759134588949934,-0.32465744187180123
2014-03-31,-0.7876036025649455,0.4260225264067578,-0.8627544946260822,-0.5426248202352618
2014-04-01,-0.2003254244310887,0.051737847453465644,-1.366770750067336,-0.6050716937620726
2014-04-02,0.728396762292887,0.04437231970027726,-0.9203473568631304,-0.42629939573254644
2014-04-03,-0.34441073773468717,0.03653446236439767,-1.0298119709750826,-0.5238757522659777
2014-04-04,1.300050141653224,0.10496394597802133,-0.9544193982473741,-0.1981743366047814
2014-04-07,-0.5490609450224079,0.08149216329303147,-0.88519772585891,-0.36238768316442566
2014-04-09,1.0998816388022827,0.19717254332987028,-0.6366825772776088,-0.08259854667261736
2014-04-10,0.5223284151493621,0.19533803524377738,-0.6410270320800323,0.04348640093125958
2014-04-11,-0.08523216003374882,0.002746428574130526,-0.985289543628802,0.0011041165692166185
2014-04-15,-1.1628474298567741,0.043225615448284634,-1.3169140101248618,-0.3226775726245248
2014-04-16,0.01758157594364451,-0.018848160371082168,-1.4566506932223553,-0.3250063590623923
2014-04-17,-0.6533117855265825,-0.22270001587184055,-1.1791041184066777,-0.5127294469169772
2014-04-21,-0.431769691967003,-0.5011227667360122,-0.8308237959041049,-0.6376373154624204
2014-04-22,-0.39306234650940935,-0.4967601800665282,-0.8741861897196882,-0.7448647060253604
2014-04-23,-0.038395044099142926,-0.5355635468782437,-0.9854002721698154,-0.760505867455954
2014-04-25,1.3176869469936572,-0.6116206391217776,-0.2665292883532778,-0.42566419273737294
2014-04-28,-0.4615610495607711,-0.6010651061952748,-0.4106770226442037,-0.5566700985378354
2014-04-29,-0.03825276660767136,-0.6594458212894745,-0.23006311761631262,-0.5720358486624741
2014-04-30,-0.5359706787327717,-0.676376424456794,-0.19692734464213693,-0.7121191151229989
2014-05-02,0.65148021499204,-0.6294246782929132,-0.03349173102229804,-0.5382358136612257
2014-05-05,0.9007419031657217,-0.6236574669568182,0.36669815965708674,-0.3016186659865155
2014-05-06,-0.21250632307316866,-0.6229351385716401,0.363786639038222,-0.3541560748794191
2014-05-07,-1.4689403530914296,-0.4510299671776662,-0.15566668047081153,-0.7226428903420671
2014-05-08,-0.022243939751567937,-0.4609965197108405,-0.08021848242665221,-0.7093274735074577
2014-05-09,-0.07861580892842568,-0.6408322471194312,-0.40138887236985943,-0.7151190916537066
2014-05-12,0.6521356076572441,-0.6154187309536735,-0.12181009351485728,-0.5271275448883332
2014-05-13,-0.2946611847867201,-0.7510383032943482,-0.44607720981631943,-0.5864184689392336
2014-05-14,0.9438676145195948,-0.6771340144275275,-0.3485350670451174,-0.31798607576760507
2014-05-15,-0.8520571341939831,-0.6165143959079452,-0.5256688092069961,-0.5188809553176866
2014-05-16,-0.23880433834314252,-0.7368100591275778,-0.31205011337617083,-0.5608622517319928
2014-05-19,0.04197329453265067,-0.7363258358040462,-0.30638448542111807,-0.531303590743181
2014-05-20,0.06598592582643288,-0.7761357877728945,-0.13868540332819593,-0.48468269116517737
2014-05-21,-0.263055614437507,-0.7884724480198899,-0.09917591949739307,-0.5302378727471563
2014-05-22,0.20252839516848606,-0.8010709877075292,0.04083398618420843,-0.4533147347947061
2014-05-23,-0.1506207578514444,-0.7984035809027114,0.014388440513835274,-0.4634989904537691
2014-05-27,-2.181078844093454,-0.5390164849461112,-0.7953662708446988,-0.9976094686824399
2014-05-28,-0.5569440946436431,-0.5326302923001925,-0.8170473324767437,-1.103082091721503
2014-05-29,-0.23692232392809642,-0.5341599103527069,-0.8621395930283352,-1.1217870475017897
2014-05-30,-0.44469836306376415,-0.5397533564412639,-0.841434536935478,-1.183942188097527
2014-06-02,-0.6300573739317751,-0.5961344920824603,-1.1304267838159552,-1.2884782810319015
2014-06-03,0.23632334171680427,-0.7108079310612924,-1.2788040883297536,-1.1684588756093859
2014-06-04,-0.2307102264662063,-0.7110165984192052,-1.282855502772885,-1.1772534615878292
2014-06-05,0.7262101860205484,-0.7837056789673325,-0.7889499812809385,-0.9533644489395222
2014-06-06,-0.06368050041077566,-0.7848526617975193,-0.7983739271712599,-0.9338751597227424
2014-06-09,0.010905418384883665,-0.7822173284632779,-0.7780091543225879,-0.8925882032350533
2014-06-10,0.5890290257640189,-0.7933334617435872,-0.7923668773150666,-0.713157453964339
2014-06-11,-0.0057712473132669195,-0.792756064442581,-0.7265656625802746,-0.6877401292595907
2014-06-12,0.9854275665196004,-0.7823588824558378,-0.7170837886046552,-0.4108057384132346
2014-06-13,0.23825860237064997,-0.8278789639074363,-0.46691553456455487,-0.33482073769941423
2014-06-16,-0.46223773845960486,-0.8151308890076323,-0.5184038834600581,-0.4421589689421767
2014-06-17,-0.13663253886900895,-0.8177192784932037,-0.5594794138336068,-0.4666925260952953
2014-06-18,0.29608591533415196,-0.8025306014803382,-0.5065476907629441,-0.379445290503271
2014-06-19,3.3983318149040644,0.21719694771692188,0.3523120960391079,0.5305647926226087
2014-06-20,-0.3693569357534561,0.22941977339463318,0.21608208824426392,0.42426220882534377
2014-06-23,0.25396392265496287,0.2288939972350397,0.31237837874004987,0.4940846262829327
2014-06-24,0.08015778341944346,-0.18429470571206708,0.8578167837419811,0.5129640268781361
2014-06-25,-0.014375847122099527,-0.22884053609301877,0.990536575509696,0.5121574686279068
2014-06-26,-0.22712420847868106,-0.2295856962738324,0.9929399595370616,0.45736007744856777
2014-06-27,-0.07747675623521497,-0.26013961376254524,1.0831859757581606,0.44346362742390827
2014-06-30,1.0610383588039378,-0.2768520765329444,1.5030841206274803,0.7295374716901862
2014-07-01,-0.288050910755957,-0.24700726309160098,1.372121680548777,0.6466997682349218
2014-07-02,-0.022243939751567937,-0.2621869582703901,1.4241038744401326,0.633616029568148
2014-07-03,-0.44586529555115156,-0.23599773404311328,1.1332441146082297,0.5044903339633134
2014-07-07,-0.13237225428132965,-0.23202605421516356,1.1163032711658238,0.46010010803882695
2014-07-08,0.01710195854147597,-0.23226313898269585,1.1178309917618616,0.4562890626917382
2014-07-09,0.5816960705908394,-0.23270237395021445,1.116023104991091,0.6111314039906041
2014-07-10,0.5236441460504769,-0.23186808857544994,1.2468880480779805,0.7452687480080059
2014-07-11,0.16423865096777276,-0.2792187245776622,1.044195974154784,0.7793784431896273
2014-07-14,-2.42630081671989,0.24509340256168322,0.3978588609359002,0.1162231429948697
2014-07-15,-0.9729966133539483,0.3024813767208482,0.2759206294200988,-0.1368044302427088
2014-07-16,0.33035053466816977,0.30392202311011657,0.3873834281849308,-0.03700971988331839
2014-07-17,1.6593908730757654,0.463292451491368,0.7157814147031217,0.41307880708182115
2014-07-18,-0.7802373354844868,-0.34084738697745603,-0.276758734054392,0.19857468144190402
2014-07-21,0.1440583573527047,-0.3474418370070606,-0.15703043428828814,0.23417256463089345
2014-07-22,-0.4981301292316434,-0.33731954980309364,-0.33220952366685985,0.09841951246605622
2014-07-23,-0.11768998844617048,-0.3391821574473637,-0.3780740471545638,0.06975650850348382
2014-07-24,-1.0380517369266486,-0.26230435001174096,-0.6139353354536103,-0.20138779703284415
2014-07-25,1.128756255278722,-0.13726751257558711,-0.30101150978107727,0.10736308422567914
2014-07-28,-0.18927397320948036,-0.1359545101463166,-0.32697405550672753,0.058848888958577136
2014-07-30,-0.6210709802912471,-0.22851744991217474,-0.7141237624126304,-0.10331056900492495
2014-07-31,-1.1821473966091611,-0.14360683530545662,-0.9172703202813566,-0.4068661881192646
2014-08-01,0.7766302118213415,-0.0717524773653127,-0.7358456600579316,-0.19333063790015045
2014-08-04,-0.3361904581019537,-0.0759887046885422,-0.7108250820961579,-0.2752246324126844
2014-08-05,-0.11903777034506972,-0.07594058340001528,-0.7077811586471443,-0.2975366371556811
2014-08-06,1.4199686298277758,0.1054887227914991,-0.38526334720628247,0.08337078185215338
2014-08-07,0.38263123819840844,0.08852945971288727,-0.43130418517412716,0.17390189984425763
2014-08-08,-0.014319920011115444,0.05941660548013743,-0.5552698587630884,0.15441516972936548
2014-08-11,-0.2046191626049477,0.053569794552593454,-0.6398828631265805,0.08349949921279781
2014-08-12,0.0015616937467611046,-0.4115087061610527,-0.07717219044160437,0.06593287525964614
2014-08-13,0.14424299775339308,-0.5028456307701896,0.18639997176669032,0.08277608277927666
2014-08-14,0.06485383622416752,-0.511093234890549,0.12349856810417817,0.07912143306034715
2014-08-18,-1.0964493567114058,-0.6900289591352229,-0.5196421625687044,-0.23087565927005588
2014-08-19,-0.24649404876391262,-0.7383518977861832,-0.39646097219523907,-0.307569300161115
2014-08-20,-0.39175128684308325,-0.7347970146810844,-0.520117774828915,-0.4207399432595307
2014-08-21,-1.1064906530930287,-0.6466761948354329,-0.6597171035680012,-0.7151972897542972
2014-08-22,0.22964032536729242,-0.6333805047509785,-0.5801199495607033,-0.6567645241332551
2014-08-25,-0.388088348134696,-0.7170458986962982,-0.4304238159746427,-0.757997783150068
2014-08-26,0.4733519716297475,-0.8497407994701616,-0.5813689644284813,-0.6312612391427812
2014-08-27,-0.04655913549087652,-0.849784937198894,-0.5485847620630391,-0.6391422435418921
2014-08-28,0.5274759874282271,-0.8398097695831032,-0.2830316195391965,-0.5012123462593469
2014-09-02,-1.9349779216697984,-0.5983269593076115,-0.4574362883057546,-0.9980800490701625
2014-09-03,0.38779719064521784,-0.6531920880426684,-0.5470023310975536,-0.8896508711870521
2014-09-04,-0.5720815613922321,-0.6367308968839913,-0.601169311813243,-1.009603003194943
2014-09-05,0.4539070431442385,-0.6040674970230137,-0.46938355017274463,-0.8678117000738886
2014-09-08,-1.1174953236719576,-0.7715716155058878,-1.047345669460807,-1.1258666636549262
2014-09-09,0.0936123898291113,-0.8018957707539999,-1.1122501309939754,-1.0708768114590388
2014-09-10,-0.5280341936775594,-0.799436688408474,-1.2271518885423893,-1.1733844078672013
2014-09-11,-0.6811102339718197,-0.7814419380948908,-1.333201442199169,-1.312426571138307
2014-09-12,-0.9385034208413943,-0.7484742644056561,-1.5409491318415645,-1.5118641286571295
2014-09-15,0.19707827277424725,-0.7426486139166573,-1.529324654655625,-1.4178500634375724
2014-09-16,0.1377269775691352,-0.7357952857128812,-1.5132814910352432,-1.3407586127675293
2014-09-17,-1.1134141118558305,-0.7329225856448451,-1.5170173592766865,-1.5764323936547802
2014-09-18,0.1816663787909774,-0.7065307300877042,-1.4225364642236635,-1.4864756514608355
2014-09-19,-0.6096181223506697,-0.6977372832832268,-1.4706630603517563,-1.5946227008218503
2014-09-22,-0.2273571198754031,-0.7688016288637237,-1.2758192724977235,-1.6046912999711698
2014-09-23,0.6173480691702489,-0.7105522084575855,-1.1893450112286665,-1.4004192152103068
2014-09-24,-0.49087365627150886,-0.7065194799013199,-1.2123029067061188,-1.472175381616692
2014-09-25,0.2677128895819636,-0.7347730978053552,-1.2581631966264128,-1.351249305383633
2014-09-26,-0.3036652110580957,-0.7404468050178702,-1.315368772354993,-1.3870481427173182
2014-09-29,-0.04786583468761369,-0.809234297640565,-1.4428494100353604,-1.36241110139447
2014-09-30,-0.7251591918642599,-1.1250373095847463,-1.1739320562102233,-1.5047963663093367
2014-10-01,0.45832849083537813,-1.1120363912395492,-1.158153803350939,-1.339600032953097
2014-10-07,-0.37386304066804,-1.1245649421820787,-1.1137515423778945,-1.388459894345607
2014-10-08,0.9268665260094585,-1.0097331237702538,-1.0074491500494704,-1.1080716899257124
2014-10-09,0.12232125056280978,-1.1127683488295423,-0.7263889457254097,-1.0364701607740723
2014-10-10,-0.06474446840991041,-1.1201500659030061,-0.7624821278557082,-1.0133251400897694
2014-10-13,0.7652758649885062,-1.035226403728343,-0.4660268094820782,-0.7839165823834043
2014-10-14,0.03678117189000397,-1.0815838824152046,-0.2998073289473616,-0.7375281485950675
2014-10-16,0.5074260150886613,-1.1579671836601033,0.03862613931002635,-0.5711943245204715
2014-10-17,-0.21529173133855214,-1.1565860320952972,-0.058392429003042735,-0.5965748968263208
2014-10-20,0.6559655224295157,-1.1005856288212226,0.06359853087276228,-0.4021189696324518
2014-10-21,0.16116279066505762,-1.2949127078425262,0.3663322082828461,-0.33441275797721864
2014-10-22,-0.5902451069238781,-1.2322604305730251,0.18252937253300744,-0.4643603394240839
2014-10-27,-1.1002558921923686,-1.1087156617685596,0.06643729920432971,-0.722271062910103
2014-10-28,0.011621297174060534,-1.117388422573052,0.12291191572463772,-0.680558223484623
2014-10-29,-1.4631047682040303,-0.9036900706585672,-0.36423529930733317,-1.0132009044329722
2014-10-30,-1.0754569891482915,-0.8089249813477465,-0.49930335495900136,-1.2371706541373118
2014-10-31,-2.242380211874642,-0.3894980272212921,-1.070367214133211,-1.7442048286996399
2014-11-03,-0.4758173846229784,-0.3845113843813484,-1.1090101139317146,-1.799978273780642
2014-11-05,-2.148342600865187,-0.09180994016711345,-1.5751824304122721,-2.2596805144452397
2014-11-07,2.8321240866259196,0.5735826515716274,-0.7798908149336963,-1.4904803219847722
2014-11-10,-2.2684075713693677,0.8008775911286475,-1.3920236758478366,-1.9934156513708932
2014-11-11,1.3975502370918207,0.9598678602338601,-0.9962566715522952,-1.5839258856731677
2014-11-12,-0.5052255645026126,0.8840727329440976,-1.3167549706696489,-1.6515553621237373
2014-11-13,0.13005575515671172,0.8844422220577675,-1.3150363120343076,-1.565118158490038
2014-11-14,2.4534321861136017,1.2781432966055806,-0.7483515870401093,-0.892570573355949
2014-11-17,-0.38970741508486834,1.232617648728016,-1.0100391190126405,-0.9495793886776744
2014-11-18,0.8504624845685561,1.2873379563914966,-0.8259962081922827,-0.685469225151036
2014-11-19,-1.2197949202189657,1.3124492349245747,-1.2148913202636678,-0.9545540807531624
2014-11-20,1.0100758899689497,1.3915700950286185,-0.9396851301833266,-0.6448076243080902
2014-11-21,0.4379771464470103,1.3748335114746268,-0.9888902959844732,-0.4956523919155449
2014-11-24,-0.2651150943608749,1.3674749600507048,-1.0848018556226728,-0.5278964731874164
2014-11-25,0.2119615091205985,1.3692714724377302,-0.9039671399824357,-0.4385318188265132
2014-11-26,-0.21303340305996016,1.3246243319175435,-0.7022707630777417,-0.4576589805634282
2014-11-28,-2.7055780025827816,1.6318016376652054,-1.31437300783756,-1.1187133123068298
2014-12-01,3.8862216688363667,2.2819409206896384,-0.09325551971479827,-0.07277535209830115
2014-12-02,-1.2647422667600396,2.3000695378735885,-0.13758901004743368,-0.3802706425336976
2014-12-03,1.0056480468119353,2.114326523309005,0.6349101821398173,-0.09216284906887284
2014-12-04,-0.4097041181957708,2.1109997904979907,0.6508964333636631,-0.1842015216729031
2014-12-05,-1.281026018707732,1.9680820573873805,0.8615964602759371,-0.4988079936417992
2014-12-08,1.1502337524155974,1.6820211297515533,0.4546671395673522,-0.1738167735212158
2014-12-09,2.037263670175966,1.547360093988183,1.5102441402298874,0.3785222428508097
2014-12-10,-0.2169757382290746,1.4971656424960387,1.109090381329518,0.32467841802485115
2014-12-11,-0.2513210116430013,1.4815005489793862,1.1717483359263496,0.2596571059739977
2014-12-12,-0.2603630321254545,1.4932910131072905,1.0754674538254263,0.19253176089949328
2014-12-15,-2.627252831562382,1.5873055679372756,-0.14378579173372832,-0.488594312913646
2014-12-16,0.46595598835363505,1.5908373667535507,0.05723997527769658,-0.34990164541373475
2014-12-17,-0.6153719053079258,1.5712624664388273,-0.28608930762450724,-0.4924917474008876
2014-12-18,0.7446696887487155,1.5268463871527855,0.1751819094144123,-0.28069248688979714
2014-12-19,-0.3526921018759262,1.4834942520469925,-0.14576813005796596,-0.35803896214767394
2014-12-22,-1.9748669230336784,1.6443729847503339,-0.703403963208577,-0.854124546292557
2014-12-23,0.14636882285347028,1.6474167422152517,-0.6092547374214771,-0.7920527025431203
2014-12-24,0.004352794053499426,1.642646570570839,-0.6568049092944384,-0.7688978646893815
2014-12-26,1.7874220918051575,1.8071944236010475,-0.19449102081932587,-0.28020186120027274
2014-12-29,-1.037247118573969,1.507825016539462,0.1982056840355553,-0.5305465341692002
2014-12-30,1.3143491428503913,0.7753796559386774,-0.40444936292200306,-0.16514116327589512
2014-12-31,-1.4380162906368965,0.8017127575696322,-0.44449709919982855,-0.5178944898877309
2015-01-02,0.41686722519325736,0.7437068472924201,-0.5800608034674659,-0.38120835873671094
2015-01-05,1.4737374042695353,0.8795996980912274,-0.14358524294472927,0.03394093283550166
2015-01-06,1.11084031227082,0.8460903475760703,0.4227001081192962,0.3493057102295041
2015-01-07,-0.6129378986271017,0.8002154477405112,0.003950978038650637,0.20489831195510189
2015-01-08,-0.4438484835991734,0.5366901232568732,-0.5729375880861456,0.1101692567042572
2015-01-09,1.1094798106321595,0.6268481596726245,-0.266302277173653,0.42706977867986884
2015-01-12,1.0799451393269772,0.6987527082784877,0.045563270532630484,0.7271355591986258
2015-01-13,-0.3600825944417131,0.7027155510640254,0.0220585651720255,0.6337896815091414
2015-01-14,-0.18312266434463925,0.22349123227618548,0.604969277163196,0.5821262078424082
2015-01-15,2.4633786208575796,0.5713783673829541,1.092039843744889,1.2447474515749735
2015-01-16,1.2753072190311927,0.5837373368698588,1.5621337428115287,1.5630863816854885
2015-01-20,1.3392077760343724,0.6365644615778102,1.7118051868891924,1.8925719853691718
2015-01-21,0.0019051351172061765,0.612388873139131,1.8014976365203736,1.8276960082219225
2015-01-22,0.7792346257348147,0.22623948964551693,2.509063083026063,1.997399959763727
2015-01-23,-0.8237225052379505,0.3393100892378983,2.257606834439574,1.6991304981093172
2015-01-27,0.11446008103774945,0.3331119177911532,2.286025007725073,1.6774775724276083
2015-01-28,-0.81289342166126,0.3026831786622038,1.6231842436281423,1.394834274158184
2015-01-29,-2.200347850137683,0.6016705350376557,1.3322358807894732,0.7429468313224582
2015-01-30,2.1801554678884374,0.7569819765101019,1.54849402751851,1.314412962250715
2015-02-02,-0.8598199571726305,0.6510867937255097,1.6939605052706397,1.039462944550118
2015-02-03,-1.1472857450950054,0.7813323562374427,1.3023728674491557,0.6990665545139575
2015-02-04,0.41449465132653013,0.6913454006585434,1.0406483601876626,0.7824776393012836
2015-02-05,0.15027666734028355,0.6394649792854888,0.8056919427836065,0.7975800789231442
2015-02-06,-2.6418589698475805,1.0584399118173595,0.3167712339333246,0.06746392163878621
2015-02-09,0.42334663455147853,1.0484231757921765,0.5245305688144409,0.16908475130432482
2015-02-10,-0.6111803105037362,1.0142729950665477,0.1140534592161392,-0.0037536702905844013
2015-02-11,-1.2106352476813345,1.0238438131811916,-0.42153403937400213,-0.3296763831237876
2015-02-12,0.2080449280652895,1.0235398632334272,-0.2898356856333284,-0.29208170169440445
2015-02-13,0.5215288655667456,1.0400172707006041,-0.12544624277725241,-0.15353528835374716
2015-02-18,-1.4216184402034875,0.750561063615613,-1.017535682288107,-0.5300721576355076
2015-02-19,-0.3665403497245627,0.6055284699780966,-1.3842457590322939,-0.6188492516822904
2015-02-20,-0.5929502062864522,0.4238710858050978,-1.8081533315326825,-0.765552658461921
2015-02-23,0.10774902123163477,0.4302306089488574,-1.7851431251514012,-0.7360327272883078
2015-02-24,-0.16957898614491324,0.33732048497162015,-1.9905458402449272,-0.7722010638615269
2015-02-25,0.3586480396023695,0.3658173785727877,-1.7342821344522008,-0.6615717445433495
2015-02-26,0.296938226550555,0.3802766387256737,-1.694461647104282,-0.5693778106681544
2015-02-27,0.05524395503598637,0.37649875921442927,-1.5040175190017449,-0.5421641686508017
2015-03-02,-0.43619312796420856,0.11489528785013853,-1.1118804846634063,-0.6432032806278074
2015-03-03,-0.20388504498852827,-0.39121226574050666,-1.6401712006027436,-0.6955841854234048
2015-03-04,-0.3344005005856712,-0.4159203641139387,-1.5248209703165778,-0.777851985948119
2015-03-05,-0.11782022569696383,-0.479781155259913,-1.297047565635074,-0.8059998049575414
2015-03-09,-2.6915004499872714,-0.05599305928194179,-1.9771854232440116,-1.4786605915967124
2015-03-10,-0.5145019199991346,-0.08467806973332759,-2.120030664101857,-1.5889430672229279
2015-03-11,-0.6251921863146085,-0.5189813232471705,-1.6837499721788844,-1.7331970951163522
2015-03-12,-0.04932584367772687,-0.5718385225089785,-1.7867978429174431,-1.7313775915463379
2015-03-13,0.12211046889437777,-0.553254735474909,-1.6267235445116242,-1.6869850866239595
2015-03-16,-0.08537463663944672,-0.6267639039707372,-1.3787890756123493,-1.685668212598583
2015-03-17,-0.5650068474176662,-0.6488322776291564,-1.5494194014860216,-1.807208001148111
2015-03-18,1.9180721956763922,-0.247544285443858,-1.2402056269242936,-1.303969170781072
2015-03-19,-0.0934414324001476,-0.37135143348709604,-0.9420942205544349,-1.316548590012831
2015-03-20,1.1108486403287043,-0.23160510306953414,-0.6058054094820989,-1.0231808514168494
2015-03-23,0.6095232966837645,-0.2102851992797245,-0.32840132100633335,-0.8527188277815607
2015-03-24,0.22236761921117515,-0.20585006749971627,-0.30178483073542717,-0.7776796074740616
2015-03-25,0.11726962907764303,-0.20456882810634475,-0.2350395393197069,-0.7336877537451162
2015-03-26,0.6291281083011484,-0.18023949675609405,-0.171927278174733,-0.5608621791657152
2015-03-27,-0.3864943013547886,-0.18070652297974274,-0.3310667189298712,-0.6466622817169458
2015-03-30,-1.1669414828074647,-0.08808165710079167,-0.6129581148225229,-0.9237772318316481
2015-03-31,-0.10136749819808193,-0.09623447084019475,-0.5360745677335322,-0.9243649410922883
2015-04-01,1.6696500913044037,0.13546782261967688,-0.10108419291535269,-0.471069207806521
2015-04-06,0.915947068167382,0.1863480367932454,0.19378583981843986,-0.20291672632711713
2015-04-07,-0.5203683185455469,0.20713377375413397,0.09844989289194649,-0.3062736939440975
2015-04-08,-0.5747920883065349,-0.37918603948822655,0.6040779948919235,-0.4130717566299028
2015-04-09,-0.7172551361526921,-0.351789415162176,0.5551804192463223,-0.5531352248936067
2015-04-10,1.1047066066208355,-0.3284272670211067,0.9755805426994061,-0.21254976137092413
2015-04-13,-0.7402906462449274,-0.25711156047801426,0.8067891675454945,-0.36178721311192946
2015-04-16,-0.11779531217767926,-0.2502388215952501,0.7484564418187789,-0.34427737506725253
2015-04-17,0.47189630862661947,-0.24851184521759645,0.8841714217016928,-0.17688530979182449
2015-04-20,-0.7861541140199725,-0.21586685750017043,0.8302237624329517,-0.3523000092647053
2015-04-21,0.5512336031249038,-0.48538761589782964,0.49942629055840027,-0.16254038465419188
2015-04-22,-1.3742977981356155,-0.2940839304215086,0.19351625487592877,-0.4818682959150293
2015-04-23,0.7040363667926022,-0.35750733753924707,0.09717356518999475,-0.2600623068123884
2015-04-24,-1.435893222608976,-0.21806995050222466,-0.38133211439524134,-0.594581840532656
2015-04-27,1.9738523211892873,0.09914997939451231,0.027807183553563552,-0.03479236545849723
2015-04-28,0.8408183760082225,0.14780656038964704,0.1989285459978232,0.2086583498438922
2015-04-29,-0.729403865899863,0.16048139074921333,-0.12135114472553221,0.03503711737506894
2015-04-30,-1.8035346835128279,0.3695084575841748,-0.4508189949219384,-0.41682197125593823
2015-05-04,0.5312530613974473,0.306356202165181,-0.055424555663197275,-0.25624025873011425
2015-05-05,0.2577290626193064,0.3101791739455069,0.029048491220445553,-0.16803070617371935
2015-05-06,-0.07467710198967065,0.10017790263220543,-0.37845485970614384,-0.16514206332680573
2015-05-07,-0.8473435392549491,0.058804625508835355,-0.7832246629957232,-0.37100902649276957
2015-05-08,0.4613547341287993,0.07531710558223939,-0.5587477824877499,-0.23340290059946137
2015-05-11,-0.40893554352866934,0.06569569307269657,-0.5206055344942035,-0.32805980893401754
2015-05-12,0.8282543233621313,0.09473841709997272,-0.1621238328147963,-0.09705052021087661
2015-05-13,1.751743093872964,0.23208283394599635,-0.010389761109901707,0.3758866223137066
2015-05-14,0.5166654592808112,0.2056066462685125,0.28719613913051373,0.5159934909963456
2015-05-15,0.27589959543574477,0.2058161580571731,0.38117603295567265,0.5907365772074309
2015-05-18,-0.03075185263290684,0.1950140040651951,0.2612529560552422,0.5818727080809258
2015-05-19,-1.4184997617547648,0.2986432457072219,0.11124024301778393,0.20031974442844877
2015-05-20,0.14151988367599225,0.27970865915893695,0.014548344316778072,0.24178744919899064
2015-05-21,-0.35867619285224056,0.1475462912956551,0.2549620437552261,0.14800745909408689
2015-05-22,-0.10004675873538686,0.11601143260288242,0.0644216629111264,0.12416853286792133
2015-05-26,-1.494495826229133,0.12899284731767371,0.05059466402757709,-0.27927508647714266
2015-05-27,-0.03980131342111677,-0.1903901610993435,-0.41962612929057524,-0.29540882878299823
2015-05-28,0.09179715186075252,-0.2635800105827255,-0.5921319914606503,-0.2802744991120962
2015-05-29,0.047873670634113394,-0.29596732796588104,-0.4130931304400149,-0.27731381104260744
2015-06-01,-0.1098952947447355,-0.5881350272141984,-0.018123697477096887,-0.3150577517240694
2015-06-02,0.38032280803061774,-0.6021696551354945,-0.05359398556963529,-0.22491692518864573
2015-06-03,-0.7409988007040941,-0.5598981443169874,-0.28696133481069885,-0.4315000954377354
2015-06-04,-0.7284868765426857,-0.5174920928340556,-0.43847566535499566,-0.6196698265488166
2015-06-05,-0.5552164321340697,-0.553130220265321,-0.3709003774817934,-0.7589465494919018
2015-06-08,0.27124487628205746,-0.5700268474125673,-0.414899315405708,-0.6776582834386347
2015-06-09,0.19952262032922516,-0.574406042800238,-0.2737828768770213,-0.6128001871076226
2015-06-10,0.8247962758353562,-0.575017121594263,-0.2745873125759423,-0.3858514483484832
2015-06-11,-0.4801637531398966,-0.9422688914204941,-0.7880275132306154,-0.5000720307846016
2015-06-12,-0.04872559081128014,-1.000599673387695,-0.9162836301320154,-0.49671386638419035
2015-06-15,0.4182215495645573,-0.9812942220290569,-0.8840668943364023,-0.3741754597831029
2015-06-16,-0.38328551169476044,-0.9802606929907328,-0.9637844179180403,-0.46766401813332154
2015-06-17,0.44421690921906415,-1.142350937364341,-0.5393736017645152,-0.3451251581164537
2015-06-18,1.2602532029394358,-0.9155366213506888,-0.2806485905740616,-0.0015147599601136035
2015-06-19,-0.19576657008840864,-0.9244513336999158,-0.24273103712571928,-0.04074323679101115
2015-06-22,-1.3157819165289781,-0.7477967622787202,-0.5242115010035138,-0.37406836386633135
2015-06-23,-0.6841976842470727,-0.9354493720604012,-0.3369830003451735,-0.5369881400343252
2015-06-24,-0.2882603487351004,-0.9299617649611996,-0.3945536650684386,-0.5973907850971057
2015-06-25,-0.15551128587665328,-0.9332117491609555,-0.45171580661878635,-0.6161893900362987
2015-06-26,0.08438414607156776,-0.9318129148274505,-0.4432857780179779,-0.5763334600428301
2015-06-29,0.4296811077455049,-0.9010006061659179,-0.31834149439854686,-0.4482101713033301
2015-06-30,-0.6430516148170695,-0.89060589902918,-0.5547420425467392,-0.5968553034418327
2015-07-01,-0.3698031444129356,-0.9308200052029825,-0.46927503146063193,-0.6754335688418973
2015-07-02,-0.218838773845253,-0.9800096007901958,-0.35141145758334097,-0.7102918208888629
2015-07-06,0.24573860862721847,-1.0011313129282515,-0.16496038892200302,-0.6319751585946
2015-07-07,-1.1887395184452216,-0.861748492534211,-0.5037079102040954,-0.9184610039277111
2015-07-08,0.275153835098561,-0.8557689843700983,-0.48628109248471135,-0.832236206384631
2015-07-09,0.2204332522425372,-0.9479333961082499,-0.6251698374669805,-0.7507985884118608
2015-07-10,0.09438655180931997,-0.9589298185730974,-0.4931520634112839,-0.6980913818882619
2015-07-13,-0.4715789762090783,-0.9434424581376083,-0.5903872374404372,-0.7946967839726661
2015-07-14,-0.24767111012407905,-0.9804521096019208,-0.7426779256167577,-0.8409054917948603
2015-07-15,-0.5471957607120213,-0.9679270714732147,-0.7800091302678757,-0.9592005116135068
2015-07-16,-0.3858975506510058,-1.0126696824000283,-0.9681338569300271,-1.032040763116679
2015-07-17,-1.0383638148844356,-1.2501603868462803,-1.4809795394154393,-1.2674434348414414
2015-07-20,-2.7740456904136037,-0.5682254233417903,-2.0423622589203787,-1.9282514483698798
2015-07-21,-0.3348307644517118,-0.6485023210159307,-1.8304790566788625,-1.9682613146639645
2015-07-22,-0.564488828934014,-0.6541823873036654,-1.8044795846746182,-2.064595738693644
2015-07-23,-0.47158270244970774,-0.654894440402347,-1.8442825593817604,-2.1312174536667468
2015-07-24,0.9503592178518767,-0.48375978357997035,-1.603064141057704,-1.8397526128361055
2015-07-27,-0.48829351716316827,-0.5014578397242858,-1.7283127756286119,-1.9014161196221029
2015-07-28,0.13017142994739733,-0.5403440490192458,-1.7935324528673813,-1.8074760037284965
2015-07-29,0.1204397155844391,-0.5236784888530217,-1.6268919239974795,-1.716224443171197
2015-07-30,-0.8814094132689557,-0.4978307901356563,-1.7386963350696463,-1.8793869269142236
2015-07-31,0.6085341911692227,-0.4111148887418728,-1.5575994120532721,-1.6709018043864523
2015-08-03,-0.8161392391578266,-0.4267146602740019,-1.7897531732124934,-1.8179379166724852
2015-08-04,0.17921637986006506,-0.46504397098101685,-1.4902237710040702,-1.7162894920221383
2015-08-05,-0.3870880204791335,-0.5010092341206795,-1.6357409697667646,-1.762656968467877
2015-08-06,0.4192423513277626,-0.47535604388710356,-1.5921570205384936,-1.6082104192299804
2015-08-07,0.2264345706022731,-0.46269586475591357,-1.5631608363263905,-1.5022838095668318
2015-08-10,0.9946931844647543,-0.3108432488702736,-1.23859766822294,-1.2040412152592808
2015-08-11,0.4870764426394799,-0.26345889806207623,-1.0741601677783403,-1.0366911725199435
2015-08-12,1.369787702734114,-0.07359771804141618,-0.6394029790711252,-0.6426341491549622
2015-08-13,-0.8513932777312894,-0.03830109142244354,-0.7457415257090046,-0.8269885381839067
2015-08-14,-0.03160140965295049,-0.10373656162769804,-0.515130972645294,-0.8009462886182325
2015-08-17,0.23937773830738746,-0.8111912001575469,0.18917193637683466,-0.7082621284598303
2015-08-18,-0.04090546153918401,-0.8273020868362394,0.2590119207396506,-0.6870175879992094
2015-08-19,1.3127847236186128,-0.7156280512264437,0.7099502572816273,-0.314457990138078
2015-08-20,1.7033502442851436,-0.5330056081795547,1.2430883745541865,0.16419235062617152
2015-08-21,0.6003813942873116,-0.569253339349708,1.1565138416737328,0.34362329426744026
2015-08-24,-0.5634397192253789,-0.5577198770910312,1.1379643072502452,0.21017102741982352
2015-08-25,-1.2690671288874396,-0.3520296533356995,0.7951028529560327,-0.10287744371894494
2015-08-26,-1.3961778664702469,-0.149585220836049,0.42885940025344665,-0.44064630453602355
2015-08-27,0.03345329391651522,-0.23333083076458788,0.6491215860331112,-0.396163332208065
2015-08-28,0.8738320245910022,-0.20641734098151832,0.7133725790802948,-0.1253633644844745
2015-08-31,0.0880578496423857,-0.2910108130034866,0.9336403415615196,-0.06475992414033087
2015-09-01,0.3262338346040466,-0.289725429994324,0.9696433432485096,0.050827486673230546
2015-09-02,-0.5546186794579778,-0.2699484245968968,0.9286210852742721,-0.07097032220403882
2015-09-03,-0.7427089834017613,-0.20373904613989105,0.6459849168836163,-0.23995882765500495
2015-09-04,-0.3472208612759745,-0.1856632684182569,0.507654073017966,-0.30203868727610783
2015-09-08,0.005651643947125541,-0.25554132583192884,0.27101351499002013,-0.2698306384661304
2015-09-09,-1.3230374695837968,-0.12273187684117307,-0.15606180474083833,-0.5797502294644882
2015-09-10,0.21296366785915763,-0.2895453805925563,-0.4249784399634839,-0.48856043737192983
2015-09-11,-0.22919136241754806,-0.34156957929334963,-0.2807274850621175,-0.5146218169498744
2015-09-14,0.03423811393121711,-0.3409203352017223,-0.26541069067157297,-0.47256567598062627
2015-09-15,-0.3238630018385877,-0.3433187573857855,-0.3961166503046224,-0.5218637854836986
2015-09-16,1.2999865554773529,-0.18547156448602617,-0.08373392704099225,-0.15408210184589882
2015-09-18,1.7322731446184834,-0.08000377592265212,0.01485635011081312,0.32821756462964824
2015-09-21,-0.6466438339482028,-0.3101556323262628,-0.5321560512825091,0.17321896415911692
2015-09-22,-0.7061965353519312,-0.330950849253426,-0.8307741446596589,0.00746916434515405
2015-09-23,0.3757587360315898,-0.32129950515108907,-0.6165153460889354,0.12858837438451057
2015-09-24,2.052969097666903,-0.07557962585845937,0.1576971401946741,0.6958928436215842
2015-09-28,-1.9128809210818087,0.06062764361338636,0.03558158253804334,0.1885101698199705
2015-09-29,-0.42876346556203465,0.07462410402378776,-0.07312333221497082,0.08771977766653254
2015-09-30,-1.064557495388018,0.0852897435963953,-0.5235627996449893,-0.1828220207434442
2015-10-01,-0.14393083822426872,0.08228497785469475,-0.5768890510032288,-0.2204002211183014
2015-10-05,1.8704698762013579,0.34552614124277603,-0.21958118588230813,0.2714543638690142
2015-10-06,0.9745661913079513,0.39033190851442096,0.13972508173292356,0.5174230909993504
2015-10-07,-0.16794653851686062,0.3506346037976955,0.2762021481967713,0.45018542840345893
2015-10-08,-0.5338679274272067,0.36345381852842323,0.23179683059479778,0.2916077178154943
2015-10-09,1.5499422875755753,0.505375398962636,0.6017068891674735,0.6910774250901304
2015-10-12,0.37369997806040944,0.35774426121082636,1.0147759849369733,0.7680577083729703
2015-10-13,0.4704993108986799,0.36196959821747193,1.0780878815096473,0.8700676045801519
2015-10-14,1.705428602921126,0.4820432481284737,1.5589405563324803,1.3035159530964044
2015-10-15,-0.48004277486138036,0.5182009514884734,1.4302058412155614,1.1314880941887135
2015-10-16,-0.730676494908361,0.5612772360465377,1.3288404532858729,0.8907717055373451
2015-10-19,-0.44080079246373477,0.5175892404532795,0.8997189349772899,0.7355336730122182
2015-10-20,0.6093743762116235,0.36641170632438236,0.626851593313371,0.8654006482511873
2015-10-21,-0.9129910403397542,0.39945663402738146,0.5625770103581497,0.5823916233489274
2015-10-23,-0.22824633883759107,0.3601538840310307,0.678037578117703,0.49144535809925577
2015-10-26,-0.08502348418813394,0.3595212325249172,0.5667148041035882,0.44563342148299634
2015-10-27,0.2017888921502269,0.07905509587111795,0.12461446300878169,0.4796918469815613
2015-10-28,-0.8311241303437248,-0.16721457819834465,0.38196576975130136,0.2443452724920643
2015-10-29,-0.9833916425293128,-0.0961400524566724,0.2496711665411742,-0.02902291619846876
2015-10-30,-0.40564619386190615,-0.18431792768812555,0.40692234363394153,-0.14370063237913872
2015-11-02,-0.6737481258740953,-0.1413249421864201,0.2803982573349182,-0.3243128256592039
2015-11-03,-1.5154998838614269,-0.25487089290013504,-0.5125496477775098,-0.7170557806035225
2015-11-04,-0.9705279131026066,-0.30804272958331114,-0.9560646483969777,-0.9515994576525028
2015-11-05,-0.334040291163914,-0.30673443348723434,-0.9935385000885824,-1.009548827821556
2015-11-06,-1.490284450042441,-0.17844704223206942,-1.2081166170029514,-1.3534706822168374
2015-11-09,0.26543656269794663,-0.45248774476172426,-1.4930924757959598,-1.2511709839988259
2015-11-10,-0.23312768224607455,-0.49992190371851736,-1.6264528412938293,-1.281727640674477
2015-11-13,-0.61895665968756,-0.5655240327345594,-1.8638568008027376,-1.4146966512124524
2015-11-16,0.12244982878717504,-1.0548372915013717,-2.2042264068743695,-1.3589830914168666
2015-11-17,-1.3516135426484943,-0.9641513797277378,-2.3893422015223016,-1.6662886774325383
2015-11-18,0.06563521549337736,-0.9293294126777756,-2.2202746669402043,-1.6143947425901515
2015-11-19,1.0745527393616703,-0.6663241121227701,-1.8948013258009833,-1.3093355949650574
2015-11-20,-0.4769752450151932,-0.7860756534442511,-2.1286316987340475,-1.399261540770478
2015-11-23,-0.8303590642926726,-0.7935844951824542,-2.1109348037505744,-1.578123577146103
2015-11-24,0.6403139757886648,-0.6708506435209363,-1.924031739235254,-1.3885762779119435
2015-11-27,-1.677073576989745,-0.5348087863601791,-2.2653856236734535,-1.7775381280259464
2015-11-30,0.6370910582662418,-0.4582592210256583,-2.1725911634846464,-1.591853119677751
2015-12-01,0.33023929987238304,-0.4146300689404999,-1.923034198021151,-1.4832985791691022
2015-12-02,-1.5885032631213323,-0.32097049426033286,-2.0534239733462223,-1.8523103183524048
2015-12-03,1.0344772652193792,-0.1405040820074663,-1.7418044573804026,-1.5656236707721412
2015-12-04,2.173654250806611,0.31566100406545394,-1.1123012794337879,-0.9949007804854498
2015-12-07,-1.3281457224678548,0.2843960215394922,-1.070248973308115,-1.3084524048252295
2015-12-08,0.1431432663244485,0.25061836287945605,-0.8186483663164774,-1.2357299685449308
2015-12-09,-0.21684467353159426,0.24884014710996602,-0.7920081647280682,-1.2574152416664923
2015-12-10,-0.10993578007740423,0.11387966813195036,-0.4758741099435924,-1.2547964595208394
2015-12-11,0.5221683033828537,0.1324678253494217,-0.4165932176402976,-1.0903733013163783
2015-12-14,-1.3102811003083554,0.23641033291666555,-0.6642969878295505,-1.378726134008319
2015-12-15,-0.2877672612467798,0.2210044008803247,-0.5884201512218756,-1.413388994695928
2015-12-16,1.1816756453592645,0.33295105954423265,-0.34405267789707483,-1.0798223771879034
2015-12-17,-2.235645546820471,0.5348574293521405,-0.5481807637882616,-1.6140898225523723
2015-12-18,1.4979852125522262,0.6906999387953443,-0.21653285244360684,-1.204665538877962
2015-12-21,1.0593438430560806,0.6886139453373978,-0.2200793557631579,-0.8981575498798854
2015-12-22,-0.5469608409045784,0.6926660953785698,-0.23639207224306724,-0.9987075766225453
2015-12-23,-0.31495029713794326,0.6580855646213332,-0.11598903789519856,-1.0382890927815698
2015-12-24,0.6982187281821977,0.6630553571830996,-0.10242326011614816,-0.8215793979775198
2015-12-28,-0.7817994538585584,0.5221250242938883,0.10832229974719647,-0.9765154304411516
2015-12-29,-0.09069136179811331,0.49702476690455216,-0.06313946544542466,-0.9494892158594099
2015-12-30,-0.7881334831803833,0.525178968002523,-0.3242013459379004,-1.096139056850991
2015-12-31,0.017176477999979473,0.361722368096958,0.0515293852212301,-1.0252804348433266
2016-01-04,1.3768893699001623,0.4167843315141597,0.1324378627852932,-0.6091587771863257
2016-01-05,0.2591245119748648,0.08004364368609493,-0.3164093730281147,-0.48826934758040197
2016-01-06,1.4110444245765388,0.09486463345122194,0.3284379044641575,-0.06981169707670061
2016-01-07,1.3813728107643066,0.21502926072950534,0.625785666060705,0.3432448881844222
2016-01-08,-0.46585538674867927,0.2319386208076132,0.5656921478196508,0.2542990580769891
2016-01-11,-0.9154165027763232,0.30237475346464193,0.37232830083490853,0.04811159465294756
2016-01-12,-0.5293793632781317,0.3113083431353657,0.12222689266513032,-0.05078498958424806
2016-01-13,0.4658040952238039,0.18509489255143255,0.546190418731133,0.1165724601181053
2016-01-14,-1.6584205438025603,0.3895409039667702,0.21834383037785093,-0.2815015061931738
2016-01-15,1.0011013695482178,0.36374906840055293,0.17548640601173568,0.021222734245871726
2016-01-19,-0.11833772856389031,-0.03244932695897185,0.6829082502978336,0.023062747468079445
2016-01-20,1.3052682854487987,-0.0711696324158309,0.6362769518298822,0.39937318067352995
2016-01-21,0.09153448932951244,-0.1440453255072205,0.4034526923878746,0.4382917660971067
2016-01-22,-0.48767356473863965,-0.15002958012555984,0.4176506135104678,0.3166204043567443
2016-01-25,1.0007468130643766,-0.10304097360612596,0.7349060038364096,0.5937670424428682
2016-01-27,1.4835931921166092,0.011124755278956061,0.9262838806342387,0.9909961111389024
2016-01-28,-1.0955233778472422,0.06572575471261048,0.8496561152829168,0.6822095636387006
2016-01-29,0.36172241518567927,0.061717630548829415,0.9602359137863561,0.7733641813217985
2016-02-01,1.000697894953034,0.022252817605042028,1.4023996952072273,1.0333022206320304
2016-02-02,0.01475101197614436,0.02235751933817275,1.4017947952694632,1.0200161594699046
2016-02-03,1.0448787258423133,-0.02572836524348228,1.3191312363335965,1.2816109631910153
2016-02-04,1.1783671862555964,0.034325296893161626,1.5486769395419757,1.5769227723266455
2016-02-05,1.5475653885393184,0.05851060022138681,1.5829482047722572,1.9782714810275919
2016-02-08,1.312745826040296,0.04779333751140299,1.5657147177439656,2.305677562515018
2016-02-09,-0.24204062271974758,0.024080900924622204,1.6219623378730417,2.1785539087971113
2016-02-10,0.749304067632498,-0.09820049502021518,2.0443039889047823,2.33909973416276
2016-02-11,3.916704629530015,0.6342395123341054,3.2073709291262222,3.409407478810859
2016-02-12,-0.611726041579464,0.7264373276485105,2.920728909945513,3.137566782473689
2016-02-16,-3.101328512168271,1.2093295345257007,2.541696882634223,2.1590349794377377
2016-02-17,0.5942867626212023,1.1966908879698388,2.435817248294841,2.2569838323939626
2016-02-18,2.3811700878314133,1.3469174285261827,3.0932133007878937,2.872582865445927
2016-02-19,-0.6240781958226629,1.3930971652293198,2.5843317160708064,2.6188993307713084
2016-02-22,-1.8151721137210752,1.6455891626407477,2.0909788428001725,2.02545004680729
2016-02-23,1.4641379933752667,1.6472709410036988,2.5961167580244005,2.3793230306661663
2016-02-24,0.3098043599761954,1.6376893018623409,2.416168872457541,2.394777233246172
2016-02-25,0.24090571834333147,1.5896841877848333,2.0956389709251475,2.388130332275707
2016-02-26,-0.7112969694198459,1.5391872968682188,2.1943183909753423,2.111907658794533
2016-02-29,1.275341596564822,1.5700843050154667,2.430488522485627,2.3990157275990907
2016-03-01,-0.7580227291986681,1.626525560612141,1.9777733974682392,2.097573867477211
2016-03-02,0.7472345556939581,1.6233045569498306,2.1653558584995016,2.2359432904133816
2016-03-03,1.689793841379581,1.67927585944591,2.331654476038292,2.6289215146636162
2016-03-04,-0.1796953137532811,1.6720210161895057,1.982707572181515,2.483216015451184
2016-03-08,0.010924665605856487,1.6117931120242304,1.593550364000414,2.399972675008819
2016-03-09,-0.8547594703526098,1.62210300867393,1.0546963717049411,2.0681321069805416
2016-03-10,1.570108972099925,1.6905106137801977,1.5044042853894657,2.430703030665865
2016-03-11,-1.7568150239577176,1.8666295445909042,0.8846262295503093,1.8421488864316355
2016-03-14,-1.319890581850385,1.2293573446807855,-0.36133142767703363,1.3926984529442459
2016-03-15,0.054054616456265324,1.2135402703191664,-0.20651821698199876,1.3345019406834189
2016-03-16,2.1821235376550803,0.8880627543642131,1.0592876389954557,1.864454759815958
2016-03-17,-0.40430770238366254,0.9002826853296808,0.8148898997658782,1.659911292316293
2016-03-18,-0.29723118084502437,0.596250043436691,0.17130210960144676,1.4963232321556823
2016-03-21,-0.7256596610946767,0.605464962541561,0.14723105813890117,1.2189817023027543
2016-03-22,0.27144501948960215,0.36889138455182624,0.6466247557989012,1.2288894649847089
2016-03-23,-2.3105177747826153,0.6024772528344997,-0.24921194064835991,0.5427926111740489
2016-03-28,-0.030818978950896254,0.5939676030508879,-0.32840027789850257,0.48788491383018656
2016-03-29,1.8127073493431598,0.7983023799315402,0.039273916219247196,0.925996387949546
2016-03-30,-1.429432958740031,0.8887550133195223,-0.1294291100271009,0.4759271067155011
2016-03-31,0.4376934133168493,0.799654023349866,-0.3246825712415967,0.5400758672889889
2016-04-01,-0.6274136229277832,0.7897664051972092,-0.29434551061928815,0.30881100941222006
2016-04-04,-0.6913285597291505,0.7686386570696068,-0.6263099628046094,0.07104236689622012
2016-04-05,1.2690081097812667,0.6852554940939238,-0.722511368140773,0.35645153070588764
2016-04-06,-0.6358605296935963,0.6990930875203057,-0.8263449287819351,0.13582265096971735
2016-04-07,1.3952808843937738,0.8399357681725264,-0.5097654796438916,0.459316960953241
2016-04-08,-0.17406855889113473,0.8053845887081876,-0.35248753784903336,0.3548177569672545
2016-04-11,1.319288143991645,0.7594642457699067,-0.41056591710446344,0.6563750891474126
2016-04-12,-0.005584618925266277,0.5758376428000336,-0.0020031712537294743,0.6026837558087136
2016-04-13,-1.0938523782636946,0.5403896665046909,0.05125507049545184,0.2531050182290287
2016-04-18,-0.8929678555962123,0.5904974880145192,-0.17107627344774998,-0.031479286069729
2016-04-20,1.0166808699296768,0.3333633551222756,-0.4418107253444249,0.19832579396296124
2016-04-21,0.3551653339334878,0.33823594708585897,-0.2657422025654785,0.24834150769160337
2016-04-22,-1.3112993400792212,0.43862616563399903,-0.5005347463572752,-0.13816378560077452
2016-04-25,0.2656562961556611,0.4183520638097721,-0.27103630127733497,-0.09590955419303278
2016-04-26,0.3743654266107291,0.42352794745775385,-0.24707864924081685,-0.018564483854559066
2016-04-27,0.26369449915595305,0.038812431625251095,0.36023673251699345,0.034578687752322756
2016-04-28,1.8496348916085312,0.25643717471291805,0.813868337017084,0.5071378546983643
2016-04-29,1.9041998989748425,0.2782658825574977,0.8361579929802299,0.9962933117519506
2016-05-02,-0.35427227815754425,0.10621772652474303,1.0996256173710233,0.8843737676278719
2016-05-03,-0.24962736148785464,0.1187933822731442,0.9308714255370852,0.7998968976638929
2016-05-04,-0.633869758187933,0.11959448752683717,0.929291779208801,0.5967953538521663
2016-05-05,-0.13682921077386145,0.06712273314466878,1.0653357445448348,0.5349707256967874
2016-05-06,0.8826708423466929,0.015996319084091316,0.9704699091910265,0.7613379152078672
2016-05-09,-2.0968673387384444,0.3445636841139515,0.6150135231038907,0.18016801780702005
2016-05-10,0.25081492013589585,0.22876942371773704,0.3401760545537878,0.22915478356414898
2016-05-11,0.91534688389406,0.27026598196342055,0.6017212723754177,0.46192717819444873
2016-05-12,-0.8112079089810934,0.21655256236195658,0.09288430425062359,0.23106532343494704
2016-05-13,0.43052482152938654,0.22768008316571267,0.1961616433828421,0.33676331630294487
2016-05-16,0.051654519561154265,0.12765333063587467,0.4695908056825399,0.33552734160463377
2016-05-17,0.32187843486025974,0.05053307639559553,0.7630149452116938,0.4129635137320883
2016-05-18,-1.7714813635613782,0.2454256743652552,0.09484576086738615,-0.07046597067385961
2016-05-19,-0.21386951138168983,0.24055019385559717,-0.03924577687771509,-0.1270750817006061
2016-05-20,-0.15577120028161584,0.11202148824192269,0.23385241841574897,-0.15820394590751205
2016-05-23,-0.3065733584579662,0.11720884826720777,0.09821676521226878,-0.22882464163360228
2016-05-24,-1.7709976555516223,0.3246572123136086,-0.4034426569228567,-0.6762146984324791
2016-05-25,-0.2953335153907705,0.3184515260419257,-0.532404008987902,-0.7362793011431265
2016-05-26,-0.36465998890851986,0.02344534394232614,-1.0361894877817894,-0.8041527567369758
2016-05-27,-0.8488557100100249,-0.3520509342187044,-1.647187911047995,-1.0022762843701687
2016-05-31,0.357464323484518,-0.3084767223453364,-1.4908380471173774,-0.8960190667794177
2016-06-01,-0.12565479826457548,-0.3055842323841208,-1.46349051123723,-0.9140782826845716
2016-06-02,-0.25532342000181574,-0.3148616833936503,-1.379775477288695,-0.9531302284010044
2016-06-03,2.7142035075823885,0.3555468243342132,-0.7389846848822803,-0.22871263443499343
2016-06-06,0.011387743893940393,0.2797954490577702,-0.9367546604481723,-0.21581945136863606
2016-06-07,-0.10634116368564724,-0.002058808064321612,-0.4823885313712221,-0.23759531545322424
2016-06-08,1.4476546936072128,0.1646424537064769,-0.20480545193537059,0.1509263050667266
2016-06-09,0.5316862859304464,0.12071042687896869,-0.2941500319423859,0.2798620367820132
2016-06-10,0.3809341229572427,0.0871744062333241,-0.015404779927912199,0.3660645114418953
2016-06-13,0.7140819472276398,0.1112621431229392,0.051387010469670064,0.5494986513484799
2016-06-14,0.08366496685146255,0.11150737477242884,0.05893896880181387,0.5525325469189658
2016-06-15,0.7160117661994689,0.14043084974124725,0.1521220233687022,0.7278263623895966
2016-06-16,-1.078569802201346,-0.016236132605492223,0.31683712573468586,0.41306427644215915
2016-06-17,1.2520765546459582,0.07688364321388663,0.6690993172678218,0.726980390355324
2016-06-20,-0.6208541218466759,0.11351256439173092,0.556781416594085,0.5369631147315433
2016-06-21,-1.9639085447428428,0.40044055991990946,0.16075581213657034,-0.007389069530958172
2016-06-22,0.02738452164978953,0.15753052879010124,0.590789189680646,-0.004291745835642442
2016-06-23,-0.677610984555205,0.19148929673213497,0.49872954254178714,-0.18720283913654812
2016-06-24,4.763609996350078,1.3975826973753869,1.763518141089892,1.0928278055829899
2016-06-27,0.5158149397703173,1.3180251467373945,2.1111618983775045,1.2127383340940954
2016-06-28,-1.1012733809825324,1.4330156667042464,1.7397293623079702,0.8812463294318641
2016-06-29,0.39169969479876304,1.4203915875587014,1.8708414544998486,0.9589807229482343
2016-06-30,0.47698628889590167,1.3984725223916643,2.057593034082597,1.0635598300907885
2016-07-01,1.499583506288304,1.1806737623156418,1.7485891341617543,1.4497486020656871
2016-07-05,0.7995825898751826,1.1825894577986682,1.948680942216112,1.6289349164510611
2016-07-07,0.18601782574454093,1.1709279571501667,2.023301475134787,1.6342910995429956
2016-07-08,0.5769650180271076,1.1124992855308218,1.8017114154583,1.7499508662446834
2016-07-11,-0.9688012022943376,1.2026708727668793,1.4243379478720897,1.4327650703947277
2016-07-12,-1.6907467363702473,1.3976644427217018,0.9125310019953354,0.9378400456297139
2016-07-13,0.8934316630503161,1.4086839006255405,0.95642102788041,1.172156892924516
2016-07-14,-0.7964997591933731,1.4565285302267188,0.7417822638338158,0.9373172734893372
2016-07-15,-0.4076936437742799,1.4540234852483587,0.470485378193419,0.8128062294962862
2016-07-18,0.13526385689513112,1.37949040042203,0.763674375370266,0.8345787833948756
2016-07-19,0.11143834589169052,1.3152965024438452,0.48806430107359083,0.8483805641158343
2016-07-20,-1.4628193670895755,1.4128553396375263,0.28662986641391786,0.4421730204007747
2016-07-21,1.4890360326524765,1.274133654495056,1.123621183159464,0.8279647172874721
2016-07-22,-0.771074181151752,1.3233177032654155,0.9274978056541564,0.5973511175246057
2016-07-25,-0.7209320954290375,1.3273446406563998,0.9169016860995365,0.3912891269303149
2016-07-26,0.39914180936404486,-0.03827590352628407,-0.12743039107752377,0.48485602128995126
2016-07-27,1.575512332116602,0.13136940865366842,0.12195911189488305,0.896832255279683
2016-07-28,-0.31156034753249967,0.040835070761863275,0.3095371284401184,0.7903216855862858
2016-07-29,1.00610693148723,0.09826334830842887,0.4565036779990782,1.0455802700046135
2016-08-01,0.16360307510783734,0.087507067149495,0.381429380789977,1.0562462326079916
2016-08-02,0.78678268069049,-0.031186647936351303,0.2115442239511443,1.2357757207471747
2016-08-03,-0.4991695033547376,-0.05869637494525216,-0.09489630368200377,1.0572542653496035
2016-08-04,0.14724637884693306,-0.059831780051611154,-0.10398336732179005,1.057348362384223
2016-08-05,-1.8242095201043127,0.14224206763647204,-0.6599461889516376,0.5135390669287606
2016-08-08,-0.10849461010131213,0.08772692831490868,-0.46228602790082884,0.44403266018663196
2016-08-09,0.3848276189758021,-0.11147022545814712,0.021649919197713502,0.5054563629945242
2016-08-10,0.4454052949291907,-0.1611147283435028,-0.08366285061212395,0.5768892355561585
2016-08-11,-0.7167115603074872,-0.1710582371111381,-0.06494241741415757,0.33651073465873355
2016-08-16,0.6022182783318344,-0.1574092626451472,0.17330575666580336,0.45230624182743867
2016-08-17,0.001096641863669975,-0.15807861587762473,0.14151558018066948,0.40299169023512005
2016-08-18,0.4511894436063525,-0.1446488579935624,0.22210056752430665,0.48793853262065745
2016-08-19,-0.9088479406557344,-0.26232370358677326,0.35408487618984935,0.2076431310795195
2016-08-22,-0.17078076404880632,-0.44912962712456356,-0.03919112129715143,0.1291548048880483
2016-08-23,-0.037889413533131806,-0.5080697506496944,0.13372436976531707,0.09431874653882287
2016-08-24,-1.1395714502537246,-0.4319015160247921,0.03483647956220406,-0.22664113235085542
2016-08-25,-0.1093149836993659,-0.4458060916359232,-0.0847118337613535,-0.26867419608819
2016-08-26,-0.1648969686682818,-0.7126262817461645,-0.4893444546214179,-0.320863919497886
2016-08-29,0.1758300031306991,-0.7105175056720795,-0.3767389558359601,-0.2830289616105609
2016-08-30,-1.0325548889755132,-0.7609827957063621,-0.8441137982348047,-0.5558263320772864
2016-08-31,-0.22233185263745797,-0.7745106200813988,-0.9315236401441999,-0.6183365251409062
2016-09-01,0.3855131485223292,-0.8468117005747988,-1.0220494702009344,-0.5166581809682586
2016-09-02,0.9938751490952112,-0.7047200155946904,-0.6833734931679687,-0.2616426043843032
2016-09-06,1.6538528137473854,-0.40368898346050064,-0.3364551692010619,0.15454327902708054
2016-09-07,-0.3645752977360346,-0.7129209627726978,0.004670487859596443,0.031054708302564026
2016-09-08,-0.5536213915193946,-0.6819311571523327,-0.0998867871977993,-0.14285893477361916
2016-09-09,-0.6825645100470354,-0.658138016161143,-0.3487213961095488,-0.3218463858465062
2016-09-12,-0.1485187533699979,-0.6873327088712886,-0.4860331178580498,-0.3549676202770553
2016-09-14,-0.34654250562923816,-0.7223863700213549,-0.40054802500951614,-0.4443598914388507
2016-09-15,-0.6660445730501969,-0.7446819671715017,-0.6921237752007067,-0.6119708190547248
2016-09-16,-0.2697428809069306,-0.7456781553354714,-0.7539123528805004,-0.6710746718776561
2016-09-19,0.1853754726656695,-0.7740282753060218,-0.8143918615350727,-0.6039124664036499
2016-09-20,0.07343656771272519,-0.8343011343597518,-0.590093727484824,-0.5621456937173116
2016-09-21,1.4256121415540461,-0.5903573218286806,-0.22083365730509513,-0.16820708891467726
2016-09-22,0.2131248090215336,-0.5840912413391296,-0.16223343413442845,-0.09289633619625164
2016-09-23,0.040428377192348805,-0.7193719735955669,0.11522229514862356,-0.06920865856923628
2016-09-26,-0.10058748725932828,-0.7196257070652992,0.11728663420978791,-0.09187568600042156
2016-09-27,-0.7538061206897632,-0.6601662810607352,-0.02160626017817079,-0.27991652917987947
2016-09-28,-0.33854943529248577,-0.652762536551195,-0.14225384862180734,-0.35924712718351354
2016-09-29,-0.14111775602878784,-0.7646070409970365,0.0672276920899758,-0.38753089030906446
2016-09-30,-0.3637978280773804,-0.7549607039643998,0.03385934461575432,-0.4719994302180996
2016-10-03,-0.2771826656485877,-0.7635431358749505,-0.12182713954902827,-0.5313708487230754
2016-10-04,-3.5538967739410547,0.15849159826171816,-1.1628349608751856,-1.4274346165381357
2016-10-05,-0.17938269320324077,-0.13612379318770063,-1.56926105210871,-1.4412802541719827
2016-10-06,-0.9535728024243919,-0.10671323483049987,-1.698267024368193,-1.650368534991932
2016-10-07,0.044563509652959,-0.09696647813181085,-1.5672427435986738,-1.6106918238447718
2016-10-10,0.32779470574688474,-0.0745717278183898,-1.344149007568073,-1.4987518374304383
2016-10-13,-0.13046089125353702,-0.07413783898236803,-1.3401411714876765,-1.494111139196847
2016-10-14,-0.58182017457785,-0.06770127522245686,-1.3923029737055668,-1.602500224517424
2016-10-17,0.2454076069228731,-0.05792809353557348,-1.1895459360771945,-1.4974181501214439
2016-10-18,0.5939681283574607,-0.0039147970789991425,-0.9956957120064079,-1.304933413458496
2016-10-19,0.548933762853197,0.02831851442360502,-0.9135969458496003,-1.121057684445202
2016-10-20,-0.32812297613635644,0.023606550616163607,-1.0042599358497757,-1.163238954076397
2016-10-21,0.052247984001588074,-0.19559287550157467,-1.3115959691916592,-1.106980710137199
2016-10-24,-0.2458801167184996,-0.21719016302312344,-1.4133758336561177,-1.135817666323419
2016-10-25,0.7294940591482946,-0.13935916596992068,-1.2604061557053576,-0.9169307976725884
2016-10-26,-0.5834457290865362,-0.13460180318494153,-1.3677091546895461,-1.0325195577127346
2016-10-27,0.1596672540712592,-0.1384443208943661,-1.1642746748631583,-0.9541665560675971
2016-10-28,0.4475344515534175,-0.10187564125169939,-0.9877160658154797,-0.8067230382358058
2016-11-01,0.9188888111310198,-0.005044441928868059,-0.747423962847166,-0.5360813873065814
2016-11-02,0.7162452820596847,0.04620769799743921,-0.49995504322585155,-0.32021227482595543
2016-11-03,0.5099761765595043,0.07020234459869784,-0.3179024626074514,-0.15791558964663224
2016-11-04,0.050109143949242686,-1.2156483916025234,0.5341782005505226,-0.12318660675189307
2016-11-07,-1.83885802566663,-0.7617014301347691,0.13801755222016848,-0.5807675246303401
2016-11-08,-0.44050482795274937,-0.8481368797022317,0.2597988893475056,-0.6646416001606008
2016-11-09,-0.08801379608667746,-0.845733266809018,0.2282705522205621,-0.6616709677110584
2016-11-10,-1.521933382433342,-0.603557773236341,-0.20728146304245892,-1.0246741536319384
2016-11-11,-2.2593232252346733,-0.17213405198007936,-0.6986864399359382,-1.5597171336208913
2016-11-15,-0.005167815790712506,-0.1878493821448506,-0.5666095671553895,-1.517753528796091
2016-11-16,-0.32143926580293813,-0.196764394957406,-0.6964469457379594,-1.5596105357828183
2016-11-17,-0.5372324746290625,-0.23574099028370113,-0.9533604299662557,-1.6543757081606172
2016-11-18,-0.9038587752656114,-0.25096055360394204,-1.2790767384987527,-1.8344164578540632
2016-11-21,0.35036709291735463,-0.21960930550041016,-1.1275481791421789,-1.695969342663176
2016-11-22,-0.05684766996242716,-0.22410587374898638,-1.1519821728822086,-1.6505434350639558
2016-11-23,-2.0235044936487028,0.020274477584807042,-1.5463799233932054,-2.0893175990868045
2016-11-25,-0.5887856807315988,-0.07100234085705033,-1.8343680646877665,-2.1686922201109757
2016-11-28,1.0286206434357987,0.07593653612884857,-1.4816808962737256,-1.854639690237102
2016-11-29,-0.4889169300873923,0.05894241139004181,-1.6242620083712114,-1.9164059742749397
2016-11-30,-1.3728187213688137,0.07684748232207127,-2.019531764475253,-2.1923712420787944
2016-12-01,-0.21027897225683584,-0.06889997818632734,-2.2611256047141346,-2.182299795172587
2016-12-02,0.5140643976031951,-0.10556918730658063,-2.304096392959316,-1.9963503688578927
2016-12-05,-0.558552277106331,-0.19655479794870076,-2.529759787361119,-2.072644046055345
2016-12-06,-0.12088079316607178,-0.2120148820147835,-2.565647941259783,-2.0392129953428983
2016-12-07,0.33596935789872745,-0.30018249137090924,-2.1045782806811295,-1.885805246953526
2016-12-08,-0.2549375491585754,-0.2965396652463009,-2.06477106257423,-1.8770077864133279
2016-12-09,-1.0761100413363953,-0.27860679666165966,-2.2758856069818627,-2.067234163792588
2016-12-12,0.35734543206315345,-0.3203693146505892,-1.872564871685259,-1.9027094219755925
2016-12-13,-0.3565723929562436,-0.6679091856544311,-1.456408426853671,-1.918001872683613
2016-12-14,-1.4993548379717774,-0.5458566856717046,-1.7838732251343272,-2.211280457130323
2016-12-15,-1.4003728524058763,-0.45296649221884666,-2.017306726301484,-2.471211810212529
2016-12-16,0.6368222139702846,-0.35223857383362617,-1.7631721215230307,-2.2362192195847563
2016-12-19,0.47611371043161865,-0.3185193205803795,-1.460623875748211,-2.0423195481307994
2016-12-20,-0.7614455179095864,-0.34597359578389264,-1.7047066250200116,-2.1694260545305246
2016-12-21,0.03338423155856027,-0.34016826032642244,-1.684998544412685,-2.100768562799962
2016-12-22,-0.2635350450005729,-0.6171532578446708,-1.2970144741208807,-2.109086554164916
2016-12-23,0.2931746523193911,-0.5975994394139656,-1.1000026287873834,-1.9802613856249625
2016-12-27,0.5595813057837419,-0.6992435674175542,-1.2049927599891674,-1.7848468799878197
2016-12-28,0.25363400127976893,-0.6800188093248573,-1.038551815570455,-1.6668865429270683
2016-12-29,1.2823979886420107,-0.619601420567137,-0.4331744307631463,-1.2958157647184014
2016-12-30,-0.6405105247650908,-0.590955244616479,-0.5323601377347299,-1.4089185560276694
2017-01-03,0.7590436117843614,-0.5545990736436822,-0.47593489361547664,-1.1648040822667256
2017-01-04,0.33005765153775374,-0.561539356524496,-0.27009998059169477,-1.027983159452954
2017-01-05,1.5168563564704356,-0.34149612514275884,0.11408745823884751,-0.5898552359027072
2017-01-06,-0.7619926010988447,-0.29944896178791264,-0.1441718978505358,-0.7420592780262657
2017-01-09,0.7973870245221354,-0.24961891250919116,0.10329617295847511,-0.4906581853689288
2017-01-10,0.4027405123602339,-0.35443325478300913,0.45549981797834854,-0.33966191343478047
2017-01-11,0.2865020216620412,-0.35729572478804966,0.43850863965956527,-0.2235572353327778
2017-01-12,0.33822608535531035,-0.37294071004794516,0.6056712321342569,-0.09395158075695685
2017-01-13,0.2406872010201664,-0.6452726877761245,1.0294444202849329,0.011379252447960612
2017-01-17,1.4030369029123888,-0.8208877818396485,1.7278990696374015,0.4302620643864339
2017-01-18,-0.8714871129662686,-0.675618321413247,1.3496785247414214,0.24137516013102456
2017-01-19,-0.10931413381810351,-0.6650533648279706,1.2044082953656643,0.2634564931626585
2017-01-20,0.22135246946505202,-0.781949180871331,1.4487692369754148,0.3746407159216254
2017-01-23,0.6186872351250299,-0.7809232342117318,1.5954433050263763,0.5807257844010305
2017-01-24,-0.4722034094805614,-0.7487774583024805,1.5430535015001332,0.488429532738264
2017-01-25,-0.8495424518371122,-0.6104033868079501,1.2580857390783964,0.29800903132575146
2017-01-27,-0.7506921965200375,-0.524417162973439,0.935317052827079,0.13092380134091036
2017-01-30,0.39967634142197733,-0.5208935580931092,0.9710835361969448,0.26018257551857055
2017-01-31,1.3541236038440796,-0.5053884489678508,0.9886686320480189,0.6437950850229534
2017-02-01,-0.32551066156669245,-0.5487347671982024,1.066047260390992,0.5681738769716272
2017-02-02,0.531595683244942,-0.5679692123109471,1.010151001814873,0.7221520999726797
2017-02-03,0.2277090295677415,-0.5693301799462602,0.9850398690493231,0.7863611146663778
2017-02-06,1.32020071827753,-0.6176898712364476,0.9368627007605119,1.1494776472410602
2017-02-07,-0.22629299966544503,-0.6970188963786381,1.0683225414104045,1.0828114596897214
2017-02-08,0.5971248469819831,-0.7174678380162198,1.0190960489034893,1.231723355071672
2017-02-09,-0.7863996146691828,-0.6225491650289894,0.7288158160980279,0.9946359805840357
2017-02-10,0.241622717007802,-0.6235442256395219,0.7179278316705046,1.0493820405664647
2017-02-13,-0.704617347014886,-0.5576544146297373,0.466299389506246,0.8421714268170846
2017-02-14,0.08895746453973813,-0.5596378294427105,0.42990666426238855,0.8475054555657182
2017-02-15,0.42133531130007956,-0.7314464147642071,0.1957734279936062,0.941546000716236
2017-02-16,0.5125533983919612,-0.8115625609629041,0.5265296687613321,1.061250116125764
2017-02-17,-0.3614647237710215,-0.7919217662394838,0.4659294017889115,0.9364560530006575
2017-02-21,0.03720236613427599,-0.7932043699172542,0.42176841769502904,0.9219279557285003
2017-02-22,0.11350443071736192,-0.8258925018485925,0.3010375316782576,0.9298180780561179
2017-02-23,0.8472299868315163,-0.8000580543885518,0.6176504869888184,1.1361188713201058
2017-02-27,0.12893016348461853,-0.9186769017620321,0.855159397949793,1.1354474693653018
2017-02-28,0.07002817495458985,-1.0303277902832448,1.0561769987030725,1.1198788729203757
2017-03-01,-0.16488629606150756,-1.0168145948750729,0.9177225927159933,1.0377744494723649
2017-03-02,-1.2727001401115101,-0.9574091187844028,0.28369922556472726,0.6487995492147165
2017-03-03,-0.08177621920995927,-0.9740475833630673,0.3418295000295147,0.5835226814463602
2017-03-06,-0.6965813168079431,-0.9349869254447815,0.050348214143257124,0.3577795080097949
2017-03-07,-0.8305929414201224,-0.8615474941829984,-0.19796052086393545,0.10475746831444699
2017-03-08,-0.6458554146833544,-1.0685697797106564,-0.6523349233537729,-0.09683825442198603
2017-03-09,-0.5361708202913211,-1.0491393457481346,-0.7231389401223031,-0.26472008305666367
2017-03-10,0.1958456960733415,-1.108910877285848,-0.8145017321672734,-0.2396707364123351
2017-03-14,-0.5464592611746651,-1.1420439398622813,-0.7599164676760908,-0.40733116145596937
2017-03-15,1.826411647426885,-0.6995870431017135,-0.3960754822558554,0.05039345445227628
2017-03-16,0.38967973917358106,-0.7242964812169115,-0.14145549992062453,0.1246738318748107
2017-03-17,0.20016845545323114,-0.7202750895504171,-0.11542267043606416,0.15343371494188704
2017-03-20,0.4211148187346878,-0.720296114514893,-0.11547431310530248,0.2364691021637692
2017-03-21,0.8501767803081794,-0.6703841047931928,-0.03626425173414942,0.43589841303529525
2017-03-22,0.22202276059588158,-0.6804291370613464,0.10126041409954886,0.4651095846917289
2017-03-23,-0.15694061935550233,-0.6770859106447586,0.055412885365717285,0.3997328591211809
2017-03-24,0.1376865705948184,-0.6765321224451074,0.06111872689244678,0.41001631628808294
2017-03-27,0.5396796216271379,-0.7214714913100188,-0.01134586819931992,0.5314237683834436
2017-03-28,-0.4328917231601388,-0.7044753573961295,-0.14314733776920852,0.3916063584440823
2017-03-29,0.22099802200011376,-0.6990648570392094,-0.10780308185230071,0.4307074840965022
2017-03-30,-0.7453122239856617,-0.6473182491389027,-0.24339791768315638,0.21291180693463815
2017-03-31,0.18848991217278957,-0.8163300231525923,0.09946417968423807,0.24910910596587432
2017-04-03,0.5068411393679415,-0.7934280477560649,0.23900302581973246,0.376641393345648
2017-04-05,0.20365695493849376,-0.8603697416684181,0.45401092787586045,0.41610602925335505
2017-04-06,-0.3906372755951244,-0.9362364946839804,0.5597939271470308,0.2953404380777256
2017-04-07,0.21234288322102096,-1.013627154432629,0.767483840143264,0.3386610913939152
2017-04-10,-0.022243939751567937,-1.075019316479974,0.8927139388662517,0.32165141624290244
2017-04-11,1.4150946122309527,-0.8958310311169435,1.1924001308237464,0.6874415208348016
2017-04-12,0.6600724977630366,-0.9619509282200829,1.4925804846392263,0.8397680514084344
2017-04-13,0.45181107043180174,-1.2879526355150446,1.150872017387112,0.9283756455258034
2017-04-17,-0.3162198212709744,-1.2472455177066681,0.9772117717307781,0.8079499881212638
2017-04-18,0.45095990686550147,-1.238914126971035,1.038769256725014,0.9049924910382727
2017-04-19,-0.9133938297029949,-1.0759751591460456,0.7129786003803485,0.6282333067726829
2017-04-20,0.1664564081113362,-1.1452176878299205,0.5477407875856687,0.6516873841214152
2017-04-21,0.2642311323081385,-1.1437788205757484,0.5579087796727142,0.7018519988252216
2017-04-24,-0.7029370627605904,-1.0639696019994778,0.42670914128330223,0.4973941942394927
2017-04-25,-1.0395930331810237,-0.9108223707426039,0.14624253094969678,0.20770242357244306
2017-04-26,0.46704061679448156,-0.9190440181679801,0.12904548325689083,0.32834142818290624
2017-04-27,-0.39520997057509066,-0.9231232611273213,0.13796495560993569,0.21296864386152375
2017-04-28,0.2927963255879005,-0.9192825297624005,0.1549693069277486,0.2839168330727802
2017-05-02,-0.9536502952535637,-0.8754225402948689,0.10566123657191362,0.01933447368592909
2017-05-03,-1.4273606012799873,-0.6581740131070415,-0.27329822080493166,-0.3604525782508301
2017-05-04,-1.0356872951144909,-0.6032824049292812,-0.6293915128193253,-0.6247845629325871
2017-05-05,0.16589176380792098,-0.6057165483113862,-0.6380408998173992,-0.5706400965720574
2017-05-08,-0.24462480126425867,-0.6113437880247806,-0.6045814519467159,-0.6249417123510497
2017-05-09,-0.6234245838993075,-0.6012136505480158,-0.7954424685180996,-0.7747511472807723
2017-05-10,-0.03086035945803601,-0.6014602077375375,-0.7974018689801683,-0.7687858695366451
2017-05-11,0.37325960434692174,-0.8470413568655415,-1.0330779531574759,-0.6546063481578177
2017-05-12,0.2605281688521868,-0.9121503662114299,-1.1228102822839188,-0.5702462733958477
2017-05-15,0.24266027363195544,-0.9422283431975587,-1.1696399519441112,-0.4912126186674277
2017-05-16,0.41204982719851,-0.893029283900097,-1.0061533086886703,-0.3701303377168118
2017-05-17,1.7797861431299027,-0.5230717285072393,-0.7047632942540494,0.10158427015632046
2017-05-18,-0.843446102703621,-0.533134978553586,-0.6887872425387741,-0.12481270097641645
2017-05-19,0.4729625735183963,-0.505839213410943,-0.6186493117373827,-0.0041972769483322
2017-05-22,0.39550797369605334,-0.494276268565007,-0.588543339740427,0.08954360964240515
2017-05-23,-0.6579205182960721,-0.4991486499113988,-0.5782105022016608,-0.09963157820579058
2017-05-24,0.371348440629935,-0.5685477001842169,-0.2519814495264895,-0.017288621020701268
2017-05-25,-0.1309523928371649,-0.596497005566361,-0.39080803681978676,-0.06789170979488068
2017-05-26,0.860735853356093,-0.5263108247462501,-0.09827235879449871,0.14065358782864046
2017-05-30,-0.3545303347920151,-0.526480432968007,-0.24950702609355474,0.033518585767685634
2017-05-31,0.3763686645562016,-0.5990838636102707,0.062289348627014324,0.12335444494756204
2017-06-01,0.06059882760921845,-0.8364780585713155,0.41606362627602067,0.1288556853588086
2017-06-02,0.7120585343705645,-0.9609018629931393,0.8383853886060036,0.30914738192221336
2017-06-05,0.07635408761089908,-0.9596472962490145,0.8165697767034884,0.32144556371813165
2017-06-06,1.0965482656251073,-0.889060411435459,1.1453974888712073,0.6076948969965721
2017-06-07,-0.551500165957173,-0.9033299337351556,1.1631568027727226,0.4454323531210708
2017-06-08,-0.6775011307651716,-0.8151446087790092,1.003948659464588,0.2544333384329357
2017-06-09,-0.9385922060217426,-0.6816212591449211,0.684106909382821,0.0025361153406735417
2017-06-12,-0.17163583436344973,-0.6731315591620198,0.5796570433517616,-0.043478677810140504
2017-06-13,0.07737756836555344,-0.674443427590614,0.5398290280289648,-0.021895840900348736
2017-06-14,-0.5713853271675176,-0.6387767995297459,0.30420831109335317,-0.17490496476339173
2017-06-15,-0.4402753632390389,-0.9683770899626968,-0.21924913883558586,-0.28890137321873416
2017-06-16,-0.005491888917232071,-1.0548756918419036,-0.023036561339797125,-0.2844047417309802
2017-06-19,-0.7874441547107323,-1.0137500817102767,-0.31754736641287906,-0.48178292859879707
2017-06-20,-0.2334943637165383,-1.0397004422138338,-0.46313902772131565,-0.5330657220392474
2017-06-21,0.26494439885235077,-1.0700563105755203,-0.2492140358743034,-0.4531957171028687
2017-06-22,0.3145767030652162,-1.075988073318243,-0.26243111041566697,-0.36170012601245516
2017-06-23,0.40556319193605983,-1.0511527813426111,-0.13722425876306255,-0.24025896975316063
2017-06-27,-0.5425638359485673,-1.1337840055361328,-0.46329844911427187,-0.3642324261269513
2017-06-28,0.05345760454566394,-1.1412899299689714,-0.3689688323781636,-0.32776837224896366
2017-06-29,-0.5110869860746895,-1.148456772435952,-0.5736637422667326,-0.439866101563946
2017-06-30,-0.2760366811937437,-1.1502639513608561,-0.6508358129584111,-0.48567407739646984
2017-07-03,-1.6705497151599222,-0.9714146252783168,-1.1896714176786922,-0.8923978921611292
2017-07-05,0.34735558653863163,-0.9406327230035556,-1.1290287326463266,-0.7724553485041474
2017-07-06,-0.06514652733163889,-1.1815847832085034,-1.387829968087555,-0.7580881174397972
2017-07-07,-1.0488940123400063,-1.113589565337353,-1.497722680356372,-0.9978231888666703
2017-07-10,0.14238572183230327,-1.105592184414612,-1.3162865872918785,-0.9343840752937824
2017-07-11,0.10753526047636668,-1.1514636534304064,-1.0826136419800025,-0.877905986924593
2017-07-12,0.3316216357902916,-1.1100066076523372,-0.9693271673311441,-0.7666405879238483
2017-07-13,-0.20333663744136998,-1.1214862918152229,-1.0325880590044307,-0.7921268226031434
2017-07-14,0.794383763791222,-1.0140161396328111,-0.7231253262181891,-0.5655788774180326
2017-07-17,0.4219482784437908,-0.9876374780579875,-0.525570087517207,-0.44542874710331704
2017-07-18,0.674221389471548,-0.9163407257460943,-0.3686266295249635,-0.2667086539191774
2017-07-19,-0.04763802599214907,-0.982272300829685,-0.19659077068804187,-0.2782580150890876
2017-07-20,0.11311885690583307,-0.9850446335662021,-0.11554967712723897,-0.24893068303122393
2017-07-21,0.8364364855429661,-0.9069605900567012,0.018685099615011542,-0.03391903999107234
2017-07-24,0.019655183333229184,-0.9187263287761618,-0.05068328978717476,-0.037450277423031184
2017-07-25,-0.34955327190874574,-0.9283842600434261,-0.22736398576933958,-0.13600228616098917
2017-07-26,0.7815215581608118,-0.8870435452128821,0.08332738860846893,0.0658760025473243
2017-07-27,-0.09732003922126604,-0.8855870447688728,0.047740039071905764,0.033677346037964975
2017-07-28,0.7260234518263978,-0.8676419398019524,0.3413221524044418,0.2218598817818175
2017-07-31,0.027439868413791386,-0.8825703853592418,0.4138976581914259,0.23095025671668531
2017-08-01,-0.10506611736789671,-1.3141407777995404,0.7917981220751321,0.2001525733527785
2017-08-02,-0.22960324956928238,-1.2965823155572656,0.6518338656722739,0.13955458708824459
2017-08-03,0.13538404748113597,-1.3035589104508425,0.7003889502387812,0.17902079927521972
2017-08-04,-0.8045431165121185,-1.3893718447820043,0.7596861855462186,-0.03401200746907157
2017-08-07,-0.13928228048363178,-1.3748072761564238,0.6913458668608817,-0.06494557854769374
2017-08-08,0.270095392947002,-1.3729179706520922,0.7307638783927393,0.011799853446098884
2017-08-09,1.1798531805946102,-1.2204985798357981,0.9374883798783996,0.3333128025181978
2017-08-10,0.7166823351922179,-1.2114583065056757,1.1637003008977536,0.5255126550141173
2017-08-11,0.45107578923922764,-1.2506829092509468,1.0790450324944794,0.6454461363196937
2017-08-14,-0.733066582801249,-1.132213807879629,0.796358406709322,0.4450951017337708
2017-08-16,-0.0632459239912802,-1.1637067574214308,0.6175663410045802,0.4327096910477197
2017-08-17,0.4850382316673581,-1.153052777858165,0.7465763763122634,0.5680396792537405
2017-08-18,-0.17742498440999044,-1.1379666432607802,0.6761237122294563,0.5291768854402636
2017-08-21,0.3530534593144524,-1.2011507285149954,0.5593631138931631,0.6307488418190591
2017-08-22,-0.4711375672794943,-1.1540870508548746,0.4413889270577916,0.5050305275156999
2017-08-23,0.35332933594503907,-1.1766706118958241,0.6105236608460889,0.5982090212394883
2017-08-24,-0.3323970565365658,-1.2151664225806995,0.3430309324162698,0.5043109091367496
2017-08-28,1.920671554191474,-0.8101885458288709,0.8298267059268613,1.021595470810018
2017-08-29,-0.23894955219389777,-0.8299142732302299,0.5958221798310744,0.9398146597236055
2017-08-30,-0.07046187852980719,-0.8265687435307821,0.5722071161040074,0.9029968372835079
2017-08-31,1.144553427716287,-0.7253413847062756,0.8753734882568501,1.1984889307432343
2017-09-01,0.16826016738166377,-0.7451250664482036,0.9726959974849435,1.2162240258774994
2017-09-05,1.0818632015829417,-0.6683866665934336,1.2057796519469508,1.4841132761911975
2017-09-06,-0.5333496351717152,-0.722242782631639,1.272972571949174,1.3007100772447748
2017-09-07,1.0129762941875051,-0.6876904013773426,1.5605060831515407,1.5502833148081259
2017-09-08,-0.1471578794862807,-0.6652929542478866,1.4560021254412938,1.4746286105023279
2017-09-11,-1.422508549608386,-0.4768796472670424,0.8139748468515193,1.0464156000475364
2017-09-12,0.2704378177954984,-0.5052590388761243,0.7055510235210083,1.092764034300252
2017-09-13,-0.77546311054167,-0.4386699608470968,0.41002077133695564,0.8495606871457232
2017-09-14,0.4145255751673199,-0.49982121262026485,0.6864197059249058,0.9334958224394696
2017-09-15,-0.5227039415024486,-0.46189953186828697,0.5753776819733961,0.7517195444949811
2017-09-18,-0.9583606445395308,-0.3741375524315737,0.2298379761182127,0.4591221431309833
2017-09-19,0.18654290023813994,-0.3779998006321232,0.3164995198220938,0.47957230262830824
2017-09-20,-0.8276614971781743,-0.31840245777332826,0.0365133420008308,0.2231119600982253
2017-09-21,-0.7853013048400255,-0.2832230420490915,-0.03742983498228597,-0.014552448682891671
2017-09-22,0.43304128131235764,-0.2777124840565836,-0.018690420245859176,0.07433523549024817
2017-09-25,1.018720139230288,-0.20583117809011697,0.30122629656873434,0.3184116211878325
2017-09-26,-1.144356139441504,-0.421926768488196,-0.418337187413493,-0.017021766720623024
2017-09-27,-0.9684190266832106,-0.35476757077691273,-0.5863658986700885,-0.29244360008949644
2017-09-28,0.16607002771550325,-0.34778903601752487,-0.5320165305947475,-0.2637018563033921
2017-09-29,-0.5389151342885792,-0.4904064205754929,-0.9160524228206626,-0.4157406155903491
2017-10-03,-0.6408335574773432,-0.48690472596510737,-1.098335949704335,-0.5906107115106197
2017-10-04,0.2586547249003498,-0.6388729841976575,-1.2822914711265565,-0.5292658715476803
2017-10-05,-0.5599528912396683,-0.6373801339641431,-1.288211047490115,-0.675860344756674
2017-10-06,0.4494399592013326,-0.7605211569609907,-1.413235927417021,-0.5596592965769306
2017-10-09,0.7917487936778457,-0.6392821520168991,-1.2045403056558406,-0.35828980908991953
2017-10-10,0.23945200020955662,-0.7731814477859748,-0.8302879404403979,-0.2997152939166832
2017-10-11,0.29577431599475795,-0.7706060511247868,-0.8245341965228926,-0.2280842646252835
2017-10-12,0.05913539002141302,-0.8091442980787333,-0.6341851420592562,-0.21592016492556043
2017-10-13,0.731439394539626,-0.7597093722504796,-0.5614884746462515,-0.02769181430737553
2017-10-16,-0.7108689936885352,-0.7391972221427509,-0.6046793331354475,-0.22189076438962188
2017-10-17,-0.707464277536822,-0.7787486419070444,-0.5470712324594349,-0.41124906237013287
2017-10-18,-0.39948095947443507,-0.7814802810941341,-0.6814024764604606,-0.5154661438187246
2017-10-19,0.5675881622991166,-0.7886453047484348,-0.3602773099949899,-0.3713622302724168
2017-10-23,-0.5053169764258012,-0.8254652958173527,-0.2952955229932652,-0.5088145508536673
2017-10-24,-0.4087457066851778,-0.8431802100995127,-0.4901188455796762,-0.6167326041176718
2017-10-25,-0.005769387335561452,-1.0000562114752654,-0.725024249667375,-0.6125781630373767
2017-10-26,-0.8660664833446279,-1.0620807667062637,-0.6614531218998557,-0.8252348291520621
2017-10-27,0.4501829665036989,-1.1220681354340987,-0.3346299366735079,-0.6939156871256958
2017-10-30,0.1677506421236563,-1.121960246762889,-0.33423999304703084,-0.6407890444246792
2017-10-31,-0.4026012070616741,-1.1373086366193998,-0.3025899900752095,-0.7352603189783598
2017-11-01,0.3416088509212227,-1.168854324943888,-0.07320105297103721,-0.6341483612405786
2017-11-02,0.04377021073477388,-1.1790916107979361,-0.12356689382668869,-0.6121021973090962
2017-11-03,-0.4935376857527437,-1.1887495291402514,-0.1080116825388714,-0.726464422284413
2017-11-06,0.8277781172512845,-1.1199437063696769,-0.01920311397101607,-0.5009457043933588
2017-11-07,-0.3844786684092173,-1.1969083747103992,-0.29420465954862923,-0.5900461800475928
2017-11-08,0.32355059738059005,-1.188718668273182,-0.2746496609376209,-0.49620994920166245
2017-11-09,0.3878644912498084,-1.1783328400429738,-0.25321754490223786,-0.3768449141350357
2017-11-10,-0.8441501640781558,-1.0978297426974983,-0.4625883991900351,-0.5796133585768335
2017-11-13,0.12619900829848452,-1.1886778457192446,-0.6018211717095571,-0.5275171221454241
2017-11-14,0.1835614829095774,-1.2308527830423146,-0.3957633446958641,-0.45497295172323843
2017-11-15,-0.14567131742594858,-1.292339833984939,-0.2653923115508943,-0.467584903723217
2017-11-16,-0.03047994667480164,-1.3122453929272877,-0.1793615256249687,-0.4436976443240325
2017-11-17,1.1728331329476145,-1.1525659883504569,-0.037562199780424486,-0.10883708979722802
2017-11-20,-1.2914630505142812,-0.9707590711703318,-0.2215774152605809,-0.4168695687554257
2017-11-21,0.14243804608589716,-0.9851942800892363,-0.09271212836985394,-0.3453180231998378
2017-11-22,0.894970223658552,-0.8890184928547065,0.1194136957261808,-0.08538615301303515
2017-11-24,-0.27527368754627357,-0.9777052350854852,0.2595880281237429,-0.1345306343195319
2017-11-27,0.3936965866076657,-0.9828579689974128,0.24614995418988966,-0.01090556694630204
2017-11-28,-0.03852618117803321,-0.9835241929863973,0.1971412721831399,-0.0005478074944093053
2017-11-29,-0.6509978130071764,-0.9484863973808083,0.13825952981378686,-0.15365918611773982
2017-11-30,-0.7952185868473365,-0.8846599558591314,-0.1293630966858581,-0.34516408160106954
2017-12-01,0.3814325158878245,-0.8666087046824048,-0.05019087964363681,-0.22466267580944377
2017-12-04,-0.3599007943302627,-0.8799545200795934,-0.018782888615266398,-0.30383142740824964
2017-12-05,-0.7342340739269848,-0.9115846218662876,-0.3832848958906633,-0.48205088695767323
2017-12-06,-0.23017256610805312,-0.9202977501645252,-0.3475299228581627,-0.5231427692684093
2017-12-07,-1.3464538520675995,-0.7656834365063798,-0.7315762660549585,-0.8438415231521789
2017-12-08,-0.03067648178043727,-0.7976858804077892,-0.8268257381386642,-0.8260871257550111
2017-12-11,-0.41959765857489434,-0.8431234584450397,-0.7302052842908411,-0.9123935987071868
2017-12-12,0.09628116884337637,-0.8449562521314063,-0.7370274895374541,-0.8642368378408761
2017-12-13,0.8370813499643088,-0.7494513785498768,-0.5875386778229669,-0.6294336547922446
2017-12-14,-0.22377344843896685,-0.7484004467904871,-0.6054555387043292,-0.6740498377623728
2017-12-15,0.187675688074035,-0.7389154471990338,-0.5553749105172765,-0.6104003680762111
2017-12-18,0.438035999516053,-0.8961344861985698,-0.7236227301046853,-0.4858439412751361
2017-12-19,0.05286976675671257,-1.065377885431994,-0.414866946396569,-0.46049174526175174
2017-12-20,0.24438143911869484,-1.0579770594308524,-0.3912835859076699,-0.38152267943565876
2017-12-21,0.11911069594918364,-1.1871140758420984,-0.5701656978849705,-0.3349112782715714
2017-12-22,0.4998733755798378,-1.140929904258322,-0.3914484893636541,-0.18788710904990735
2017-12-26,0.6614781294926226,-1.0968731950535655,-0.32938626086365363,9.964149387577928e-05
2017-12-27,0.3546901131053099,-1.0743183402888608,-0.23795090021328805,0.10863584059158296
2017-12-28,0.48354792099122124,-1.0944455974716627,0.027892138722323007,0.24594672238873289
2017-12-29,0.6266396044048025,-1.145435499152369,0.365345566243229,0.4155833475641934
2018-01-02,1.1831712375024148,-1.0003227175652258,0.5577512743597193,0.7305510651908426
2018-01-03,-0.286192456109745,-1.008711598713496,0.5755177865655074,0.6467741387703063
2018-01-04,0.4890196650763472,-1.09833441420932,0.8722891774713802,0.7710998510825762
2018-01-05,-0.1258808636768079,-1.1087386508157784,0.8977596030525519,0.7242749074169914
2018-01-08,-0.03820136786936904,-1.4821840002424684,1.2195324390299858,0.7018823407326219
2018-01-09,-0.4860169326155594,-1.401686839067353,1.107060549968212,0.554462857376512
2018-01-10,0.21790598941985811,-1.4801479418071433,1.2646715339948147,0.6017200422865426
2018-01-11,0.30503866386584966,-1.4855426232997067,1.3165018013621677,0.6722405991757026
2018-01-12,1.181818589966461,-1.3981036500536073,1.4023303944240904,0.9770252409464765
2018-01-16,0.1429720528971917,-1.441469643325734,1.4939638528939962,0.9953438299773957
2018-01-17,-0.8352191226148482,-1.240035324204306,1.2392241479080173,0.7473493566338268
2018-01-18,-0.24439392641559335,-1.2102867237668347,1.0707169631150775,0.6624388301243049
2018-01-19,0.42156346328258537,-1.2102146790437642,1.1616127987986864,0.7632989466592476
2018-01-22,0.15946828486480094,-1.209179861385014,1.1406490264699232,0.7889347474942705
2018-01-23,0.47379531867394836,-1.2044167252074571,1.2283335658732042,0.9008043837553228
2018-01-24,1.1878019315575288,-1.095090919154105,1.399291540662307,1.2081034208747576
2018-01-25,-0.6918137658064545,-0.9977685553532555,1.06409873792158,0.9896820165222352
2018-01-29,-0.5077561398030663,-0.937449107065388,0.8528372595582507,0.8275170987687457
2018-01-30,-0.45491729532914044,-0.9044932616289775,0.6250157015913034,0.6844584552301453
2018-01-31,0.6456504787304036,-0.9022176130765066,0.6296095845143741,0.8409526931963776
2018-02-01,0.30613967668700887,-1.0399876097864917,0.4185861537060243,0.9019888845830872
2018-02-02,-1.342288599627335,-0.8140109355962822,0.16692252229304336,0.5221735104903568
2018-02-05,0.2305392377258873,-0.8332925162956233,0.10573155999299258,0.5674596071917734
2018-02-06,-1.0770950689534522,-0.7055003552036383,-0.11809509399165137,0.2625979971992459
2018-02-07,-0.4937696863459432,-0.6827277610798557,-0.22454124349116952,0.12554476821418986
2018-02-08,0.1298491559080209,-0.7024765993383919,-0.08052507979627789,0.15498825128569188
2018-02-09,-0.19036352127794795,-0.7056467943350464,-0.17609526886988291,0.10113439725604624
2018-02-12,0.45733916212241776,-0.6922924062457018,-0.14048948485775933,0.21954888111281975
2018-02-14,2.232642365690038,-0.3422881335050773,0.10666270748808437,0.8094971375721309
2018-02-15,0.09463459349934257,-0.3430937546831573,0.09523671399517461,0.8093095456493932
2018-02-16,-0.34983331182541877,-0.3988642770087341,0.2102232508817297,0.690473856554978
2018-02-20,-1.3750961566753672,-0.2316351876176454,-0.056774939588648834,0.2980467849189835
2018-02-21,-0.4825924740817867,-0.23152104225423495,-0.2681153348572418,0.15005387882400067
2018-02-22,0.48561066921647994,-0.21106681394241966,-0.19210203481774193,0.26039915832352273
2018-02-23,-0.14896894585458742,-0.23387303829688583,-0.3370333475631233,0.19276603159312497
2018-02-26,0.22313249984339864,-0.36990722785853736,-0.5597588082747772,0.22456859794400466
2018-02-27,-1.0712843763476425,-0.31814734249913484,-0.6467846775959127,-0.08869671686721049
2018-02-28,-0.12615432452665018,-0.3312488793500695,-0.5592691151125302,-0.14582521722573566
2018-03-01,-0.24642220656351305,-0.340257093555315,-0.5113120837440189,-0.2293108855400596
2018-03-05,0.3457847831655237,-0.3733185795983779,-0.5802542395349564,-0.15779267995281315
2018-03-06,1.050083673069194,-0.2698137083059569,-0.40883333985531856,0.09847722073838165
2018-03-07,-0.6642580058320665,-0.38353610396567767,-0.25148527076215443,-0.09965078886897123
2018-03-08,-0.2610803339683436,-0.38767410106987993,-0.3656799353321568,-0.1873089458827003
2018-03-09,0.07336031726449256,-0.48657785820993965,-0.09756593463959666,-0.18473425328684653
2018-03-12,-0.022243939751567937,-0.5097420147329144,0.013217888207171858,-0.20691635636464395
2018-03-13,0.16868465369317642,-0.508680150770942,0.022365505855706486,-0.17650535000515294
2018-03-14,-0.0858483182085794,-0.5117380912502791,0.04700149450517584,-0.21011430474286916
2018-03-15,-0.6605051168401775,-0.4925598830531345,-0.21516244529334755,-0.3909171216373754
2018-03-16,-0.26265024145160504,-1.1055280057925447,-0.7899055781187759,-0.46181617512790585
2018-03-19,0.19414895287141898,-1.0972277302137086,-0.7672579477312096,-0.40974128282542094
2018-03-20,-0.47157880193632834,-1.0891249796819369,-0.7949618928738148,-0.5248347756674019
2018-03-21,1.7077796763282185,-0.8898726122268884,-0.08293888050807333,-0.07224598598538517
2018-03-22,-0.4182196061265218,-0.8966058428083198,-0.06783599213591211,-0.18032707481042087
2018-03-23,1.2628984204360723,-0.7431978677657978,0.11529771822860731,0.15504554216225208
2018-03-26,0.5012501834281595,-0.7247053767352893,0.2695908775305252,0.28408060800926904
2018-03-27,-0.6397907651574266,-0.6787633420918251,0.06504173615213892,0.10514827655118827
2018-03-28,-1.4119111649345852,-0.5905565822023611,-0.015216355568592986,-0.26999475950671076
2018-04-02,1.186915387211341,-0.46285395364004095,0.2956781423586231,0.045770014974458824
2018-04-03,-0.7792208936005991,-0.40614063301878534,0.16903529343653056,-0.1543739360975375
2018-04-04,0.09640749374037914,-0.41478592061021136,0.10999139760370381,-0.11961454240633593
2018-04-05,-0.5374364971817245,-0.495387910361063,-0.2624446889571321,-0.2556146112795742
2018-04-06,0.4455049421655557,-0.5138996787747174,-0.002714387137164373,-0.13310446724595457
2018-04-09,0.3172866010671753,-0.5128491544034066,0.13379456614552182,-0.04388805149250628
2018-04-10,0.21395898493717833,-0.5099229067795048,0.1670988447424575,0.017537257652402907
2018-04-11,0.7532800291108134,-0.46427237634301616,0.3516450323154223,0.2232645900809771
2018-04-12,-1.1917460591302038,-0.3246571294976521,0.028856552808390445,-0.08231204271724767
2018-04-13,0.6309072644282276,-0.2936604939287305,0.1983730968242292,0.09540811982134549
2018-04-16,0.11884320049495938,-0.3404754160467145,0.3840776572326423,0.13227476502208474
2018-04-17,0.07170564302124238,-0.35191863115251765,0.46419346120434213,0.1535853902358642
2018-04-18,0.05597700625305583,-0.3525678365007832,0.43105326483731504,0.17387122428953294
2018-04-19,-0.21791417227438378,-0.373168368883538,0.4919292591117934,0.12302529491182118
2018-04-20,-0.7850921184592753,-0.5710344731665424,-0.09967772779073486,-0.08308244943732754
2018-04-23,-0.822779582887384,-0.5234289718228665,-0.19430397046547282,-0.2920342290074403
2018-04-24,0.46201725447531206,-0.6729229187549207,-0.38050376735934816,-0.16663654626473381
2018-04-25,-0.6737613938823223,-0.6778153530564792,-0.6510008787990325,-0.34261502341887157
2018-04-26,-0.37359915587170295,-0.6992159398195366,-0.589999680712521,-0.43559495339560145
2018-04-27,0.40082419448964346,-0.8734368978680688,-0.17024068359423625,-0.3266138944690914
2018-04-30,-0.7497544169703831,-1.0152791535076624,-0.6184210458816961,-0.5157240645074035
2018-05-02,-0.7793318117695814,-1.015260638377313,-0.6184464665009243,-0.6954760763769995
2018-05-03,0.4857997078441498,-0.9748792310632979,-0.5290301949100097,-0.5450917896704941
2018-05-04,0.18667716068083107,-0.990290996540872,-0.3618228189784474,-0.47573945644443094
2018-05-07,0.0018330915728140586,-1.0250847231329931,-0.4644161525802718,-0.4623908558558942
2018-05-08,-0.00619784708605322,-1.046796812478085,-0.5389312223025885,-0.45366998796164293
2018-05-09,-0.23107498234525428,-1.0600646339535211,-0.6410521337229453,-0.5005235618980431
2018-05-10,0.6588740982621014,-1.081170935317953,-0.6626568567747,-0.3162963636985087
2018-05-11,-0.16609439585671446,-1.2454962032473327,-0.42684044540287625,-0.34835375984718925
2018-05-14,-0.4309489638862849,-1.3151333488600803,-0.6709368319949615,-0.4538202168144533
2018-05-15,-1.649480792406488,-1.0232641704230092,-1.0717236780055037,-0.8696978307280504
2018-05-16,-0.1774438939618,-1.0349589014426643,-1.1276252292141817,-0.8999849808588223
2018-05-17,0.03496204306090806,-1.0365231277393947,-1.132333977268019,-0.8734774640502578
2018-05-18,0.018600113803613656,-1.0281829374888352,-1.0792818991965685,-0.8458130152747105
2018-05-21,0.03490597809100654,-1.0637265286086897,-0.8943746632819147,-0.8175103019385743
2018-05-22,-0.07939385759414241,-1.1199708558563368,-0.7254274634178947,-0.8199106986033697
2018-05-23,0.08386385315595295,-1.1657245805122343,-0.8115263225422001,-0.7797963714928938
2018-05-24,0.8306912037628823,-1.0783135621782611,-0.4670508957422612,-0.5481838447066343
2018-05-25,-0.33008473273195105,-1.081309403474309,-0.4570100262704727,-0.618318115105877
2018-05-29,-0.03846976913600172,-1.1152136332255251,-0.5581758849451279,-0.6120679494581521
2018-05-30,0.1237185301491649,-1.1686897516600248,-0.35658432859106476,-0.5673026254359623
2018-05-31,-0.24127073991264847,-1.2395022029769236,-0.23152396529707445,-0.6185544523642054
2018-06-01,-0.5188488457073128,-1.2555258479300229,-0.46448864029675063,-0.7386435802098031
2018-06-04,-0.12022367877133204,-1.2681602865050183,-0.5351892926008687,-0.7561410890174193
2018-06-05,0.3691125605701253,-1.236464429795274,-0.4505536642929916,-0.6385592533084516
2018-06-06,0.034701350438675324,-1.2351863533520975,-0.4411096257723076,-0.6107813356954729
2018-06-07,-0.07105042854514139,-1.2383025362230535,-0.40412118095637134,-0.6036460239317908
2018-06-08,0.09973383333721098,-1.3199472894598887,-0.5331045710202462,-0.5494027545073829
2018-06-11,0.15638717544697106,-1.310090283452642,-0.45880206185118055,-0.4843561132287316
2018-06-12,-0.3554058002069882,-1.3172805462339965,-0.4413615933630495,-0.5598298943025588
2018-06-13,0.278462705934028,-1.8011799180476142,0.008227651694918573,-0.4633828232228039
2018-06-14,0.13181684623740547,-1.8070338291189105,0.08115651309053207,-0.4102842981125734
2018-06-15,-1.6889594822426772,-1.2747805964854744,-0.32251161345423535,-0.8261840826356623
2018-06-18,-0.21190939221700694,-1.2728885546320723,-0.3759613003303517,-0.8559261067210975
2018-06-19,-0.27845342199174133,-1.2692185611290812,-0.4484245419735502,-0.8991409169969414
2018-06-20,-0.47012281263715,-1.2486654724747106,-0.5384616062728519,-0.9878568829585993
2018-06-21,-0.19696134636146354,-1.2538476114609425,-0.6029561453040597,-1.0035752450694224
2018-06-22,0.21894771284704295,-1.3827096416995006,-0.7428240110307917,-0.9086020015688058
2018-06-25,-0.39676251150708086,-1.3781307705904424,-0.7580174259722643,-0.9774967560553572
2018-06-26,-0.5489396586360674,-1.3575843614379253,-0.8739995895411535,-1.07934503578765
2018-06-27,-0.5938751111679473,-1.3499083419863644,-1.0360434405121925,-1.188706783037661
2018-06-28,-0.3262011036411578,-1.3482150771766528,-1.0551451757023935,-1.2270253153894506
2018-06-29,0.34070847603948723,-1.316862593241374,-0.8610706085495803,-1.0953166087524409
2018-07-02,-1.0299355969870598,-1.2141911641857317,-1.066417854711994,-1.3115528103803031
2018-07-03,0.9854477174839241,-1.0619764483509475,-0.9274981456360826,-1.0191712108762538
2018-07-05,0.3142082688197642,-1.0353609553210763,-0.8642154659974535,-0.9042551290625214
2018-07-06,-0.18191899887779675,-1.0370440793296174,-0.8893382021800638,-0.9144517157540661
2018-07-09,0.2213659365437322,-1.026166978090165,-0.8617749732822952,-0.8245152194120313
2018-07-10,-0.20699749849437563,-1.0417593495398014,-0.9440226362561112,-0.8468686172259111
2018-07-11,-1.1124916152051463,-0.943157072579754,-1.1144224107034857,-1.0958088961723638
2018-07-12,0.39328070820554806,-0.9271641927710524,-1.0886628908417402,-0.9610717236923495
2018-07-13,-0.46326414261376475,-0.9389210896687235,-1.2218497134126598,-1.0494613834535467
2018-07-16,-0.0732545648208823,-1.2241673656713719,-0.8583799543196533,-1.0340604549354833
2018-07-17,-1.108168698501944,-1.1081913964231884,-1.060728179874778,-1.2782702913594821
2018-07-18,0.003543193773549828,-1.101971557672808,-0.9972573721652623,-1.2368010162065322
2018-07-19,-0.45291792478049503,-1.1031402282979101,-0.993379158360861,-1.3099229727864374
2018-07-20,0.6230732564837197,-1.0159235949987904,-0.807756100027448,-1.1114293923809433
2018-07-23,-0.5036842767822229,-1.024362169810896,-0.9714107054269716,-1.1961395427119645
2018-07-24,0.012222592696260859,-1.0240094655993381,-0.8789330944473951,-1.149122225855398
2018-07-25,0.527597489429934,-0.9835053261298302,-0.633695676900625,-0.9737946003424252
2018-07-26,-0.8049637567912018,-0.9539234042258653,-0.6819904878490671,-1.1469857230744855
2018-07-27,0.02955737395409884,-0.9552499662753536,-0.6005378317469653,-1.1059875078603818
2018-07-30,-0.17771528792081165,-0.9835157719860953,-0.7191370467871281,-1.117240537868042
2018-07-31,0.2712178160550482,-1.0714776431430268,-0.42030427734014614,-1.0139118552899185
2018-08-01,-0.7575265679641503,-1.1883834160664914,-0.8197275995983584,-1.1718215826607097
2018-08-02,-0.5620028633801728,-1.2062319147385265,-1.0179066667509635,-1.2763977300873732
2018-08-03,0.3263208216643452,-1.1659869813289798,-0.9031659697864854,-1.1542819125275838
2018-08-06,-0.5367985172781051,-1.177193017516962,-1.074116285739229,-1.2465012947232197
2018-08-07,0.20483201081274846,-1.1518737056090713,-0.9814181672528164,-1.1510829497368513
2018-08-08,0.2565401761414027,-1.2529867699955497,-0.6705055045245298,-1.0433831942237208
2018-08-09,-0.1702528551965633,-1.2988207623148558,-0.7990020713641912,-1.04408645014277
2018-08-10,-0.06581223413395723,-1.3121213126632485,-0.7084506488371534,-1.0187144731743467
2018-08-13,-1.5416650792682798,-1.050294014900477,-1.041214000827123,-1.3674517024057784
2018-08-14,0.07505756623001218,-1.1545478351513798,-0.7734606168984387,-1.302460249920832
2018-08-16,-1.779320571800015,-0.84608199014658,-1.1757013350861674,-1.6976246881237904
2018-08-17,0.9002802371414942,-0.7127911298883253,-0.871056706277769,-1.417823332264363
2018-08-20,0.47577805256074274,-0.7363139839413076,-0.9044175389584883,-1.2465166029682475
2018-08-21,0.27006785199116634,-0.7270771232263092,-0.7286203410006878,-1.1277670119622654
2018-08-23,-0.7501899726523653,-0.6946588268105113,-0.9018509917755949,-1.26629879923417
2018-08-24,1.7090038910427092,-0.3956111695254925,-0.632855121906871,-0.7806981531263437
2018-08-27,0.35358566092483756,-0.42211813600959786,-0.3659582153228956,-0.6439122182227245
2018-08-28,-0.8192901161984676,-0.3750444388177179,-0.5618112230029867,-0.8087734745339202
2018-08-29,0.4339879137075824,-0.34961423235180367,-0.42084158478986844,-0.6575211956555302
2018-08-30,-0.5136579779494503,-0.34730491286636,-0.6015631771778845,-0.752477571166695
2018-08-31,-0.13666658813919433,-0.38552184206037293,-0.4587244117268292,-0.7495890674628012
2018-09-04,-0.5343591549101195,-0.3878347824889104,-0.4523438826905864,-0.8501406987719664
2018-09-05,0.32239653924722517,-0.38813534228997176,-0.45324976579744597,-0.7299987813471428
2018-09-06,0.17164713295612669,-0.4022431982786682,-0.2891342305873286,-0.6484985503719778
2018-09-07,-0.2955589298321954,-0.4044710223200381,-0.4051732548885196,-0.6899188900065627
2018-09-10,-0.09290048451668273,-0.41566334069864086,-0.4858636527584928,-0.6807197883900868
2018-09-11,0.03958158340395474,-0.4145380587266108,-0.43744398594765754,-0.64017541786967
2018-09-12,0.8130587734161951,-0.34363722150075,-0.23353501190672435,-0.4016231489383732
2018-09-14,-1.034297366773675,-0.4615468816820683,-0.11500065674987889,-0.6424708677963916
2018-09-17,0.4982660094313429,-0.4378825176595468,-0.015666875841086367,-0.48798952031012527
2018-09-18,-0.1719410194882159,-0.7710767113786049,0.3654658300268763,-0.5035731857469069
2018-09-19,0.36474715103025024,-0.8394785205757586,0.23780191462226408,-0.3775390592548081
2018-09-21,-0.3651867610956749,-0.8435909455799225,0.03870228525553854,-0.44351279821215706
2018-09-24,-0.039859574236795633,-0.8514789212703437,-0.034252132547498614,-0.4219895630331348
2018-09-25,0.1362119780104305,-0.9201515483808971,0.17500281679676852,-0.3556381490833513
2018-09-26,-0.5514077643046574,-1.2838978782352692,-0.35497271608807335,-0.47438973729319595
2018-09-27,-0.9104584543929534,-1.2170457577602838,-0.6461573398407423,-0.6799277590652792
2018-09-28,0.6091990013124237,-1.2197640710337805,-0.31681986806022994,-0.4916884568605248
2018-10-01,-0.19083353953756974,-1.2570469312220354,-0.4614513574059561,-0.5131344690170461
2018-10-03,0.7297623821813243,-1.194191963104572,-0.17273546210959445,-0.30091110810409777
2018-10-04,0.030630384205072244,-1.1954139345216759,-0.13361514463160376,-0.2736676466332402
2018-10-05,0.25925653638102586,-1.2264673348514268,0.05285653839477158,-0.1893035391213846
2018-10-08,-1.1352690548354833,-1.0690421629689444,-0.288509903423071,-0.4659338614176689
2018-10-09,0.031036946960245008,-1.0750849626284296,-0.321176520887473,-0.4360850642039292
2018-10-10,0.22603441503804883,-1.0728637057067802,-0.19976848238393863,-0.35566867811024144
2018-10-11,2.513595996639631,-0.40025333653835965,0.4165129676466134,0.3294493139242611
2018-10-12,-0.49825783125279677,-0.36978892622190435,0.28802682972092,0.20288007925432844
2018-10-15,0.6435452926992055,-0.3904975030602089,0.24767428488721635,0.382878524852177
2018-10-16,-0.19474848985756968,-0.5002670502272053,0.44819965523123245,0.33519853415451434
2018-10-17,-0.030878962203228912,-0.5154578938430958,0.3216177884168883,0.3338064804777509
2018-10-19,0.1675150236317116,-0.5209915690206119,0.40274527709052427,0.3812982954594551
2018-10-22,-0.28109676455952737,-0.5169835171906034,0.24862950706909923,0.3051780132843193
2018-10-23,0.5635241753753378,-0.5136302102436954,0.47055914752014705,0.4577361347385912
2018-10-24,0.20939535462657854,-0.5148614962757007,0.5304741797782824,0.5098891444077736
2018-10-25,-0.24529272390176066,-0.5028923592422347,0.4388300145995918,0.44021664336165595
2018-10-26,0.29501524474093094,-0.5437655711473436,0.642629602034112,0.5180366424768403
2018-10-29,-0.41683118979228945,-0.6249755734437343,0.7622829734007841,0.4026855785326525
2018-10-30,-0.4615456156818641,-0.6109908419815261,0.5034856750946581,0.27787511842543683
2018-10-31,-0.5849583841720885,-0.5719946658577743,0.40892209388688844,0.1152018325988384
2018-11-01,1.2544327344539816,-0.48064067771832397,0.5348901439479496,0.44479992477159064
2018-11-02,-0.005099007498694893,-0.47993060132928356,0.526290884114631,0.4229338226277167
2018-11-05,-0.26248855188207426,-0.46954417720126795,0.40106809291639783,0.33725693030863
2018-11-06,-0.3061354071051331,-0.6053462542859248,0.6003730050805481,0.2442503288835702
2018-11-07,-0.030861102187368664,-0.6037167585983715,0.5854369552992721,0.22765189106385245
2018-11-09,-1.3666724141606736,-0.4005076875120508,0.20427887008802215,-0.14479366633176718
2018-11-12,-0.7408727527382322,-1.04936696390368,-0.5559337867258403,-0.3338018096250778
2018-11-13,0.012925346022606135,-1.068345376650035,-0.4381585581393097,-0.32034121015896094
2018-11-14,0.800832102794908,-1.035024842425865,-0.4017987728883593,-0.10545207694550583
2018-11-15,0.09105149266064345,-1.03337856133514,-0.33558417200370927,-0.07778639105961901
2018-11-16,0.715407011369481,-0.9595303475909239,-0.161788253319784,0.11120325868739099
2018-11-19,0.02097398472126263,-0.9641649696110821,-0.19601734218119163,0.11268585708625929
2018-11-20,-0.022243939751567937,-0.971978712639857,-0.13552045566958018,0.0997856012834059
2018-11-21,0.14183110258857098,-1.0132541540458786,-0.23399479284153613,0.13209625543754566
2018-11-26,-0.21224881372826143,-1.0191138918556193,-0.33204326386826366,0.07098280580003052
2018-11-27,-0.6205204845284604,-0.9850138867914254,-0.41895104877269024,-0.09771252782959988
2018-11-28,0.35101419999917705,-0.9792962479044259,-0.4060016389523028,-0.008057491817800867
2018-11-29,0.2891832911950692,-0.9791854098601336,-0.24211642239734135,0.06388567128546616
2018-11-30,-0.195136345046961,-0.9985498811646623,-0.17997416871674468,0.010955506026903426
2018-12-03,0.7276827157751518,-0.9747379363287694,0.1286405403554955,0.19728313570169406
2018-12-04,0.5856207987065573,-1.1337583223175787,-0.029109992356299724,0.3456609563809991
2018-12-06,-0.005177243134357342,-1.1337582389052066,-0.029128383878770713,0.33280221697988704
2018-12-07,0.7852186052079899,-1.0666516512688877,0.21846018684414617,0.5332502191209914
2018-12-10,-0.3699258302212665,-1.0601155140099703,0.2033112756749545,0.41830233716396986
2018-12-11,-0.14124270669670463,-1.0562993768232067,0.17712074354783247,0.36661861273173135
2018-12-12,0.19015551105059245,-1.3605301231267102,0.5491992013688027,0.40493758237794547
2018-12-13,-0.24315057941835042,-1.4669127327086178,0.6693813029401773,0.32365288317456403
2018-12-14,-0.4228159446384576,-1.415159433876124,0.5641327704799552,0.19148699009173736
2018-12-17,0.6671088822142742,-1.443626539182352,0.5319252808266457,0.3545749243362629
2018-12-18,0.21494697140483088,-1.4421810734836398,0.5617642732684929,0.3929177033649052
2018-12-19,-0.6333079132388597,-1.4196745823552614,0.23892109834500366,0.20811477864282554
2018-12-20,1.5068485826919973,-1.1156313033232892,0.5948409752935945,0.5979597586061262
2018-12-21,-0.45914971781977537,-1.073252776185987,0.4896368526040379,0.45505974422490153
2018-12-24,1.0664641385095235,-0.9609439312057461,0.7128269932425155,0.71857090276747
2018-12-26,-0.32254238154084,-0.949533912355289,0.6860955047062588,0.6024979818397189
2018-12-27,0.7351203856832074,-0.9918489888933737,1.0167131455015839,0.7747878525527367
2018-12-28,0.3832033938120456,-0.9906297787644751,1.0246181613629977,0.8619538331261046
2018-12-31,0.1345316534702889,-0.9905426488479719,0.9866620946306337,0.8768208377061201
2019-01-02,0.04369401367502746,-1.0082414109710538,1.0453027910666486,0.869798056645928
2019-01-03,0.8799981876968396,-0.985928973124411,1.0827744726409068,1.0894455765998543
2019-01-04,-0.8338939072955137,-0.87587443165161,0.7357579982284455,0.8367194396246468
2019-01-07,0.32289680320463315,-0.8765045475009295,0.8155221633376296,0.9047508564024848
2019-01-08,-0.29332826212410434,-0.9015346277175587,0.5542779211265,0.8021032989813164
2019-01-09,0.6173155933295903,-0.9068027420820542,0.7932969088646008,0.9515500493092096
2019-01-10,-0.6124629866436994,-0.8472559741412392,0.6789162670790467,0.7646648018475417
2019-01-11,0.15026876050488863,-0.8474791529470146,0.6692591698792939,0.7869678097253682
2019-01-14,0.21548643281237118,-0.8656968782976711,0.780534020484219,0.8277425681917848
2019-01-15,-0.1943402699295347,-0.8917156963410927,0.8361577530022607,0.7540028871329378
2019-01-16,0.297128984326211,-0.9193952378904207,0.7461476891547739,0.8119715413403928
2019-01-17,-0.15314227884318002,-0.9086735390244323,0.6569275570707103,0.7432042773306666
2019-01-18,-0.9186049527723449,-0.847307102422238,0.5880008344953939,0.4765279227558797
2019-01-22,0.33232585315354657,-1.0872035442167516,0.306303224002384,0.5513852152619165
2019-01-23,-0.16227080999934715,-1.1184332935210715,0.37719442780686646,0.4903233192877513
2019-01-24,-0.17898072389266764,-1.2583661400794284,0.0812026033427013,0.42421123108680464
2019-01-25,1.428436096213428,-1.021129647804948,0.498395462178343,0.7911012857785469
2019-01-28,0.3270249296601105,-1.067125534676813,0.4005074437174289,0.8467203622646643
2019-01-29,0.535674652100215,-1.0523908681311496,0.43703328636259486,0.9534511629068795
2019-01-30,0.5486114160206945,-1.0271228972297604,0.5365113168951147,1.0611524189815613
2019-01-31,0.025846417174938883,-1.0267431545643082,0.5322151288188408,1.0273037191686019
2019-02-01,-0.2227813965402942,-1.0964890004234906,0.2682416640026937,0.9261631236919885
2019-02-04,-0.4567833956878348,-1.1713367977097104,0.35818354635520594,0.7671511493466014
2019-02-05,0.23548818936661284,-1.1763396347307247,0.33730613706089624,0.7987105571938836
2019-02-06,-0.7002108527010388,-1.1124533983090636,0.24036277398546008,0.5762654445495642
2019-02-07,0.22041261560932687,-1.1534557390634819,0.1461765561362602,0.606905777969721
2019-02-08,0.356744457633594,-1.2055415389885116,0.3768323137663568,0.6719935136783481
2019-02-11,-0.51440000190804,-1.1579970426404036,0.2184110636057145,0.4975203953707618
2019-02-12,0.1878253585054456,-1.1591761414533515,0.21184095491506658,0.5165776654314995
2019-02-14,0.1390441946788299,-1.1672517656747319,0.29114825263841443,0.5230635178628631
2019-02-15,0.5722831407433985,-1.13932689750069,0.35680292775321854,0.6442746789360432
2019-02-19,1.488229156893453,-0.9081538271561554,0.752228007372496,1.0156010955590842
2019-02-20,-0.1959725151201543,-1.0414141797484122,0.9283874296078842,0.9243564963760827
2019-02-21,-1.1589325882917951,-0.8321417329523682,0.5662488157959616,0.574568980502187
2019-02-22,0.33684839833084385,-0.8377682720089598,0.6868544322694609,0.6397975361077473
2019-02-25,-0.12584781410903248,-0.8414787955225069,0.6997288023490233,0.5766928554265757
2019-02-26,0.14506564078599135,-1.0520333275178866,0.39066715298801535,0.5864763062350585
2019-02-27,-0.7332499208924681,-0.9802750677554217,0.13830757155778284,0.361246416697722
2019-02-28,-0.5850408227854165,-0.9716215469021946,-0.1255438656057373,0.17989209465496556
2019-03-01,-1.7380896202000646,-0.6999242180668497,-0.6548161958977728,-0.3010953530761462
2019-03-05,-0.15356141092305456,-0.7028746425776515,-0.6958314090490892,-0.35260909485214736
2019-03-06,-0.11262761161545641,-0.7034722135665576,-0.6706573909217093,-0.3914965726816783
2019-03-07,-0.10448017519481984,-0.7148187047633413,-0.5899572175956839,-0.43083423163652285
2019-03-08,1.066014919712783,-0.5846203058932051,-0.3985837170683157,-0.15725716360159459
2019-03-11,-0.5117224930758425,-0.6048829307806841,-0.35492961994625843,-0.302881506601825
2019-03-12,0.5811082416393556,-0.5711477713436248,-0.2711623342007971,-0.15499903287762704
2019-03-13,0.6743935337652511,-0.5357637675899171,-0.19714139499839886,0.013450541678823414
2019-03-14,-1.1832994164137995,-0.4335424286578161,-0.3527399152707692,-0.30475193930043903
2019-03-15,0.43404320408716873,-0.41626217951673944,-0.29558608548590376,-0.1915625046504843
2019-03-18,0.0346457950421431,-0.41913648604056736,-0.3198369718912091,-0.18413937244333117
2019-03-19,0.2536162816621119,-0.44811429640874495,-0.3937042115807636,-0.1193383164168178
2019-03-20,0.623861208144224,-0.6462188629771062,-0.5928838967433747,0.04637966695339527
2019-03-22,-0.19144136052945968,-0.6462859588332676,-0.5918442490319815,-0.010137068463151796
2019-03-25,0.7409016314834498,-0.7000303667397594,-0.15175965139562672,0.1821624239271748
2019-03-26,-0.5196336389619787,-0.6922508523016624,-0.35119395142728804,0.03589109577380591
2019-03-27,-0.5463772556408415,-0.6695048237325113,-0.44849177070598595,-0.11054196399976833
2019-03-28,-1.4471819567524977,-0.5023705141593023,-0.8132032887694965,-0.49038787756566526
2019-04-01,-0.32613764078841573,-0.5316937781394733,-0.7205044116168153,-0.5692647129601771
2019-04-02,0.3472362322405104,-0.5301655556784145,-0.5067988023468859,-0.4714600052361975
2019-04-03,-0.1698709252981629,-0.8250827250288258,-0.1427899597695771,-0.5100526545177069
2019-04-04,0.23186468762057125,-0.8202312056936124,-0.052448752452896874,-0.44231437416111646
2019-04-05,-0.12872558157711214,-0.8198120695265388,-0.05622897927149264,-0.46987810027146665
2019-04-08,0.4111720754241496,-0.8025280328807309,0.06516279567952772,-0.361629379239607
2019-04-09,0.49863476689114544,-0.9052485346910386,-0.06837193152691146,-0.23055540825028364
2019-04-10,0.2857465996630858,-0.9289894896576831,0.11953132408894121,-0.15812860151234975
2019-04-11,-1.3091237759471295,-0.7764263773089507,-0.3234314303402064,-0.5032725067786021
2019-04-12,-0.12065775176807207,-0.8415690734863452,-0.5072583133469205,-0.5248121518419795
2019-04-15,-0.21115210059134415,-0.9862579876738377,-0.2822848936096746,-0.5673291994207025
2019-04-16,-0.922375024767645,-0.9342138001581864,-0.5955843668249681,-0.7883238028706961
2019-04-18,-0.1384465692151393,-0.9374124941868308,-0.635259493574569,-0.8003671559962673
2019-04-22,-0.022243939751567937,-0.954661148010648,-0.6983485999056616,-0.7818478714171243
2019-04-23,-0.230086100366264,-1.0332911941235936,-0.8925460029463079,-0.8174944996110093
2019-04-24,0.2686129753844919,-1.007789401816979,-0.7881305125862356,-0.7268172568775655
2019-04-25,0.060701935333203526,-1.11245308840434,-0.9423412092620889,-0.6893549826176347
2019-04-26,0.6388696148037395,-1.0413609949183793,-0.6790624197476252,-0.5068685794738309
2019-04-30,-0.16236945839260525,-1.063794167368891,-0.5911182424910566,-0.5329022964508519
2019-05-02,-1.066949399349806,-1.1835146137343586,-0.5037051665316267,-0.7884448761911311
2019-05-03,0.5677831961808326,-1.132711140125119,-0.29688397983341624,-0.621535653667864
2019-05-06,0.11023736555865356,-1.1520783067030818,-0.3518972973270607,-0.5736882921682548
2019-05-07,0.3082026760483349,-1.1350599871923093,-0.24079058509783635,-0.474414749635718
2019-05-08,-0.26997171106973156,-1.1406378419498302,-0.35740604158550177,-0.5230067786218368
2019-05-09,0.21723423412230888,-1.1303497104663585,-0.2770754831464733,-0.43614200840823103
2019-05-10,0.16728709211522175,-1.1541105830029725,-0.3337335567508772,-0.36415814029916005
2019-05-13,0.993413868323321,-1.0468532162924342,-0.21864466404726346,-0.08322154554699097
2019-05-14,-0.19352587563505824,-1.0594234402583864,-0.3301352525475364,-0.11576277774342186
2019-05-15,-0.07940319590411764,-1.290505480636871,-0.04299466539861694,-0.11801384651951918
2019-05-16,-0.7436203125184558,-1.2131338419115631,-0.1888982748228444,-0.2925676523195563
2019-05-17,-0.7322935385561562,-1.1499649181132383,-0.3102579196079479,-0.4631096894874413
2019-05-20,-0.030531829329111842,-1.2636602714274523,-0.10218605052471512,-0.4508016179236296
2019-05-21,-0.25453356128830695,-1.257440213568771,-0.12937497836725115,-0.505518850492509
2019-05-22,-0.12196482323570378,-1.25602473718391,-0.15270557598744136,-0.5253996458314535
2019-05-23,0.7479861951468911,-1.1806582206096177,0.07713163667215814,-0.31983093883670066
2019-05-24,0.08495542374527389,-1.1890985491545236,0.0338022928850219,-0.29044491596794275
2019-05-28,-0.4103419679003275,-1.1655478842758684,-0.07696535312137123,-0.38464825104137357
2019-05-29,0.010845071680300659,-1.2295759781818596,-0.2238380618556792,-0.369929769028569
2019-05-30,0.6536626296887296,-1.166196149190953,-0.03281728776443283,-0.18459786911104098
2019-05-31,1.3160118920224935,-1.1216334229515459,0.5340066535522966,0.17710977337661954
2019-06-03,1.4102609946420364,-0.9362398678784861,0.737657803847183,0.5551178110367235
2019-06-04,0.009713281303997267,-0.9338670583499115,0.7132679661249384,0.5540742827952413
2019-06-06,0.559171330889487,-0.9172238170327924,0.7742055393752858,0.7011144185682557
2019-06-07,0.5400192864090576,-0.9274155669321459,0.9719259586648308,0.8419622352397781
2019-06-10,-1.0222442720087503,-0.7613459080896009,0.6700149112964487,0.5611087739163498
2019-06-11,-0.14196241411205232,-0.7528295859228381,0.5952698830143095,0.5228657338819976
2019-06-12,0.49549977465716766,-0.8228707799019418,0.47540976684871705,0.6609275610500644
2019-06-13,0.5876295091248511,-0.8099400088531902,0.6637198651103027,0.8188841014155099
2019-06-14,-0.05383508500920732,-0.8111666042979342,0.6699083745424954,0.7969621136820431
2019-06-17,-0.08545016552243571,-0.8995158850706357,0.8297579822041115,0.7587818889552953
2019-06-18,0.48232642325225134,-0.999236308105619,1.1275298838393322,0.8731611418841302
2019-06-19,0.5814592247657033,-0.995930366203959,1.2789397202608024,1.0142063090320532
2019-06-20,2.463573124695193,-0.5340413344305925,1.962728158006038,1.672554124755166
2019-06-21,0.6389130275270826,-0.5590384944917658,2.157494905674169,1.815728354878525
2019-06-24,1.4514420009452755,-0.47140267467002583,2.3388865667729744,2.1849972626723897
2019-06-25,0.17161829730938943,-0.4772460568077346,2.3613217166107066,2.1862245151056645
2019-06-26,-0.9427136447184975,-0.36340482495324195,2.223808900632928,1.8743040380617448
2019-06-27,-0.12003043995273834,-0.35135700686275523,2.1901154525042084,1.803027402787402
2019-06-28,0.24830578071789305,-0.3521903688905641,2.0860371836984264,1.8285393716777039
2019-07-01,-1.9775586710574715,0.02089339685326401,1.2558535598189964,1.2331099939530719
2019-07-02,2.0905587484128274,0.17164729401116152,1.4250966515578063,1.7786027593974987
2019-07-03,0.14247341955043255,0.16723842975460013,1.458258971367666,1.7654436526327937
2019-07-05,-1.1431700150361053,0.302811943954591,1.0363491133157379,1.3929615695055866
2019-07-08,-0.6673763301619835,0.34545997552746693,0.7414322748180336,1.1622489686651194
2019-07-09,0.3274059083356919,0.2427778944432957,1.0713311627778357,1.2082375933269411
2019-07-10,1.5436694702280283,0.3449902814123827,1.4896595796572283,1.5906527992441204
2019-07-11,-0.8699149689571591,0.43141506952611763,1.1502586602088367,1.2960869716211088
2019-07-12,0.6010802596959306,0.4320479592659481,1.1535795531475737,1.4175292180146881
2019-07-15,-0.022243939751567937,0.4308479845712405,1.1613809355445013,1.3623401401867359
2019-07-16,-0.8718275546784572,0.5043606783125525,0.9679175394448037,1.0684603199984954
2019-07-17,1.6103550390636363,0.6221623060809733,1.245908846402919,1.4659075818540246
2019-07-18,1.3792279919173243,0.6917035447900481,1.4444132453920955,1.7949724047836277
2019-07-19,-1.5054592593332383,0.5535685292623287,0.47230059048418166,1.3142775007405119
2019-07-22,-0.037116652081761285,0.5348824023464267,0.31053723142395545,1.250363189889466
2019-07-23,-0.5889273878026455,0.4238379129179558,-0.17111039351837357,1.036931892173275
2019-07-24,0.4849378743906034,0.4386447619528456,-0.0977858531419399,1.1222180389560654
2019-07-25,-0.73152800529312,0.415179932961638,-0.048233370497582036,0.8779088354357982
2019-07-26,0.14246109071400506,0.41553452175116345,0.013503595378105387,0.875360733665513
2019-07-29,0.6413029683915136,0.4381062229404711,0.10623853995868085,1.007458244149192
2019-07-30,0.3115862524622145,0.14237834853357414,0.6537113307647876,1.0423528050755904
2019-07-31,-1.3417907696860447,-0.024803253016379718,-0.1625126799700172,0.623086186376228
2019-08-01,2.3508140541011273,0.3708752274336763,0.3594178090361955,1.2147808386136043
2019-08-02,-0.4040565863572602,0.28116856060239886,0.5366947406681339,1.040986536888127
2019-08-05,1.3658109783530883,0.33261250295839045,1.0311726879953518,1.3548937392193598
2019-08-06,0.7870490513589271,0.35335893000732665,1.1443600848698683,1.5070285425390157
2019-08-07,1.4848206480787955,0.3430155604334174,1.1298394609218403,1.8512596406406456
2019-08-08,0.47980024008001815,0.2543211759837323,1.465033987651963,1.9041252345280997
2019-08-09,-0.3543056701016488,0.2759676764510479,1.227301506919384,1.7201780877478783
2019-08-13,0.34508074189298005,0.2704114648542658,1.3184356290881365,1.7383148877225465
2019-08-14,0.6593667876881829,0.17732533548309853,1.7019566091481242,1.8497193942983863
2019-08-16,-0.0012379883397404083,0.05891308491462625,1.2984598894464687,1.779527877707432
2019-08-19,-1.1983904553059646,0.10525886562213436,0.6664688679579095,1.376901297137622
2019-08-20,0.7540220310242576,-0.0983630077885937,1.2195733685863008,1.5275142045502217
2019-08-21,-0.33908591379977737,-0.07694563350178801,1.1449277795039174,1.3736673313179266
2019-08-22,-0.27643607004282167,-0.1115888115441523,1.2221784460535123,1.234636303658797
2019-08-23,1.91717666931242,0.09247305039568224,1.5793469058412484,1.7042081829126827
2019-08-26,-0.008373882312264372,0.012879372333248013,1.7616389212986405,1.6305540811948345
2019-08-27,0.9299731566264599,0.031298590105848116,1.9616599222549553,1.8226722339343226
2019-08-28,-0.3042047011295814,0.06225005995365202,1.721698880788419,1.6636091258527095
2019-08-29,-0.7410486053089756,0.14872570814057182,1.4572062890980757,1.3859558134458856
2019-08-30,-0.27921862752025145,-0.03721565756885147,1.724209087953028,1.2448491612970547
2019-09-03,1.3590269288586894,-0.2890760680453474,1.4749050296504214,1.5614893810459443
2019-09-04,0.5999744340822798,-0.3311492407425775,1.7273022995566483,1.6741162698455616
2019-09-05,-2.4508477915606877,0.16599825866792411,0.7812047863176219,0.9441538311358075
2019-09-06,-0.8779353164605801,0.20780172882489809,0.37965970452483483,0.675246415207762
2019-09-09,-0.3962718331287629,0.06620074521050348,-0.06603041286322078,0.5438023966016831
2019-09-11,-0.27710209900245364,0.051211317856254615,-0.24301162335421422,0.44209748944730626
2019-09-12,0.1831150225657565,0.046916282057552564,-0.11748829905541251,0.46463752005515735
2019-09-13,-0.8533410035579206,0.08423903813878872,-0.39647660497836146,0.2112027557424046
2019-09-16,0.8088531240547849,0.10253855692037482,-0.3618590180663362,0.3949794627843093
2019-09-17,0.17562750525769816,0.10667148560035258,-0.32083413883752826,0.41670549184350764
2019-09-18,-0.6525556582761782,0.03387128239068778,-0.19376627470559438,0.21763270121534534
2019-09-19,0.3818908156776706,-0.0016424444944680386,-0.2804719725005965,0.2915377348350544
2019-09-20,1.1524956352158273,0.09566326718738359,0.06901738310905729,0.5664055005592945
2019-09-23,0.5356550797519258,0.10664336192924789,0.2615005973514055,0.6723982834527742
2019-09-24,0.5048858996003495,-0.15809562234648855,-0.07224142040381612,0.7756018158532052
2019-09-25,-1.893592940085332,0.10799155810768885,-0.510457854072209,0.22774743845610718
2019-09-26,-0.05044766206035076,0.02284159757894994,-0.7351097104980092,0.18815161228058597
2019-09-27,-0.5382509825062097,0.032322154399913636,-0.788413681270329,0.02000138097865614
2019-09-30,-1.5864520828353637,0.15704684344111464,-0.9799178769744638,-0.4216653306881617
2019-10-01,0.523370137468545,0.19349139926403516,-0.798151223728873,-0.296122717255259
2019-10-03,1.5898821420340814,0.24797936626678582,-0.7455973700923619,0.11483196845769636
2019-10-04,-0.022243939751567937,0.20674746717287487,-0.8869676798868131,0.08632883987335269
2019-10-07,-0.8783324912620699,-0.16336374076911694,-0.5279810773721476,-0.16709639329497367
2019-10-09,0.9394695463776968,-0.13504851651647332,-0.10599314392223258,0.058917818121413036
2019-10-10,-0.8987307172172752,-0.08438524821614932,-0.2234287082061045,-0.20039629124647024
2019-10-11,-0.5775425628553206,-0.06613437415005309,-0.2933667077252686,-0.37287502947754836
2019-10-14,0.37674293850568763,-0.055806858634130645,-0.24831713850642684,-0.29312212989496134
2019-10-15,-0.7215194881819369,-0.07150725123418701,-0.2175975165925679,-0.4972322023358911
2019-10-16,0.5489640625035479,-0.1020870584507498,-0.2781231682014916,-0.36653466539094454
2019-10-17,0.12004682767327159,-0.10393205110530779,-0.2910469595896059,-0.356518048742946
2019-10-18,-0.12894030848512358,-0.13367935207375303,-0.16900881019781533,-0.39991302246587773
2019-10-22,-0.2074690121107187,-0.14664912744601943,-0.3063247957047204,-0.46493588120392854
2019-10-23,0.21278332495378802,-0.2691642461349646,-0.5236024429251736,-0.4130343545989017
2019-10-24,0.686600337366469,-0.25040814861892213,-0.488838845428671,-0.2347015388103964
2019-10-25,0.2105772698567283,-0.27422573927241645,-0.556571320000781,-0.17578777827570996
2019-10-29,-1.163288984858199,-0.46490510232451315,-0.3881312305129886,-0.47308369734568617
2019-10-30,0.5251012625464275,-0.43214121082637835,-0.25451468914214154,-0.32733946561221566
2019-10-31,0.9723210833084427,-0.3682653912766682,0.09985320653536164,-0.06454889239332003
2019-11-01,0.06896147096747696,-0.6331914838074459,0.4943989079901438,-0.03937684310138453
2019-11-04,-0.31016659802088586,-0.6363993928614184,0.2949199429629711,-0.11412695762090808
2019-11-05,-1.6529533161947443,-0.6246003791279318,-0.46551223314812895,-0.5421346835189492
2019-11-06,0.40572544256673315,-0.600434705150097,-0.3665623707604635,-0.4226850286235354
2019-11-07,-1.586062168051138,-0.442471465098478,-0.5299664108361863,-0.8201551245653159
2019-11-08,-0.6605122982124776,-0.5312823438349709,-0.8951417358682228,-0.9712145766338364
2019-11-11,-0.2626491325261656,-0.5828879311719181,-0.7506637979739632,-1.0074487131437588
2019-11-13,0.646536018093259,-0.5435312330967615,-0.4700296114638852,-0.8110943599596709
2019-11-14,0.39709246663008535,-0.5415912906529168,-0.4653351474266572,-0.6756637339229049
2019-11-15,-0.2750738267785369,-0.5784770902130063,-0.36210308623034143,-0.7160777255686765
2019-11-18,0.27386345294733405,-0.6058247292090798,-0.42576937157782135,-0.6180902112326474
2019-11-19,0.028230147767598215,-0.6088748528174213,-0.4469794568653535,-0.5859911347500433
2019-11-20,0.028193683107607843,-0.607698773672188,-0.4106689022235081,-0.5466385239760009
2019-11-21,-0.5712773169694755,-0.5857561301893071,-0.49465097937164487,-0.6585108031981697
2019-11-22,-0.2107629003883715,-0.5954317582008841,-0.5920387975377739,-0.6877711671882882
2019-11-25,-0.502407666666101,-0.6552385634853094,-0.8632378026403232,-0.7952078714024339
2019-11-26,0.45791978716296505,-0.6290440763368303,-0.8070872307701934,-0.6561135895584348
2019-11-27,-0.5534747223075118,-0.7196899540677324,-0.6680550171171685,-0.7800327885659412
2019-11-29,0.5960380692932382,-0.7090173640350267,-0.6518269222682457,-0.6053097393852083
2019-12-02,-0.07302198945311839,-0.8517702749744319,-0.8898067478800872,-0.6098044820348183
2019-12-03,0.9308752207051461,-0.7230109265765706,-0.6937661438038407,-0.3500131118875251
2019-12-04,-0.15887772713266826,-0.7260806761347843,-0.659181066611284,-0.3760861790376756
2019-12-05,0.0353094167187903,-1.0088128297337122,-0.269667364409305,-0.35436581949499935
2019-12-06,-1.0196940262110483,-0.9311224771207088,-0.5989697299266095,-0.6037509896368475
2019-12-09,-0.05129949533866462,-1.23215731872912,-0.24421230778749195,-0.5912246996981603
2019-12-10,0.2607351288272958,-1.2810787544167095,-0.02863715968866184,-0.4949818754648284
2019-12-11,0.6637292772457871,-1.2310930970791756,0.1901511960561309,-0.29221990165388106
2019-12-12,-0.3754789653847273,-1.2667106847223413,-0.05110898037111112,-0.3730180465064324
2019-12-13,0.4244998425396991,-1.2632419598759375,-0.04467123955572884,-0.24395495591177388
2019-12-16,-0.029440567817194462,-1.274767854120887,0.013104617996293389,-0.23816181264108235
2019-12-17,-0.0438149864895714,-1.286037444428628,-0.06159021313490759,-0.24443904016723628
2019-12-18,-0.015045758687725418,-1.2862497701808076,-0.0717471966820844,-0.2401944570234665
2019-12-19,0.23629427733163877,-1.2774411626840694,-0.022865080582919525,-0.1616237700664698
2019-12-20,0.07811779647301559,-1.3309280729307753,0.13033147672116377,-0.1256834020260413
2019-12-23,0.2853775844202698,-1.3321359449489034,0.24804670148771432,-0.04045469849736057
2019-12-24,0.9162335071443878,-1.2813034392359715,0.5878776748884719,0.215498289034956
2019-12-26,0.7601638184466198,-1.237968892340435,0.6609045485560237,0.42205748206947913
2019-12-27,-0.05735826271588876,-1.3079821901991757,0.7812537093183352,0.403479209876154
2019-12-30,0.1882465294870042,-1.3383473389405185,0.6822869489659379,0.45294317768894465
2019-12-31,0.16680967860403098,-1.346622998846357,0.7404426956512917,0.49173149520091974
2020-01-02,0.7096163382087238,-1.3952961267177952,0.6867856013618595,0.678701825429506
2020-01-03,1.2954593807293897,-1.220178256231541,1.0416592223856467,1.02307069539234
2020-01-06,1.0209078795923385,-1.1406416276258737,1.2851074033044851,1.287579893645924
2020-01-07,0.3703727510223901,-1.409046979769071,1.632566965832233,1.3669598852487685
2020-01-08,-0.7749824063574973,-1.2396909834134693,1.4510731337140854,1.1299340280161931
2020-01-09,-0.5888303915891822,-1.1307100630156222,1.239678758618901,0.9539033051758933
2020-01-10,0.5783738936950612,-1.1392691293752892,1.2185392267197561,1.1013478898275542
2020-01-13,-0.7667192725287825,-1.0527594878455382,1.1218733806566408,0.8719025254784852
2020-01-14,-0.1114094166122081,-1.0432515530529145,0.9900759201325733,0.8287652581916971
2020-01-15,0.5592982086805242,-1.0372257778706255,1.1349041707909302,0.9740010912588775
2020-01-16,-0.17926762242082603,-1.0250002666220224,1.1015075807819021,0.9155055247340952
2020-01-17,0.1620693844070671,-1.0325344432188721,1.1451853933284106,0.9492402483110823
2020-01-21,0.08681940042419797,-1.0295482376916871,1.1083187656290348,0.9523643862636852
2020-01-22,0.011804874286044013,-1.0263201789627543,1.0919809265273994,0.9368220818043975
2020-01-23,0.202243838668311,-1.0266258577162501,1.0715141626865539,0.9643812503736162
2020-01-24,0.5604242496120222,-1.075126547820107,0.9841092524965482,1.0850893176402392
2020-01-27,0.6577502193544861,-1.0888808938344976,0.9590088510218449,1.2284027282390064
2020-01-28,-0.9186428054953303,-0.9407351948821383,0.7489322410685001,0.9397068256017218
2020-01-29,0.5179074029212761,-0.9259995515846645,0.8291263616004575,1.0513386397511417
2020-01-30,-0.015514207353252787,-0.9216765527764038,0.7847411191023717,1.0129517993174377
2020-01-31,0.5551414423770539,-0.9392496602470537,0.7471987791281932,1.1322286045714587
2020-02-03,-0.673722433806534,-1.0380373385771025,0.27367338028451305,0.9127248317071476
2020-02-04,-1.3312542829837082,-0.9435582352713037,-0.2798564430745722,0.5220417739489281
2020-02-05,0.10057216618171544,-0.9633427997381167,-0.3425194768888175,0.5226800567502309
2020-02-06,0.5149769195696171,-0.9936830466662775,-0.04138298512574767,0.6330575947727968
2020-02-07,0.24190755555098561,-1.0341893864667966,0.15461705953945942,0.664611028901642
2020-02-10,0.23446850650814516,-1.0682352549758312,0.07328017230919044,0.6952865231295567
2020-02-11,-0.36692246648097787,-1.1329302588755576,0.16786236327437698,0.559785515480405
2020-02-12,-0.10352567885539132,-1.133253581267545,0.1697312693742309,0.5006708862502679
2020-02-13,0.5453041263753848,-1.1352385917067822,0.16641395627728814,0.6160127268590404
2020-02-14,0.39459439264536716,-1.1267978376326317,0.30283024894311245,0.6930118727473902
2020-02-18,1.2510821423526983,-0.953609141343534,0.5638692080351203,0.9998940848596513
2020-02-19,0.5589979069164929,-0.9318613158995837,0.6779383052910597,1.1128613556366957
2020-02-20,0.38525911545808744,-0.9280158618060372,0.7685399106911601,1.169887863344499
2020-02-24,2.3628357920882648,-0.44062607331452863,1.2994045897971633,1.773577370122317
2020-02-25,-1.8252582545758684,-0.0889470351101761,0.7138914578088151,1.2027458269982096
2020-02-26,0.41371406195171806,-0.10431475377872171,0.6547821629175796,1.267341164905651
2020-02-27,-0.0027685711958401185,-0.1995342166640676,0.8773683447136595,1.2130201274343773
2020-02-28,-3.7386520434050317,0.8092206697903095,-0.14004121317380275,0.1542824821160812
2020-03-02,0.5286874567748069,0.8265828798995388,-0.01236769285271743,0.26597085471184406
2020-03-03,3.0718012219491753,1.3145037094250496,0.5871819096926033,1.0619540379563346
2020-03-04,0.15299880459974532,1.2791698641865747,0.7874500508044764,1.053510498505219
2020-03-05,2.114164931374413,1.3279911923794916,1.6401474050540974,1.5865184736582423
2020-03-06,0.015832680161659493,1.330461614791269,1.6188210244664278,1.52811604521923
2020-03-09,0.14259058432670707,1.33043776086794,1.5253165596010472,1.5065899175288529
2020-03-11,-2.5108301902095933,1.7071376491515702,0.8448157909680682,0.7621808295785065
2020-03-12,-4.09149725354289,2.4598961494422356,-0.1874484367041078,-0.35871952430340187
2020-03-13,-3.120404016795937,2.8110696387560763,-0.8215985158612487,-1.170587783251904
2020-03-16,-1.1730869000679836,2.8462764189062604,-1.0632556235619344,-1.4612072882111002
2020-03-17,1.3237663336926602,2.91230817598392,-0.887625839417313,-1.1192529940456195
2020-03-18,-2.033908444613747,3.013929215148383,-1.4310321310217742,-1.620961518166115
2020-03-19,-1.930280331164168,3.0026863225084535,-2.12321567134981,-2.071998319875416
2020-03-20,1.4657164178110769,3.0979343414592395,-1.9281760500070515,-1.675692235878327
2020-03-23,4.299517454716663,3.800746447225009,-1.065598633923639,-0.5573329221953046
2020-03-24,4.715186346392875,4.3334561281735136,-0.5307325543673886,0.6946768901958911
2020-03-25,-1.400222128746479,4.295544107403375,-0.4327402158447331,0.2982672251858778
2020-03-26,1.2514184106232558,4.339910287379949,-0.238382906570505,0.6230563016876507
2020-03-27,-0.6701807208269968,4.350626597982672,-0.3933621926033469,0.4219676448870874
2020-03-30,0.4167140862065626,3.927323138250086,0.588602178887661,0.515446174309507
2020-03-31,-3.257686832154385,4.249715274058049,-0.3078067719784269,-0.36160144701112534
2020-04-01,0.9186331501403192,3.974025788544856,-0.8026200137824315,-0.12232005993094046
2020-04-03,2.095656844729829,4.1221229090062055,-0.3566548687789253,0.4278993760795352
2020-04-07,2.173516987541212,4.130079412745338,-0.34289284812274384,0.9991203290946319
2020-04-08,-0.9167448062456136,4.150291582384766,-0.5581889355809502,0.722002085338642
2020-04-09,2.555744897744769,4.351709538469972,0.0030675070045312054,1.3987610084777715
2020-04-13,1.6767208764662138,4.2211106790779365,1.00975673597633,1.8316646532140832
2020-04-15,0.2498970051198547,3.612162367419941,2.0989206089337715,1.86069672522247
2020-04-16,-0.10875304915582969,3.178054190199404,2.882752623620854,1.782375563801828
2020-04-17,-1.98246095782747,3.2988775867134223,2.66977394793203,1.1886789754174274
2020-04-20,0.6876134146018413,3.2777812873184384,2.5035827635831285,1.3465654783583605
2020-04-21,-0.7068913546543483,3.0990959767284445,2.8514600747387546,1.1197311078401835
2020-04-22,1.925119430495953,2.9098242861131314,3.888749190020684,1.619728317161924
2020-04-23,0.9680023565593772,2.892881254957889,3.752580483227337,1.8391961705350446
2020-04-24,-0.45157902459364,2.4148230323084614,2.486298675039124,1.656073104222412
2020-04-27,-0.6882889935858901,1.6338365136106323,1.117422290397832,1.4141701354282412
2020-04-28,-0.46875214637548945,1.5254533348504715,1.3481472982545553,1.2401206823152042
2020-04-29,0.5293981092378025,1.4806739619748557,1.1691157580916933,1.3455450204242252
2020-04-30,-1.8499252271280258,1.6510563331805506,0.8793555650257052,0.7943965143612991
2020-05-04,0.9425431293756708,1.6750692638475158,1.008083527004812,1.0160037623271088
2020-05-05,0.4008271259710194,1.0207464131985704,1.9227144471518651,1.0882128266353033
2020-05-06,-1.3157223782297682,1.1539869544832366,1.3601506769407117,0.6933389564787673
2020-05-07,1.5006792833566975,1.0541294515970838,1.2124556483497533,1.0782282117356885
2020-05-08,-0.6248931331374461,0.8659264289844066,0.5294580494373826,0.8793008879459834
2020-05-11,-0.6473578440423385,0.8371806041160316,0.5943778041903166,0.6814085393704391
2020-05-12,0.36578387177459576,0.45676183445592367,0.0716526216109244,0.7743797547759015
2020-05-13,0.9351130761693409,0.3251573696873394,-0.10278323904092733,1.010413234187124
2020-05-14,0.8585858769749424,0.3718632901052604,0.0402930929544317,1.2242349025901331
2020-05-15,0.540370123401412,0.38836064023033384,0.193836729507928,1.3465739112463748
2020-05-18,-0.7812899449949664,0.1395804695723764,0.48060464228471467,1.0817221119509954
2020-05-19,0.9378416993602523,0.16549014034315435,0.5407791156332493,1.2967825447521277
2020-05-20,0.21482659758749986,0.11242767174263517,0.7637360768953071,1.3246923205128178
2020-05-21,-1.4901340463910342,0.04062684309148326,-0.0521868398290167,0.8851487753292557
2020-05-22,0.5675066942153129,-0.00819650066140769,-0.14605422516023325,1.0288576989059568
2020-05-26,-1.4534700495731199,0.12986416252699498,-0.37923497536592726,0.6207353360602591
2020-05-27,0.15777919246361038,0.10324303218886981,-0.18247417570849,0.658397234234521
2020-05-28,0.3121231426641912,0.09573196453432302,0.00060911058018061,0.7231051064630233
2020-05-29,0.7106677607308143,0.11238172631237862,0.04331433584230673,0.8724806060182347
2020-06-01,0.43692895824793654,-0.1689743662248268,0.5887769450327975,0.9279357546520774
2020-06-02,-0.6718245663580834,-0.1817800988084177,0.20242333494566347,0.6745989725853643
2020-06-03,-1.8838970856767419,0.08490772462341666,-0.33380720257045077,0.11179235741401015
2020-06-04,1.024545220105408,0.03566980135002656,0.21561270726836207,0.3248531014917218
2020-06-05,-2.0699551730875414,0.1678689126843984,-0.6175404946313463,-0.29321496401927316
2020-06-08,1.0538106578871091,0.2410622395612331,-0.22954563695545244,-0.0718965439056387
2020-06-09,0.9370124669707625,0.27474472894771995,0.14267117771531232,0.13562271016654187
2020-06-10,1.3996136219228403,0.39257784528771833,0.3887492315843692,0.4874000640354096
2020-06-11,-0.7460346793019396,0.38118115247017,-0.0101166055584796,0.2524958853755863
2020-06-12,0.1192421161568871,0.32981170154782485,-0.18341938225890303,0.2590832672174895
2020-06-15,-0.20067154101988063,0.3068125118751726,-0.3558387670675992,0.1766940401731226
2020-06-16,-0.07152371212422075,0.2695263129666607,-0.19072215046251664,0.13195922451531447
2020-06-17,0.16857414511359553,0.202397635149778,-0.36962768452365075,0.1347219845495305
2020-06-18,-0.2192201788295315,0.19716863547453115,-0.4699663593301159,0.03880681978636669
2020-06-19,1.0746613385411896,0.1307543750947159,0.129306304294511,0.29716139101327815
2020-06-22,0.6216919250418902,0.13527923632648392,0.1421334384428992,0.4419935644489521
2020-06-23,0.8159267126406843,-0.006985177699617469,0.6856536203723597,0.6315513925800024
2020-06-24,-0.37113147297257887,0.013012990256875169,0.5578746509126897,0.5113817384780689
2020-06-25,-0.0825145097241755,0.01285057831257635,0.46297398778385696,0.48005695272542626
2020-06-26,0.42293500015861396,-0.008367644642217033,0.39401709496521653,0.5861645436673278
2020-06-29,0.031772145404190356,-0.01834452187002475,0.29725470398809045,0.5843311531253117
2020-06-30,0.4207224220302857,-0.0565916313479675,0.5590841951235348,0.676301044244439
2020-07-01,-0.4712157337078762,-0.3786137638488182,0.9019039843986636,0.5295738760837951
2020-07-02,0.19351454885809707,-0.446107186982055,0.6996487336604443,0.5604883492469802
2020-07-06,0.5746523358359397,-0.9987294531058062,1.3491721155031293,0.703491021501665
2020-07-07,0.606597498838357,-1.0633288624755497,1.2381245737839777,0.8579819608043648
2020-07-08,0.5967925761756411,-1.1102949942429,1.1539766345143405,1.0046353040517482
2020-07-09,-0.2929633705474486,-1.282406599108854,0.7395748521441511,0.9018024825434262
2020-07-10,-0.28188704735933656,-1.3843417132044384,0.8525170320913723,0.8014922385181233
2020-07-13,0.10175502846815646,-1.383922160451314,0.8482523432697314,0.8098335899097246
2020-07-14,0.442879471432998,-1.4005570222895347,1.0056917717267593,0.9001755198136986
2020-07-15,0.06582215821777307,-1.4108445114339503,1.0394237379923446,0.890738127117433
2020-07-16,-0.9716029226966025,-1.198551047380057,0.7607972803954516,0.602652932460496
2020-07-17,0.7979188900178807,-1.169387043603883,1.009203604162626,0.7912072955167719
2020-07-20,0.4584606837773448,-1.27230058822776,0.8584130325396353,0.8922085081299715
2020-07-21,1.175267647785707,-1.1585322568537293,0.9938361799623567,1.1837049777846878
2020-07-22,1.4860658403330962,-0.9937075181290359,1.15878120392234,1.5540544410375638
2020-07-23,0.8561325524917615,-1.0041019465961465,1.463736122553641,1.7453741510770524
2020-07-24,0.8317099005317636,-0.9936181557582842,1.693351470810689,1.931141827629354
2020-07-27,1.9332476209739167,-0.7163945116460503,2.077309785089476,2.4318605802771143
2020-07-28,0.8081429305001071,-0.7209632781624912,2.276951106246066,2.6058472397552035
2020-07-29,0.7257327262773795,-0.71444169407802,2.3558087475316185,2.747319997445228
2020-07-30,-0.7647833128523251,-0.6465138912564776,2.279905176972838,2.4597702886990382
2020-07-31,0.8821539882042042,-0.6388689877088137,2.4583092938402316,2.652904528880489
2020-08-03,0.09090953795058568,-0.6232135371257727,2.332858871497901,2.6041764138881685
2020-08-04,2.0825315133715145,-0.3854456355700752,2.7175244148688784,3.1369552653574986
2020-08-05,0.9015010653883816,-0.374821611251577,2.7976488498286645,3.3065024596951154
2020-08-06,1.2960067192771803,-0.4054236828178515,3.219456006070468,3.589281549416554
2020-08-07,-1.6230126515344472,-0.04591088695094298,2.8630009981448983,3.0034764437835677
2020-08-10,-0.3686280226863049,0.006045048068981901,2.7391073130671755,2.8054752176881625
2020-08-11,-5.539444396987493,2.0019342156503033,1.2132446335186569,1.1595335383758036
2020-08-12,-0.4900069277983018,2.0242265489477496,1.0760552265264733,0.9751918873034313
2020-08-13,2.3113539123246993,2.1269713027827772,1.8975167439094336,1.5540251791210857
2020-08-14,-0.45395799158628813,2.1473388055937894,1.5810858756029935,1.3619570772640628
2020-08-17,2.123261766404535,2.2768347456436513,2.0027616930387153,1.8793049959901393
2020-08-18,0.8742354538039215,2.2612501227775583,1.9259925357947292,2.043218256064647
2020-08-19,-3.228652270756339,2.69654954859237,0.7533258595312603,1.0636194554032894
2020-08-20,0.6665485742007184,2.687743419763374,0.7073184984802239,1.1924959128921235
2020-08-21,-0.826302217421929,2.7016159159506534,0.3086563425559238,0.9053708784979853
2020-08-24,-0.5895087936324233,2.571174191717408,-0.2853865941609445,0.6904420229350778
2020-08-25,0.099190879817958,2.5416420976222085,-0.449645507947275,0.6646538327344642
2020-08-26,1.1513458166146915,2.57589088758279,-0.3511739026493337,0.9229251037893176
2020-08-27,-1.1847991828054985,2.60534958463467,-0.44835323047245496,0.5436610749902192
2020-08-28,1.700295382482023,2.6918056620516895,-0.2586816574262609,0.9501170866614156
2020-08-31,0.21602124502209963,2.693737513005283,-0.22953964415497252,0.9511291074939845
2020-09-01,0.09667603345691099,2.5097755087384797,-0.6878234407104591,0.9217391221457224
2020-09-02,-1.3436805600887283,2.513632720700335,-1.1951058433359965,0.5073114302402555
2020-09-03,-0.835708129136326,2.4212884600233737,-1.6663209076138998,0.239203803322906
2020-09-04,0.25331687484818105,2.3647452306914993,-1.2520899291242205,0.2658536179346533
2020-09-08,-0.21506009024310418,2.364401863019515,-1.2178417923525382,0.16900383854897097
2020-09-09,0.9435892419209406,1.0105123431391896,0.27703903616244424,0.38142292450044846
2020-09-10,-0.34497512566293237,1.0025814759873715,0.3116021420266629,0.2480427095061087
2020-09-11,-0.027728333854107702,0.6905484447693859,-0.23976264860244717,0.1988962018086009
2020-09-14,0.7636639416081364,0.7161571048658435,0.04564313810909098,0.36130095659743194
2020-09-15,-0.2617285401691801,0.41706522543912405,-0.5101444229636511,0.24968354363798856
2020-09-16,0.26072249752968985,0.35963223105672665,-0.6509834663015376,0.28166937521677204
2020-09-17,-0.5725792693472056,-0.40886136569331727,-0.034972824112620794,0.09435596731442429
2020-09-18,0.10879888432050312,-0.4511046700374376,-0.16569017842092137,0.08935806633228917
2020-09-21,-2.050771288549759,-0.15259799045280706,-0.4501183445132899,-0.4819159266187285
2020-09-22,-0.5078975228020577,-0.15883320612341922,-0.43126928273500353,-0.6364244880298453
2020-09-23,-2.205876058425459,0.1681271331832432,-0.9577749184286474,-1.2159006516841322
2020-09-24,0.3488271751207456,0.05088097895957613,-1.1382494624352022,-1.1349661526294952
2020-09-25,-0.3075569003959828,-0.020789689520290065,-0.9408968317895331,-1.2257507196965545
2020-09-28,0.9784636274185292,-0.20453487497219627,-1.103412963115233,-0.9865805662009011
2020-09-29,0.8171912585539324,-0.13047046085696365,-0.968144855421671,-0.789167817911169
2020-09-30,-0.6243474390952115,-0.12564204598417258,-1.1302838415023695,-0.9573876722528755
2020-10-01,0.865567250364658,-0.14501104791958475,-0.6297619750048041,-0.7351445007001571
2020-10-05,0.3741592046426927,-0.1712753004402016,-0.35093352465697786,-0.6377647635231876
2020-10-06,-1.2049120025734485,-0.0827349633756206,-0.6865835967554828,-0.942137399547341
2020-10-07,-0.06736192565298521,-0.08277747272544106,-0.6528093522833855,-0.9396137613365237
2020-10-08,0.33250482972222417,-0.16194261791767084,-0.7922231740996396,-0.8306619723775368
2020-10-09,1.777018104651362,0.11585172156671053,-0.3044273825087012,-0.3462410012729657
2020-10-12,-0.30973296275763124,0.12013583888375828,-0.36985167738138597,-0.41308794577643965
2020-10-13,-1.6071182574614493,0.22047211635740382,-0.912629632936079,-0.8069667172862661
2020-10-14,0.2866562358411588,0.23558796453229314,-0.7882217948537583,-0.7051891420606433
2020-10-15,0.3415881315314814,0.24097324255938785,-0.7698186241108586,-0.5790300721106757
2020-10-16,-0.36925510868766426,0.2317963393569908,-0.7234808658730215,-0.6324336061027017
2020-10-19,0.02820179193533492,0.22922757609834918,-0.7418602911384217,-0.5743144213847586
2020-10-20,0.4585334405218722,-0.037213105529536585,-0.1626278032767131,-0.41387800798153074
2020-10-21,0.7278346526780296,-0.015951038112095577,0.12800864821625696,-0.18658740451992797
2020-10-22,-1.0068307383956123,-0.35279621630937064,0.4134717067441754,-0.4447208037767201
2020-10-23,-0.1285138065171488,-0.35539963530412505,0.299418234380349,-0.47143908381369554
2020-10-26,-0.07261905673277042,-0.3666686233153293,0.3554850531500806,-0.4707765765395833
2020-10-27,0.24055806159161905,-0.4415727836624873,0.17982942181750136,-0.3910100413639602
2020-10-28,-1.649238206853561,-0.2642131932011029,-0.3979734023930331,-0.7883057492361992
2020-10-29,-0.43744470316198175,-0.27907514315864157,-0.3546857386130172,-0.8595124643663007
2020-10-30,0.4326750370464613,-0.3352042019036719,-0.454822653723315,-0.7234177412617325
2020-11-02,0.9432588098884374,-0.26108051436929025,-0.32308836490778853,-0.4534071550811053
2020-11-03,0.5436686099166007,-0.3573591210799331,0.08639432807312007,-0.29433718455909347
2020-11-04,-0.07812739556880409,-0.3571723061237755,0.083851294010996,-0.3027436293853447
2020-11-05,2.2494035399783976,0.033128892332433116,0.5410083732657861,0.3023835482781358
2020-11-06,0.1197457468191711,-0.2002956437295513,0.14525698848651505,0.34149936953821297
2020-11-09,-4.548875526293707,1.1279196847651565,-0.837681020883122,-0.8447304945810639
2020-11-10,0.3083805138482391,1.017319644495957,-0.39868888486375953,-0.7331801094018913
2020-11-11,-0.45570292659420286,1.016103553752764,-0.5698210119839582,-0.8173968523878958
2020-11-12,0.5818007821219305,1.0315726679706825,-0.5145850769823892,-0.6330018507764666
2020-11-13,0.6571943226137267,1.0572454553169826,-0.27705609825084226,-0.4380665818135055
2020-11-17,-0.39536642201647487,1.0628364227373481,-0.3753689700206155,-0.5228356084983182
2020-11-18,-0.5959380444568775,1.058950642909298,-0.618316784036224,-0.6555125539346609
2020-11-19,-0.21040646757822482,1.015863904958735,-0.8323413814307442,-0.686839422990663
2020-11-20,0.2797819878648742,0.9837755822244262,-0.5383360576982152,-0.5860178583793877
2020-11-23,-2.010637658510934,1.173649565390902,-0.9671465622479605,-1.0738262346390204
2020-11-24,-1.566450943259737,1.2655563511291594,-1.3017908525792177,-1.4323563350670203
2020-11-25,-0.06941359180601812,1.2533645212370108,-1.3706056188993059,-1.4032451293176453
2020-11-27,-1.0417896686715402,1.1843656368374216,-1.2355490179473234,-1.6170506506244937
2020-12-01,1.3916518834023557,1.318928648459638,-0.8238868629511149,-1.2177105837850757
2020-12-02,0.726853940238063,1.341648977152159,-0.7569720848262083,-0.9913036595337699
2020-12-03,0.7617710749094929,1.3225668211227575,-0.7982770714357901,-0.7570158988779475
2020-12-04,-0.3060982637727772,1.2953411494181066,-0.9906819988081503,-0.8097998768990899
2020-12-07,1.4576752320540518,1.4312402877445423,-0.641746665305958,-0.4100889359742138
2020-12-08,0.3258284072142637,1.1350074318634598,-1.0779397917773903,-0.3199829695593006
2020-12-09,-1.7458709261362781,1.2426272189094072,-1.4930476088903488,-0.7648978066881444
2020-12-10,-0.21367108205399446,0.06826890484886282,-0.5163948685917793,-0.8066351559089872
2020-12-11,0.1633909782474046,0.060619316403558145,-0.5497478848537478,-0.745759199874615
2020-12-14,-0.5743525134160992,0.06784470653250356,-0.5770057604462605,-0.8699678226303993
2020-12-15,1.3667088833796068,0.19342835054202445,-0.3960831259016654,-0.4968888559210736
2020-12-16,0.5279714150986898,0.18068011491615799,-0.4259669914914105,-0.339972759396625
2020-12-17,1.0239610064726292,0.25552467833239184,-0.09560824830560918,-0.05288892435114015
2020-12-18,-0.1920761965206768,0.23307081568904545,-0.0007460985569865819,-0.09577031865697146
2020-12-21,-0.34003356044678545,0.23821783518135178,-0.03123567105415395,-0.1766412383852421
2020-12-22,-0.8154398706373036,0.27545360522971146,-0.2872706007289551,-0.37737956107161247
2020-12-23,0.6401312017904772,0.0017475212806058247,0.33726678201818316,-0.18489075024687557
2020-12-24,0.3753630752613466,-0.22693515389370875,0.8053943158210525,-0.06577064334576886
2020-12-28,-0.3857016224798707,-0.20573636655007924,0.7285231295602534,-0.15688815222407668
2020-12-29,0.34121374297673485,-0.33669655701828677,1.0664513385923569,-0.053783369860942946
2020-12-30,0.7401138479736719,-0.43919679466574973,0.9066696003188116,0.1551427286783289
2020-12-31,0.34836353452473956,-0.464502451228242,0.814326524408216,0.25528004525185755
2021-01-04,2.1784750446957237,-0.14804889048773695,1.1617723702086635,0.8462994442452714
2021-01-05,0.27338600828263404,-0.17478922633698865,1.3053155953076994,0.9168995654690081
2021-01-06,-1.6591565523869996,-0.02390332173969523,0.5429560490554666,0.4680179745428797
2021-01-07,-0.25590385698977675,-0.017533422889285426,0.40328102876452493,0.40221131911318836
2021-01-08,-3.5020056559692105,0.6380221813923447,-0.013473329813114525,-0.5143993443925127
2021-01-11,-0.21851770158976316,0.6381549794399627,-0.01461339717406179,-0.5494454425549992
2021-01-12,0.6228582572656963,0.6600157326029865,0.09371294231861106,-0.36435218982189227
2021-01-13,-0.4537731063151285,0.6518491285172799,0.12222392770645567,-0.47016033768233284
2021-01-14,-0.07415072901395482,0.5321668724327141,-0.21622770346402254,-0.4774812489181487
2021-01-15,-1.2703676306768232,0.5980640014474551,-0.631863098058573,-0.7897024041972542
2021-01-19,0.8212228817576327,0.5706298097311967,-0.6782530490920795,-0.5528452992095126
2021-01-20,1.5923528854491722,0.7481694078106746,-0.2666968246425433,-0.11379492811963936
2021-01-21,-0.0849611906659824,0.7429937815334237,-0.207265173686171,-0.11975619180943983
2021-01-22,-0.8124203282754774,0.7427089864039561,-0.20656071422513192,-0.3028542561310145
2021-01-25,0.06395292529705934,0.7141316681576894,-0.34059853627658726,-0.2521351797733328
2021-01-27,-0.9049039396397514,0.7399383912503752,-0.6356792945904092,-0.4782642551733757
2021-01-28,0.07041946801589563,0.7378785926712346,-0.5309838676508971,-0.44478784853891395
2021-01-29,-0.06277195526105611,0.7251204277079197,-0.6237366005472353,-0.4485640821030589
2021-02-01,0.9116083894919491,0.7450222619623179,-0.5844082463133364,-0.19543846957009994
2021-02-02,-1.2460938276988238,0.8004718215678642,-0.9474712653693483,-0.504581675936716
2021-02-03,-0.17337259634567279,0.4245074172523351,-1.4725345549128308,-0.5303479790722946
2021-02-04,-2.198108708956375,0.6123597714251936,-2.011159029942713,-1.0754314703527894
2021-02-05,0.959815476035425,0.6211600735489441,-1.4399711777436952,-0.8049158039376022
2021-02-08,0.9794095339270452,0.7197924693291095,-1.165316020667926,-0.5299638646568123
2021-02-09,0.3036106712743646,-0.04174467908572965,-0.29753763825138485,-0.4435568586305604
2021-02-10,0.34308177460580996,-0.03221121445973162,-0.16665826655167926,-0.3563653277448699
2021-02-11,-0.8942652121659487,-0.016122721590982284,-0.5185373647678156,-0.5916470582868345
2021-02-12,-0.3263314970293934,-0.021882768075047063,-0.489183788071627,-0.6801408993239109
2021-02-16,-1.4675292939717113,0.11433722191692111,-0.8080970365398691,-1.0501014642109685
2021-02-17,-1.163655923048513,0.09749194104303828,-0.7838299772205941,-1.32802153885368
2021-02-18,-0.02825103260979204,0.02184490303218023,-0.976291097527969,-1.3104937871120497
2021-02-19,0.39162015892117946,-0.21807894180074433,-1.2455606303569966,-1.1888358427451062
2021-02-22,1.4631021180945598,0.013213949949432546,-0.8977957063859673,-0.788476623575025
2021-02-23,-0.25250962208467165,-0.018083543460998316,-0.7706824230098333,-0.8293214983965097
2021-02-24,-0.09319898053383907,-0.021821837548688713,-0.8064316087917475,-0.8372892948659908
2021-02-25,-1.9212147659187202,0.166663041891128,-1.0362717710879832,-1.3081566687342485
2021-02-26,-2.469469304514538,0.4898815101788199,-1.6005576819593685,-1.8952043936657332
2021-03-01,-0.1953799211614373,0.4860112664897329,-1.629627168165813,-1.9095395401981021
2021-03-02,0.5208964313654731,0.4298641035239864,-1.7150527510232965,-1.7401305254164614
2021-03-03,-1.1301608962291698,0.4171063240858578,-1.689739906830528,-1.9757839131738717
2021-03-04,-1.0104860670051805,0.4399850817166173,-1.8718580345413738,-2.169822343447189
2021-03-05,0.040597216722559885,0.21427553584166623,-1.381381541218992,-2.1045084600419037
2021-03-08,-1.064140770331153,0.12630245840102358,-1.8252835234170977,-2.308536779050145
2021-03-09,2.081886198820543,0.42307507443075987,-1.5845987901279988,-1.7463682947620929
2021-03-10,0.4861255335353157,0.4410519187958325,-1.544496751386994,-1.5769934539282804
2021-03-12,-0.12742332465715941,0.4123293029360911,-1.6477270844615743,-1.5595416420586765
2021-03-15,0.4163019531685184,0.4275594480171096,-1.3589719310607633,-1.4079824547200814
2021-03-16,0.07016770383552696,0.43578025991074093,-1.2708633940863099,-1.3424657401366282
2021-03-17,0.689485521907514,0.38613174835280484,-0.7853696834870272,-1.1171756125628511
2021-03-18,-0.6047535861232186,0.32974401630621847,-0.6578556510251834,-1.2189507582988701
2021-03-19,0.395061496626988,0.34789390840277984,-0.5608009728584109,-1.0535147529440547
2021-03-22,-0.16933103115055984,0.3291860409520988,-0.6893242217343112,-1.0306884321163312
2021-03-23,-0.7547494953496477,0.1534419479297824,-1.190466926598143,-1.1640646406379498
2021-03-24,0.3231310405062315,0.17678004978052178,-1.061462407793715,-1.022574724336378
2021-03-25,-0.3861541941030947,0.1770599069582658,-1.1272082489730255,-1.0809304255598498
2021-03-26,0.26160230588271155,-0.03710505524762696,-0.6326721827946465,-0.9744039546045903
2021-03-30,-2.941996448163751,0.14839855752607642,-0.7406449436223558,-1.6695725534407573
2021-03-31,1.4826702067604434,0.3303494434464104,-0.3548862958113866,-1.2464290079771998
2021-04-01,1.2322549441302952,0.42080568862992074,-0.189391137507134,-0.8878378366248796
2021-04-05,-0.05927900885026656,0.33505682033614087,0.061977344177290936,-0.8687117095703794
2021-04-06,0.7771609513021004,0.2902534337262942,0.48763841983515294,-0.6305567146534137
2021-04-07,-0.30438352557826714,0.3014362752910248,0.40490039157551183,-0.6646509764136663
2021-04-08,1.0468762271210068,0.2562061526729143,0.915694676409304,-0.348627962084025
2021-04-09,-0.778603678094472,0.03254050484228112,0.2261324254971483,-0.5146261826166154
2021-04-12,-0.6302553855807402,0.04919915714216571,-0.03767952818626673,-0.6370511183475774
2021-04-13,0.6836781539015298,0.08150767331258385,0.15369893990164,-0.4221700575898605
2021-04-15,1.145356713015751,0.16055689142664928,0.3270487150976535,-0.0878475026555929
2021-04-16,0.5805187245402332,0.17845258207409112,0.4491510109422881,0.09449935416431875
2021-04-19,-0.2990674925531375,0.16095266787124504,0.21320243046422288,0.04720533157128835
2021-04-20,0.332666257005791,0.13186372268403365,0.43688920034559625,0.16136682884797698
2021-04-22,0.31345903490768073,0.1287088859330576,0.4173337952054268,0.26810720425422785
2021-04-23,-0.4059979510894287,0.14189315422075968,0.36070857936457923,0.1699375368484271
2021-04-26,0.2417468292719856,0.0877795769527235,0.6000402586755746,0.2511956792929574
2021-04-27,-0.27421749266617085,0.09602936060739412,0.45628684936847685,0.1997520201372082
2021-04-28,0.2716680970420808,0.07864194581827572,0.6146413585468922,0.2965107800560558
2021-04-29,-0.4363656633247065,0.10015263354194304,0.4466564619101885,0.20566721354679499
2021-04-30,-0.35960579287726885,-0.7345642967314006,1.074080516084102,0.13276534553111344
2021-05-03,1.2668275083144385,-0.7895646649478246,1.021015886315744,0.4926451720168583
2021-05-04,-0.7576764033837892,-0.8210296045266202,0.537153748517034,0.29769270955042854
2021-05-05,0.39098466118838854,-0.8172404785958739,0.645796118363198,0.40703757648872035
2021-05-06,1.6314251483271518,-0.6245407611108055,0.8532679490560618,0.8491185299070936
2021-05-07,0.8731271878388573,-0.6071723080828643,1.1421671567356515,1.0827578972827316
2021-05-10,0.2802510812055135,-0.6773664376355374,0.953691350055014,1.158541352566394
2021-05-11,-0.004821051518892791,-0.7806873230090021,1.1439336519161227,1.1531099085044678
2021-05-12,-1.0202716983228928,-0.6907365674885855,1.047860135509469,0.8700419278930117
2021-05-14,1.2946811896321944,-0.5953777941056686,1.1985363511006282,1.2142022519456377
2021-05-17,1.1345950584535198,-0.5973148357988356,1.195874501374486,1.4964160227981511
2021-05-18,0.17212174742134087,-0.6084422473190555,1.0950707201271583,1.505010882502263
2021-05-19,0.04627224803222667,-0.6345082938056825,1.180283317976638,1.4806024817322867
2021-05-20,0.4332969126800106,-0.6317849299548292,1.20516937406194,1.5572002964818423
2021-05-21,0.023188383488388364,-0.6270540507935977,1.1334532013186518,1.5117798992789582
2021-05-24,0.15364830956407194,-0.6714021727049984,1.2719096307123323,1.502819228256825
2021-05-25,0.8806563853935748,-0.6344239212966293,1.430926260241618,1.6897530567907586
2021-05-26,-0.19654473336400297,-0.6430754520855546,1.4503274205460233,1.5826112145288591
2021-05-27,0.017145306709832598,-0.6349961930722413,1.3868087200725872,1.5391618574189154
2021-05-28,0.3539439859440125,-0.6934404631432144,1.5845680795492907,1.5887088170005474
2021-06-01,-0.2916147382684685,-0.7030034966791869,1.6016546456981273,1.4590618879947956
2021-06-02,0.46545210064582165,-0.8003105246787067,1.4010009585742151,1.5419361976540633
2021-06-03,-1.998851107796728,-0.38745290737712207,1.0933849658754904,0.9470500520037439
2021-06-04,1.0499749725331127,-0.3309910505983254,1.2562352112949917,1.1981845419579282
2021-06-07,0.37758954817992335,-0.5114181430617275,0.9473053142191282,1.2618150052681347
2021-06-08,-0.33183127064398443,-0.5346736202501918,0.6540470351435341,1.1274183866514789
2021-06-09,-0.21411665547613418,-0.5253007514220388,0.5347485537262309,1.0237599470514398
2021-06-10,0.4061316108099079,-0.5194168994259921,0.6338763074879102,1.092789503104633
2021-06-11,-1.153498351497641,-0.48785536132059515,0.6016954524338141,0.73293253382646
2021-06-14,-0.6098718251065605,-0.5850189099836429,0.14630946852664975,0.5310734427661891
2021-06-15,-0.4006087151963169,-0.7029204286868966,-0.2145005483673373,0.3749145897689492
2021-06-16,-1.7252972593181555,-0.44108660632473434,-0.6528513598043345,-0.11999810298097938
2021-06-17,-3.143523925415582,0.24966461698203413,-1.3712791274624332,-0.9536013589728343
2021-06-18,-0.5783358282248157,0.21361342970480243,-1.594379484640778,-1.1063557282769256
2021-06-21,1.1946902669749584,0.3662649232848926,-1.335815355226551,-0.8023516826023444
2021-06-22,-0.442275876074113,0.3533344855625468,-1.467721402419335,-0.9221710679810721
2021-06-23,-0.08841036589326935,0.2531841569648514,-1.680549527327682,-0.9442659317172231
2021-06-24,-0.08243660364837001,0.25681311079921204,-1.6555959324237421,-0.968241298459063
2021-06-25,0.30834978708396077,0.2781043720814152,-1.5917849951415355,-0.895558037451397
2021-06-28,-0.02824165714885532,0.24999876187876224,-1.6754943363782346,-0.9066579232582654
2021-06-29,-1.0780082757711775,0.28357430206651146,-1.8467330647814517,-1.1777073356850356
2021-06-30,0.4617769440851726,0.28312445811777837,-1.8475301791170964,-1.0509103288250305
2021-07-01,0.32119070495426133,0.11692333682061451,-1.3384550554989991,-0.9630433436527499
2021-07-02,0.6312390659314195,0.04454592625701515,-1.4312120775601735,-0.7956934656929695
2021-07-06,0.4725159236424039,0.0552061194370666,-1.410218337177312,-0.6696978447365226
2021-07-07,0.35759141221403296,0.08667573842090506,-1.257147282186549,-0.5772490948743679
2021-07-08,-0.08742594110607131,0.08889294205945088,-1.228903412587463,-0.5999215942943311
2021-07-09,0.30915575337094636,0.07973182857446033,-1.2505259956747046,-0.5213064240925501
2021-07-12,-0.14639124513292998,0.016754668889592518,-1.0249471416283762,-0.5603976672283222
2021-07-13,0.1078078641890832,0.011029201757397135,-0.8628038417499159,-0.535370665325859
2021-07-14,1.04718827254834,0.11475336359289148,-0.5321430764450445,-0.2689565609240414
2021-07-15,-0.004703148656700774,-0.09961500233269209,-0.13290010541404704,-0.2743820064807959
2021-07-16,-0.9970346519619004,-0.9921164352926178,0.374897342309627,-0.5409874387533506
2021-07-19,0.09570352486229751,-1.0514790123523043,0.5366182579786537,-0.5170934043229887
2021-07-20,-0.15199650983722257,-1.2145907868945809,0.21459377544649755,-0.5492069137640786
2021-07-22,-0.19945192790635427,-1.2417070886356425,0.2723385721504819,-0.5881578072667257
2021-07-23,-0.336077219445011,-1.2219699212576998,0.21344353338770422,-0.6596689337348007
2021-07-26,-0.2597502594389697,-1.2106918076478697,0.17136798110591667,-0.7097171567785473
2021-07-27,0.14407152518935204,-1.2198051390235551,0.13245220136251615,-0.6601100701633152
2021-07-28,0.4809507461424191,-1.19299467831527,0.2532828719944101,-0.5174868747592595
2021-07-29,1.0818037241637282,-1.263666474229176,0.7727005520664431,-0.2140326716923357
2021-07-30,-0.813800509863098,-1.1482626446731117,0.4645784726652685,-0.40805458496267144
2021-08-02,-0.1459450267689552,-1.147827700132596,0.35271944146067097,-0.423645511836857
2021-08-03,-0.09299391794453091,-1.1905834718978556,0.18032670444861,-0.4223791200955411
2021-08-04,0.0013419510187311291,-1.2187878574392828,0.0688395624815522,-0.39601665090011745
2021-08-05,-0.4181090067886275,-1.211878390562851,-0.1135625150164351,-0.47748703123485325
2021-08-06,-2.5523016917214854,-0.5001660936621769,-0.683860210037461,-1.09658741311438
2021-08-09,-1.8111509194613902,-0.2832692786237494,-1.1633094207918664,-1.5061421503317198
2021-08-10,0.00866087626742252,-0.27848876355880486,-1.1285922219572004,-1.4507509037664514
2021-08-11,1.346399236953321,-0.08335892255668942,-0.8493217752790353,-1.056896886936598
2021-08-12,0.002131407632484112,-0.20978307988244024,-1.0851829411835254,-1.0083871853102715
2021-08-13,1.3997160199048566,-0.004994296180068059,-0.7676451226852005,-0.5997330671435992
2021-08-16,0.4751854041077573,-0.036770661655794214,-0.4299534582870715,-0.4436259339028728
2021-08-17,-0.17181141125489283,-0.03914572655529522,-0.4916852205375155,-0.4512760905342725
2021-08-18,0.055561993284804476,-0.0375882716698514,-0.44380337483496307,-0.3969582211055062
2021-08-20,-0.26183704630388355,-0.036213868157974054,-0.45820550152048,-0.4270026351595278
2021-08-23,1.1877681285705415,0.07760384358691068,-0.10382872426387585,-0.07892725254886979
2021-08-24,-0.06965406801873901,0.07320272100745709,-0.05924086623847783,-0.06266857220516499
2021-08-25,-0.7181813609715332,0.10682202650703519,-0.26080770872881437,-0.22236174611375437
2021-08-26,0.09110319015024004,0.08643678092638274,-0.35137229468356446,-0.16976541067950474
2021-08-27,1.469049364809454,0.16368221251938586,-0.26141332514770127,0.24378566251113992
2021-08-30,-0.5168709622094276,0.13636571877983011,-0.1921987776257687,0.11569445055605904
2021-08-31,0.17825586320234166,0.13849296664836358,-0.11639211075004746,0.1574675690464203
2021-09-01,-0.016356142533510185,0.13807501856924467,-0.09843623469851576,0.14369975759493933
2021-09-02,-0.2876829228806165,0.14321910713556868,-0.16608155057663906,0.06472477672320079
2021-09-03,1.0411590866764766,0.20857237252155006,0.17746316081206165,0.3370334349527647
2021-09-07,-1.999410891946362,0.015124888135316327,0.3089417370074673,-0.2004869170699672
2021-09-08,-0.2729178358178116,-0.2764286120268286,0.6785858417148835,-0.2711991950922141
2021-09-09,0.41898777093275896,-0.27237024184884445,0.7781539472080314,-0.1581793125939611
2021-09-13,-0.19492180487905214,-0.39596517524757113,0.4062501154419645,-0.20793453014631366
2021-09-14,0.6193407363993105,-0.3727586601010649,0.5544879586627732,-0.04909041836039903
2021-09-15,-0.6102079471435916,-0.49489193153651706,0.0750994192881956,-0.21326442507981752
2021-09-16,-2.311732793417857,-0.06968648126424296,-0.5738628268696128,-0.8097823362092887
2021-09-17,-0.18082299482491943,-0.06960307014960139,-0.5759320581132336,-0.8401731231245655
2021-09-20,0.6894030333519685,-0.02159393766569596,-0.4299342850833251,-0.6443942645648147
2021-09-21,0.642232273924649,0.014509052883985133,-0.22008429039399358,-0.46104249514438544
2021-09-22,-0.3962237668351779,-0.1059371116226312,-0.5865103411519484,-0.5494819348545035
2021-09-23,-1.1832276372175032,-0.020695691983746583,-0.8406605276676535,-0.8355553765625681
2021-09-24,-0.15071250223159674,-0.045127356744194144,-0.711501235162324,-0.8513017639383611
2021-09-27,0.18567633955668392,-0.040845207566396424,-0.6899044565403126,-0.7798014501108491
2021-09-28,-0.9983244979359025,-0.22003304572196813,-1.2467220712754543,-1.005424725569232
2021-09-29,-0.47359226059709963,-0.22172815948543068,-1.237073218893247,-1.091855176900322
2021-09-30,1.7588823641665137,0.08175058709894689,-0.8817998807801615,-0.6124100509209257
2021-10-01,0.20273490258975127,0.09083358147636456,-0.8321105852088847,-0.5374656779401026
2021-10-04,0.4443470094820521,0.11673011324745586,-0.665296033706023,-0.4015693831593129
2021-10-05,-0.48883488898518807,0.01090519964041231,-1.012564035673608,-0.5105460032368078
2021-10-06,0.24464606608428147,-0.25371696642040953,-0.5013946105391363,-0.4289304157546492
2021-10-07,-0.5506425962999352,-0.23921852280130707,-0.5652809232871879,-0.5556257704386578
2021-10-08,0.02036977640730577,-0.26312207316157066,-0.656667232674311,-0.5311107974036419
2021-10-11,-0.21111982715322436,-0.26293591056987664,-0.6603730575538302,-0.5638468317443337
2021-10-12,0.4280385572236296,-0.2852106028632477,-0.7040942660901965,-0.42447827023760004
2021-10-13,1.7409631328612767,-0.029329761429921962,-0.1608964468361169,0.05306173483813321
2021-10-14,0.2220256826741132,-0.5060037677178396,0.438965776936595,0.12411829043802895
2021-10-18,-1.8719980353279722,-0.17669009717531844,0.036898575020420085,-0.3559438153643112
2021-10-19,0.29850494912125797,-0.20912267586245567,-0.05507140887306142,-0.25771895645626597
2021-10-20,0.8500536815896377,-0.1828292514742244,-0.006220237881249998,-0.01827954641058172
2021-10-21,-0.11212599838613127,-0.19552468686973645,0.06072522036876516,-0.04921211162230983
2021-10-22,0.5873936799894756,-0.305871660052761,0.4822738816907961,0.09512615133895415
2021-10-25,0.6665713345231995,-0.2869421659007722,0.6793853251941201,0.25810613511466407
2021-10-26,-0.7647081606659344,-0.21893296375979554,0.45032515349094887,0.045573072253523694
2021-10-27,0.23973427261544872,-0.3293278657112834,0.7491505576612496,0.10294432688234131
2021-10-28,-0.046027666292060954,-0.36266018524619975,0.8532128915794224,0.09106058383709822
2021-10-29,-0.8763995012410694,-0.5237387572830443,0.21885315912474068,-0.13637133880542415
2021-11-01,0.49828930623222223,-0.5069082045367932,0.2891686909800262,0.0013454170753919928
2021-11-02,-0.23730617214784294,-0.5141522208548921,0.12730877573090535,-0.05656370168620754
2021-11-03,-0.8569906332478916,-0.4648123267044178,0.040347387461058176,-0.27644075240351185
2021-11-04,1.1051064665073853,-0.36239837159977134,0.2440967394184291,0.02848196160485076
2021-11-08,1.6335786004599613,-0.1975984384224536,0.7692460854023537,0.4715798984687892
2021-11-09,0.46919886423379115,-0.1924466807704667,0.8785859081147251,0.5936912090547835
2021-11-10,1.0574340785382232,-0.14926056792566736,1.1902876964043203,0.8735166018348033
2021-11-11,0.5362219761727715,-0.14517249525341555,1.217053401235858,1.0157174522514276
2021-11-12,0.16704140850025415,-0.3453684319243262,0.8304891013537756,1.0514738739552403
2021-11-15,-0.17708869352488177,-0.3348935873752818,0.7334278204727563,0.9932951843275636
2021-11-16,-0.7480264070478175,-0.6601991212587239,1.0077623711876937,0.781179504116844
2021-11-17,0.8870332288175864,-0.6158637651346314,1.1526431178911802,1.016183507915249
2021-11-18,-0.3435722683531607,-0.6254582711474667,0.8596892954079649,0.9171671495641048
2021-11-22,-3.0564018094211773,0.22107740634625425,0.15185060223114033,0.08356587440683673
2021-11-23,-0.8909702375609818,0.25327884255817323,-0.1957805582157934,-0.14949240255191182
2021-11-24,-0.11790918972564236,0.21602878658216665,-0.3781707098469831,-0.17213286222535487
2021-11-26,-0.18387664596024897,0.181176618178009,-0.24326618184584942,-0.21240502507113523
2021-11-29,-0.16014969583176422,0.17550588282307578,-0.3362276717159159,-0.2421300802448867
2021-11-30,-0.6964820059578244,0.20282841190282253,-0.4866474211287847,-0.41365104649093265
2021-12-01,0.3756289360389926,0.16952985443917798,-0.19623777881600796,-0.3149678400446051
2021-12-02,-0.5772862346649001,0.16567914992462487,-0.44593878846549906,-0.46656152484665014
2021-12-03,0.8151689777519147,0.21986088553296831,-0.20162894566324155,-0.2499547243882413
2021-12-06,-0.2685243689730409,0.1736870337978745,-0.0639036513069054,-0.3159915143748643
2021-12-07,0.33196288937818397,0.08768832325598958,-0.24468415656377854,-0.22621622894956095
2021-12-08,0.031675597192786197,-0.145501727635977,-0.6148294388998943,-0.2226468181725397
2021-12-09,-0.635060021633363,-0.1587359249396967,-0.866554365899833,-0.3935736544626128
2021-12-10,0.3987229073642052,-0.2627117488498853,-1.0153942958136983,-0.29123929252563807
2021-12-13,0.22948789163515415,-0.2952913277567512,-1.0843688241638993,-0.24000146975011347
2021-12-14,-0.96046320240504,-0.2680744208901176,-1.3360969541691545,-0.5015914421789456
2021-12-15,0.40585374714942424,-0.22904024048335597,-1.2063029801532734,-0.3945859938472532
2021-12-16,1.1798670066840327,-0.09213078501140638,-0.771620685153786,-0.08587215655572568
2021-12-17,-0.23648679007692236,-0.18783024323286301,-1.0259594384264834,-0.15095263015910315
2021-12-20,-0.4461322530118766,-0.18481687895435006,-1.0490345680593565,-0.2718715145412438
2021-12-21,-0.06412810422032504,-1.0516267494805687,-0.36597172529285416,-0.28930837312389474
2021-12-22,0.9130675029875058,-1.033085070185865,0.05583456091807304,-0.05373097621978911
2021-12-23,0.20283191133973408,-1.0316139967076483,0.13162801837557292,-0.008474486939134808
2021-12-27,0.21412518231880287,-1.0344633202521782,0.22601747854823398,0.037633706244534965
2021-12-28,-0.4540432727742912,-1.0078078718823433,0.15628187881005504,-0.09094999383658027
2021-12-29,-0.051889579890517575,-1.0798879175128817,0.3095006649359097,-0.10206688946759203
2021-12-30,0.6926845879774386,-1.0417245483847193,0.38522764036142626,0.08418551713416439
2021-12-31,0.6583732781658533,-1.0665425558055381,0.6826607232590017,0.24877011062794047
2022-01-03,-1.5720762057509694,-0.7953171730543599,0.11132208401848359,-0.17732519126701718
2022-01-04,0.7114718590985112,-0.7585029705860459,0.3442146417015538,0.010685115720103682
2022-01-05,-0.32336691936623574,-0.7503029084604323,0.1882251300108772,-0.07746234444876486
2022-01-06,-1.253818715892021,-0.5817699928412252,-0.11480935254787482,-0.4028912464598752
2022-01-07,0.4316915060169231,-0.6052896568151491,0.1363845456439571,-0.278778838011844
2022-01-10,0.28121794574700304,-0.6127071624948801,0.10858345034441842,-0.199814234682977
2022-01-11,1.1766166803523415,-0.4902363124128752,0.3336020523946111,0.11483503594384945
2022-01-12,0.241585028327261,-0.600804289820664,0.622271384905003,0.17757627969517464
2022-01-13,-0.36241180642124565,-0.5861016748933225,0.43737397909922304,0.07453236085213476
2022-01-14,-0.3105342512629476,-0.7022724680230475,0.08270809884983003,-0.009861482993802384
2022-01-18,-0.1873527309113181,-0.7047537552712437,0.09431627931638645,-0.06124663100414728
2022-01-19,1.5528251829017683,-0.5096141933607294,0.5714510727827764,0.34392648691092453
2022-01-20,-0.27236472232217007,-0.49798517161693834,0.5213003455014297,0.26311267770012736
2022-01-21,-0.34891619868145485,-0.547188947604861,0.21959492244359843,0.1725915728845261
2022-01-24,0.5254961853072009,-0.5278021684808376,0.29637299333243283,0.3187109935195673
2022-01-25,0.2968570175204287,-0.5247854932405093,0.3160990095164141,0.40743047042134917
2022-01-27,-2.9493720210200904,0.18921856370284124,-0.27174918522967295,-0.35883604797957847
2022-01-28,-0.32092323286373764,0.19417926280289388,-0.3342561223684819,-0.41486721715004093
2022-01-31,0.5682720100288614,0.1814652938209025,-0.36310514898267016,-0.23900214270283238
2022-02-01,0.060983013977057826,0.1420864108715182,-0.5011301488666445,-0.20200453659012338
2022-02-02,0.3395832244645013,-0.02203462316801953,-0.05652864705306967,-0.08737526698774997
2022-02-03,-0.16444000961379235,-0.06419597090804868,-0.2612982106485542,-0.10845989489868577
2022-02-04,0.13179568890854268,-0.06830627826167088,-0.15511481292308948,-0.06759542769512654
2022-02-07,0.7150509644724418,-0.16191944639202394,0.3098060827086157,0.12163303560736581
2022-02-08,0.28287884444745093,-0.1691481326359673,0.27434528729073676,0.19282008715219998
2022-02-09,0.31698852079580564,-0.16773971963039763,0.28286429333260016,0.2707177518903581
2022-02-10,-0.40250037194423205,-0.265265647037813,-0.09032521850428205,0.15509855828605384
2022-02-11,1.864710726227423,0.009023652527118372,0.29334943499721344,0.6426774338344169
2022-02-14,0.5112298774862165,0.00707989969875329,0.5024543869584402,0.7617292404784458
2022-02-15,-0.9764634659194595,0.08261083736141457,0.3428996705936454,0.4739976842202701
2022-02-16,1.0006006366421953,0.1360757149572956,0.628275146502082,0.7282101185380019
2022-02-17,1.3348709497361015,0.09319623558172094,0.575662869524796,1.0688309534636862
2022-02-18,-0.09559278088210417,0.08479505379142092,0.6183253042390748,1.0144366813564996
2022-02-22,0.18637493415733994,0.06613789316631442,0.7479744138606242,1.0378378886795636
2022-02-23,0.42732166647964914,0.06137656643367837,0.7241442372608345,1.1226827512535509
2022-02-24,-0.6691384920661327,0.10798725852504126,0.49090924880127534,0.9077512323866136
2022-02-25,-0.35576053638141486,-0.7340188740011554,1.1222581998354377,0.784286723834459
2022-02-28,1.0086243236937458,-0.7130443271179112,1.4523093172272932,1.028467331413541
2022-03-02,0.7314706929540614,-0.701074468411049,1.4931255883985812,1.194888375445388
2022-03-03,0.5711418395574038,-0.7020708972420872,1.6211477486591042,1.320245449275119
2022-03-04,1.5576094275159993,-0.5562806213473861,1.9294612227609458,1.7160951050218238
2022-03-07,1.452631833153757,-0.4914088945422485,2.344630828811811,2.075619699049269
2022-03-08,2.676032266818566,-0.10455119520154814,3.011590822062947,2.7827604422759267
2022-03-09,-3.0374249411171936,0.767522265487598,2.0337920695198837,1.8448310248251338
2022-03-10,0.2892926774598698,0.7674188910306109,2.0354322311025728,1.8764653905055932
2022-03-11,-0.727287070837055,0.8421482594465359,1.7697688618841596,1.622842137612982
2022-03-14,-1.5406037236690469,1.0142096484201795,1.4833786806627172,1.1494683219260458
2022-03-15,-1.9098985976936484,1.1143019468604187,0.5565474989996377,0.5930802581498458
2022-03-16,0.6016842439008456,1.11858627459996,0.5783511775192892,0.7325540038955514
2022-03-17,0.4652728571770655,1.052036996308864,0.9285526773608848,0.8358524611822211
2022-03-21,-0.1439004305400437,1.0188991148640212,0.6501376855308905,0.7630876533499479
2022-03-22,-0.7497292520428033,0.9708549671583874,0.15114919250928296,0.5321232378627653
2022-03-23,1.3340413569224323,1.0588424417121414,0.4922366893495379,0.8658008564328289
2022-03-24,0.7009375138957843,1.0772521675008866,0.6162016634886921,1.0156858156610935
2022-03-25,-0.4324982131650591,1.0882010187332676,0.4094165941430437,0.8553160666457224
2022-03-28,-1.8588057768539732,1.2583000039151233,0.12622092703402762,0.3174643160325139
2022-03-29,0.02241052335640726,1.2500011967369296,0.21587796041153728,0.3022806753327221
2022-03-30,0.7781273058920669,1.2292643840985362,0.161191225409093,0.4900284554769838
2022-03-31,0.016495695251505103,1.2023528435738229,-0.007640727064901903,0.46811115112963847
2022-04-01,-0.6606604578563819,1.2046257339486375,-0.29569736562551113,0.26396379395782843
2022-04-04,0.46110696833143777,1.0739108999181777,-0.549145118338995,0.36158233010717494
2022-04-05,-0.6504970392316958,0.9393827439425287,-1.0275552950206497,0.16919596193430464
2022-04-06,0.21172846646973026,0.41157661500820947,-1.575466923549639,0.20803543336250993
2022-04-07,0.3554089100461883,-0.13504509428119513,-0.8175778672106431,0.2821406669607601
2022-04-08,0.6021974543621237,-0.10375566018546237,-0.7463771998240838,0.42315603658614925
2022-04-11,0.4723178130420019,-0.10400028249874772,-0.4713358740292437,0.5282547465640237
2022-04-12,0.7422540212256465,-0.24173175798177166,0.06127485212813175,0.6883741248405226
2022-04-13,0.4553135897674272,-0.5964683498384834,0.6260794946975231,0.7658395787727377
2022-04-18,-0.043898299559891656,-0.6173914182857732,0.47058827109197704,0.708826975740306
2022-04-19,-1.54458175126102,-0.386293828362446,-0.007113931377641077,0.25103967076433803
2022-04-20,0.4658998798109956,-0.3704018360099646,0.1368098118449509,0.3415948884558086
2022-04-21,-0.3785238470775813,-0.41190636204301767,0.2248517476952687,0.20422106800460538
2022-04-22,-0.9988963583251348,-0.4884519924980597,-0.32308045561676785,-0.09291977315125988
2022-04-25,-1.8351048713118718,-0.2837200666751268,-0.9043876899634444,-0.5941429389937335
2022-04-26,0.1300926659821542,-0.28117840205631356,-0.7767014311003563,-0.573631345149581
2022-04-27,-0.7805726764715133,-0.5170242671250924,-0.5299669671897419,-0.7860539549230655
2022-04-28,0.5159636581468643,-0.4820709114886576,-0.4161351697694051,-0.6638369516306971
2022-04-29,-0.0335386464918767,-0.5577357311910454,-0.603038381439561,-0.6757964497084948
2022-05-02,-1.8930952821187466,-0.28481960769953885,-1.0368230185840308,-1.1580241921918712
2022-05-04,1.2193948388814262,-0.13982499116345956,-0.6098110214929897,-0.8447023315027931
2022-05-05,-0.4039632697535177,-0.16520834245371788,-0.8072898305856,-0.9446096570510506
2022-05-06,0.14315342386800967,-0.1790246730320364,-0.6261795712971524,-0.8964385423835665
2022-05-09,-1.4803103493235337,-0.05104011421017575,-1.010573652022125,-1.2602857498023967
2022-05-10,-0.8700781669387266,-0.04866039684034974,-1.2849428027128178,-1.4593470012299303
2022-05-11,0.7908906686484635,-0.019711738438871564,-1.2429158328878318,-1.2363773920712193
2022-05-12,-1.5670183501142316,0.05321150181162587,-1.6929527815202732,-1.6096816986393199
2022-05-13,-0.8362452391552687,-0.03560025205099915,-2.0350441854685086,-1.7928009403372391
2022-05-16,0.9267791837692331,0.04731595985382452,-1.9334335870501846,-1.5312580908938105
2022-05-17,-0.6519510761297891,0.03880269904530301,-2.0643921366739852,-1.6611055673435282
2022-05-18,0.0308733685880883,-0.04565289308278936,-1.7234318451926378,-1.6156985948300095
2022-05-19,1.4363152632985965,0.14824833983608185,-1.5107243886700041,-1.2110518731926647
2022-05-20,0.04751042972792267,0.15773275630983566,-1.4166867894047719,-1.1518449279586602
2022-05-23,0.4415660663059158,0.1557797219826473,-1.0957520705861281,-0.9782042836492055
2022-05-24,0.7268865998695981,0.006218026792579217,-0.5133879832372933,-0.7493247959301222
2022-05-25,-0.6268746021892809,0.02084063750304891,-0.687009672815915,-0.8678677697435707
2022-05-26,-0.20724547823644385,-0.01184867651200582,-0.5556294232215956,-0.8798902845422445
2022-05-27,0.029827872203328634,-0.042564973224879586,-0.6670779564226225,-0.8386625126213346
2022-05-31,-1.0161517059028748,0.013317011762586125,-0.8906977514964275,-1.0735194038717815
2022-06-01,0.6124358525018547,-0.1959074465208552,-0.316124806088279,-0.886509263219009
2022-06-02,1.2007672179398592,-0.199923669220313,-0.32044987838363603,-0.5474135696116529
2022-06-03,-1.0423063229840719,-0.13128335325065923,-0.46817821278607774,-0.7906600806423189
2022-06-06,-0.4634470034267768,-0.12634838267112325,-0.6076890922009135,-0.8832863339234049
2022-06-07,0.6272742056563212,-0.25198628534534867,-0.11930878800825866,-0.6877021465260199
2022-06-08,-0.11477679505993196,-0.31710228571059956,0.058234832525441114,-0.6812041443471667
2022-06-09,-0.34097494063480727,-0.36519653007386677,-0.20732536813766417,-0.7344352524103867
2022-06-10,1.309641759681449,-0.45127339840814834,0.4735369969909033,-0.3704864798525098
2022-06-13,-2.698120287126057,0.11689870091724208,0.030625566661623558,-1.042998784201317
2022-06-14,-0.8255266325938216,0.09502260424900813,-0.3787528360062143,-1.2145402061246178
2022-06-15,1.2739906562416163,0.19187260764907269,0.0715829831546452,-0.8506199681987548
2022-06-16,1.095441723020106,0.27088250238573996,0.3242555729069978,-0.5377929516196072
2022-06-17,-0.8476598171302776,0.17939882331788357,-0.21455309749038468,-0.7270548295440892
2022-06-21,-0.39650226532972027,0.18735026566858617,-0.3178777278559767,-0.7990519696708211
2022-06-22,0.3753551784769917,0.1827730760062065,-0.33324614863905144,-0.6701972782843043
2022-06-23,-0.6368583454372816,0.15360756193950414,-0.6475359134266029,-0.8006210460449132
2022-06-24,-0.12210796149560675,0.13470892306282878,-0.5317064681993198,-0.7926333580247094
2022-06-27,-0.13397749329979003,0.13402106045438675,-0.5148449095979968,-0.7844276754802638
2022-06-28,-0.18712903666648126,0.13297295209025015,-0.5647385177689781,-0.7849860739799401
2022-06-29,-0.09888449224350782,0.06887307872537966,-0.3530535936297916,-0.7594122944568387
2022-06-30,-0.6316069722524703,0.051333828699021714,-0.6396830738897623,-0.8695934560672554
2022-07-01,-0.10535721027376453,-0.09567833298418045,-0.936802445306116,-0.8506195630673407
2022-07-05,-2.165335511866126,0.14415510427559566,-1.1891854578845755,-1.349159037476729
2022-07-06,-1.6186329123488552,0.2710236273053968,-1.4458538682055546,-1.6951095343028366
2022-07-07,0.033228170829879,0.21515182197901,-1.5766934758568014,-1.6281789097260881
2022-07-08,0.020886029925018288,0.22086072080113778,-1.5468819849412803,-1.5738502663017233
2022-07-11,-0.5595639963129395,0.22432045264614073,-1.5948963485591778,-1.662658676063361
2022-07-12,-0.39448925908943117,0.008354359563384494,-1.9656406138237437,-1.7117588290633512
2022-07-13,0.4552292844393264,-0.4021692630317587,-1.2745988837320434,-1.5459343935492247
2022-07-14,-1.4364545984146313,-0.30893258474110846,-1.410188803680547,-1.8498842716889612
2022-07-15,-0.22322696236632988,-0.5522157772841725,-1.7389998963349955,-1.8571367687081586
2022-07-18,0.07202075983457473,-0.7639482367580288,-1.960941347852487,-1.78441857831543
2022-07-19,0.2161418701046864,-0.7434077073844423,-1.7301961589370225,-1.6782415217241695
2022-07-20,-0.9665915338420599,-0.7075014571324497,-1.854157370510725,-1.863609109611708
2022-07-21,1.3784857832700206,-0.45358381952587656,-1.6355613255379648,-1.4730400663167074
2022-07-22,0.2269401178194397,-0.4326307244728315,-1.44556199852324,-1.3771947408157874
2022-07-25,-0.2963863111197155,-0.43613672519211233,-1.4840282204583366,-1.4089094046554458
2022-07-26,-0.14085727095603334,-0.43637397941517236,-1.4855453299865793,-1.408415053740101
2022-07-27,0.9907773862749253,-0.2879290188990697,-1.224269338642039,-1.1274131360100514
2022-07-28,1.1885351426553983,-0.11863685330380609,-0.9351584565856644,-0.7928998701987741
2022-07-29,0.2583805149591536,-0.1202495722825467,-0.7331096254739634,-0.7033150885342293
2022-08-01,0.5426978786030946,-0.08271071918884974,-0.5848494250352732,-0.5413109617955831
2022-08-02,-0.6176516999700541,-0.4347322850775491,-0.2268618178256797,-0.6729909626973717
2022-08-03,0.22120546713197262,-0.6923062790242646,0.20597629255315933,-0.585341953732293
2022-08-04,1.617698652331597,-0.45770999691495484,0.5851747555517607,-0.13272809755593093
2022-08-05,-1.1528589128787885,-0.31447299854750055,0.3036955840712173,-0.40525608281783726
2022-08-08,0.8209200513230062,-0.307809547364414,0.6350966882158532,-0.16077008421453248
2022-08-10,0.03171440177156958,-0.3329075295464933,0.7383397903340075,-0.12718121340838917
2022-08-11,-0.2863298025568869,-0.3254238715519239,0.5589881753070257,-0.176845242890708
2022-08-12,0.8930597320708681,-0.5222759274646624,1.1269028046045424,0.07913103978137205
2022-08-16,-1.491987639415067,-0.2728602363438925,0.8159499088250433,-0.2922296023849637
2022-08-17,-0.6709701530346075,-0.21435400613774086,0.6356785981915808,-0.432264389404061
2022-08-18,-0.28414426183200653,-0.200775574952445,0.515047182955278,-0.4738818085307732
2022-08-19,-0.756763295980537,-0.23589591737078217,0.5655684919767696,-0.6382484025249515
2022-08-22,-0.6879604375512608,-0.3351411052077353,0.07261093212527886,-0.7766887569674584
2022-08-23,0.6741874768906583,-0.30172939342517485,0.17844089986977887,-0.5625614499356181
2022-08-24,0.2721195563662263,-0.3086826760531081,0.31364891643119147,-0.45633654473753293
2022-08-25,0.2834684963159775,-0.3094654598350974,0.4150688298817914,-0.340821490275488
2022-08-26,-1.2445666299847915,-0.2455333653822729,-0.11440327292783828,-0.6370660316309006
2022-08-29,0.03954086646078958,-0.3808595854881696,-0.3819863002652585,-0.5994641505176886
2022-08-30,-0.8595306032838456,-0.34111821137439025,-0.6393953088028947,-0.7859525518262943
2022-09-01,-1.6801447037816406,-0.19369924246437997,-1.142751220293269,-1.1684180878528285
2022-09-02,0.8540919392073474,-0.11406689220885433,-0.8107328650924004,-0.9042564061203853
2022-09-06,-0.6077137032617882,-0.11377275547318322,-0.9983341272889181,-1.017002461589802
2022-09-07,0.989159789906146,-0.27652962598092223,-1.1395518917769007,-0.7179239968788722
2022-09-08,-0.6240885072218696,-0.33829695647303765,-1.0208090565472996,-0.8388824194775192
2022-09-09,0.5045714888985682,-0.3893557789887359,-1.0919250416753852,-0.6684439262172612
2022-09-12,0.48313234448558195,-0.3499481454758482,-0.9903764829633196,-0.5057379010339094
2022-09-13,-1.3314962772379342,-0.2442274881940001,-1.2247952101422528,-0.8131269796206287
2022-09-14,-0.40762360505636125,-0.3681975487870874,-1.513121278850935,-0.8763719646608564
2022-09-15,-1.9072186289370534,-0.2674199522273044,-1.604379517760902,-1.319224205677323
2022-09-16,0.5309551264048523,-0.21600124550492159,-1.339181097897488,-1.13790029244061
2022-09-19,0.05471041805320839,-0.20649167487365358,-1.2638366285432474,-1.0900957544685392
2022-09-20,-0.5943533744108793,-0.21779451284539933,-1.2276340821400757,-1.2146938129396005
2022-09-21,0.44083014540510446,-0.19646677120357986,-0.9743855678710021,-1.0750766979901591
2022-09-22,-0.08000980331557174,-0.2640979452098721,-1.1439094516894033,-1.0688705764129827
2022-09-23,-1.764465950328417,-0.10926970692343532,-1.5953421432488386,-1.4878852748970501
2022-09-26,-1.1920096241380376,-0.09213595746360212,-1.9167013628834209,-1.7530646924558464
2022-09-27,0.18246467328042118,-0.1263761383295695,-1.6059693482301831,-1.6701016527628385
2022-09-28,2.0344511994839065,0.278673970459398,-1.164081113971834,-1.1317144863128874
2022-09-29,-0.04163242903350416,0.25285703549247823,-0.9803459842430813,-1.1227580460511315
2022-09-30,-0.015783979571402443,0.08616141460846324,-0.6017847725852411,-1.1066843913861861
2022-10-03,2.378885372935233,0.4542754914644177,-0.24939260571863592,-0.47707741855889524
2022-10-04,1.3999436900254956,0.5579846382500793,0.2228672254022372,-0.10799462249310066
2022-10-06,-0.6900880061945454,0.5276525872023959,-0.172788414718275,-0.2839695264788655
2022-10-07,-1.1242285786031603,0.5811887776672658,-0.2893500339747409,-0.5661258700814795
2022-10-10,-1.5535723738288694,0.6889231658013995,-0.7629262011745905,-0.9504177030553843
2022-10-11,-0.22819901671980553,0.661956658132554,-0.9243485051170007,-0.9879769054633899
2022-10-12,0.5110919112559601,0.6014303930577681,-0.5038326436357554,-0.8311395694448287
2022-10-13,-0.716781951539611,0.6191131185803727,-0.5749310670039536,-0.9830922885096961
2022-10-14,-1.2755574343428815,0.49797710825314906,-0.4294306385857775,-1.2698390087094262
2022-10-17,0.264871897039279,0.4807421125144658,-0.4908338493258778,-1.1588680517363772
2022-10-18,0.1925530729882028,0.48475719947681034,-0.459044725857196,-1.0702692746217524
2022-10-19,-1.3707033914431925,0.5725644130872521,-0.6375152919444775,-1.374903155755788
2022-10-20,-0.1805394301922958,0.5503222138233582,-0.7793630717056356,-1.364792550812849
2022-10-21,1.7442483755932505,0.766766147557443,-0.3603987266993419,-0.8738526589321575
2022-10-24,-0.3470262028492269,0.587402726419518,-0.02954616575772887,-0.9154159082666812
2022-10-25,0.20521835171864283,0.4919714550480361,0.30121232369744527,-0.8142326301193182
2022-10-27,0.4569743482272729,0.5007879559104624,0.36674068122284664,-0.6505885656843429
2022-10-28,-1.0482317858599546,0.2966624194720867,-0.3588935019796414,-0.8696660622269278
2022-10-31,-0.8414694104626717,0.3356821777258985,-0.543539885745899,-1.0374144849375437
2022-11-01,0.9926026922580864,0.41499702362119684,-0.3105054450210225,-0.7377646578510547
2022-11-02,-0.7217162781313042,-0.021463649044749244,-1.0196094011362864,-0.8816900980229162
2022-11-03,-0.40345123315277265,-0.24755159041851632,-1.4220399532248207,-0.9444521701064734
2022-11-04,3.000243513326542,0.5058808598076259,-0.5906916753408891,-0.1314036758433432
2022-11-07,-0.41914252339894714,0.4436263169682156,-0.42832997929923766,-0.21370683469318247
2022-11-09,1.757827690396031,0.4903189331559441,0.3497003945015055,0.2809285935646951
2022-11-10,2.97580833741798,0.9663635743132999,1.1274319286240806,1.108056880106881
2022-11-11,0.6360044148658406,0.9710876127837491,1.1582605807245194,1.2826989799203425
2022-11-14,0.19621251120547392,0.9156930940088324,1.3847629549894331,1.333206847516461
2022-11-15,0.3287131352291195,0.763005211823918,1.7878077434236914,1.4142804870068224
2022-11-16,-0.25204433364329915,0.7849300384021108,1.6572346767205164,1.323226451945389
2022-11-17,-0.7514057172778438,0.8524632646371528,1.4205259161953971,1.101781406402428
2022-11-18,-0.7137725477291326,0.7457564184081474,1.5850224093571488,0.8932391072127414
2022-11-21,-0.5826274561462471,0.7799320636029963,1.4842106476521093,0.731289069072845
2022-11-22,0.09502196162079389,0.6482413238836712,1.0749319181400891,0.7527773712837316
2022-11-23,0.5988069003295899,0.6332822421878546,1.308827601953491,0.9132768851827595
2022-11-25,0.06353873955174588,0.6357344051578955,1.2736504858892626,0.9279364193413867
2022-11-28,-0.8154785064241242,0.7016157559263988,0.9599423860707779,0.6964371566826951
2022-11-29,0.4704239635931384,0.600546617218031,1.334811283859115,0.8156265265689322
2022-11-30,1.2474403184828666,0.5658442165361102,1.85983595728706,1.1342706187110412
2022-12-01,1.798955301015701,0.6668998049043332,2.0654568849650627,1.6054094121631952
2022-12-02,-0.36829955281380977,0.623495481931623,2.1561026841296327,1.466400364353025
2022-12-05,-1.7524686936472884,0.8675895717720713,1.8118172813154516,0.947552260378864
2022-12-06,0.2510317242414023,0.4122012951009161,1.1244045417285784,0.9917288170664516
2022-12-07,0.8773164624472034,0.40491504607655837,1.44621628874457,1.2056940874417736
2022-12-08,0.061863296412314896,0.2519289076763748,1.0260761136801952,1.1816167916656148
2022-12-09,0.3314318913121113,-0.38569736018822826,0.3850433047418933,1.224899860724081
2022-12-12,-0.8514617648283808,-0.34332688007711976,0.031843578779466905,0.9434410698943196
2022-12-13,1.6709011678280519,-0.1192160425946311,0.3819868413389844,1.369252626371577
2022-12-14,-0.2657643061027295,-0.11541165321148013,0.24021516193499876,1.2531762779185132
2022-12-15,-1.6711743147441926,0.10311278766617993,-0.0948315724965424,0.7563915976759578
2022-12-16,0.8445795719319088,0.10838595033226237,0.2823037614117205,0.967759336188924
2022-12-19,-0.3043341526798518,0.07223823722595597,0.3800294452285515,0.869884608651168
2022-12-20,1.623057456781882,0.19696937943199813,0.9134289673806473,1.2967539432036244
2022-12-21,-0.1879293476110471,0.2066111376009811,0.8443431822799552,1.2119016985349749
2022-12-22,-1.237751515810827,0.3251687385839426,0.40064897020420265,0.8337869592592497
2022-12-23,0.27704342819592304,0.32741493346343536,0.45181183569289673,0.8750707206657832
2022-12-27,0.8169542264039613,0.29546455548917355,0.8466300412465989,1.0648698410793056
2022-12-28,-0.47369782868339133,0.3165663129547135,0.6175001151292021,0.8943284471855757
2022-12-29,0.535840754134095,0.2385800843832348,0.446225791479588,0.9949580672220005
2022-12-30,0.4443819753362112,0.025409540516602134,0.12354476203270714,1.0692938350445202
2023-01-03,0.8110700734073973,0.054638226733358226,0.40424286473998144,1.2430638586862273
2023-01-04,0.9142442389466183,-0.1921419225713644,1.051281939455429,1.4344900191368226
2023-01-05,-1.2748046835852216,-0.018688200327705805,0.6789487663631409,1.0169944499236967
2023-01-06,1.8306272689528942,0.15333394002864767,0.9109082222168142,1.4705777724833997
2023-01-09,0.20194415417856312,0.15196011782400798,0.9451794591941842,1.4634273455496614
2023-01-10,0.3445686815082395,0.1522240773443411,0.9483958812470534,1.4958771600709695
2023-01-11,-0.09092486691943825,0.07322054515078176,1.1353287426676804,1.4081089306211492
2023-01-12,1.1275470499755769,-0.02554789304967002,1.0016323859287857,1.6538963450522668
2023-01-13,1.1704063318122495,0.02014888670641746,1.356597115954469,1.902699889531801
2023-01-17,-0.6786922069369957,-0.2196129890635001,1.604896327707297,1.6316276521444122
2023-01-18,-0.3097399754565023,-0.2120451706816952,1.31634186492828,1.4657883316213183
2023-01-19,1.5516436396663784,-0.11893225759111446,1.781930602433157,1.8187370210657212
2023-01-20,-0.3562346986104734,-0.2227045742929095,1.2857125145241466,1.6454296535643314
2023-01-23,0.1671590012374174,-0.24039427668885274,1.3740132250034462,1.6188420689807232
2023-01-24,0.33883848348608503,-0.4620700370199917,1.7698778998178588,1.6486608894136823
2023-01-25,0.4369479398573414,-0.46250838366611147,1.8103780100873497,1.720220532465084
2023-01-27,-1.0709547346839383,-0.3048159689600662,1.3363222539335466,1.373095483487507
2023-01-30,-0.2791629063234239,-0.32776152720089297,1.3847574732984098,1.2547332805286906
2023-01-31,0.3406011592188318,-0.3330923447097554,1.3361469761428757,1.310793553766978
2023-02-01,1.2291675393346195,-0.2588133400501726,1.5321193307646912,1.6101943872594209
2023-02-02,-2.1185989572241155,0.16191055692261871,0.808320728753492,0.9738011555554863
2023-02-03,-2.5488819825760163,0.5901909113399192,-0.020360378878675187,0.24534849207513248
2023-02-06,0.18501540359514593,0.4799118880611656,0.3254587987264856,0.26369458398311646
2023-02-07,0.06972675537144798,0.25771177934396905,-0.09105780309745229,0.25092198466135907
2023-02-08,0.22453126758264225,0.2584422180244119,-0.08576145278049979,0.2820310215754768
2023-02-09,-0.8163775974856123,0.2902475230890382,-0.3564424853519609,0.03655382248847582
2023-02-10,0.1682326695714006,0.29402395339533444,-0.296290718798742,0.05203342199619562
2023-02-13,-0.5309903020275462,0.19963531591733719,-0.6785649016053619,-0.11487145186090313
2023-02-14,0.053077364292866705,0.06980220519768157,-0.932544245261539,-0.11893758284483125
2023-02-15,-1.0233870410188743,0.10347964397654395,-1.0103253851405425,-0.39472659987287606
2023-02-16,-0.10417488582837149,0.10355304678585332,-0.9639714574911868,-0.42710379874654314
2023-02-17,0.2758942006359106,-0.12701319815825518,-1.2501129320946647,-0.36926575559179825
2023-02-21,-0.3965241808964801,-0.1263015841743674,-1.2590902273183442,-0.4859051331855482
2023-02-22,-0.5863004454050211,-0.1361412911080452,-1.4263111326652198,-0.6443809399199554
2023-02-23,-0.07528608701489142,-0.1670880937743752,-1.5176855831725844,-0.667680776773816
2023-02-24,-0.7440802991467419,-0.20777484669096954,-1.776203908497698,-0.8599755873630314
2023-02-27,0.3688974598719453,-0.20767723679584563,-1.4606217788991995,-0.7681125436857807
2023-02-28,0.43217227953445714,-0.1628450503499977,-1.3030281384001543,-0.6531059179540318
2023-03-01,0.5531268018868193,-0.13738839508270698,-1.25572590103355,-0.5099624917833533
2023-03-02,-0.08079864641553544,-0.33487804112894365,-1.5456936040914486,-0.5415397373967937
2023-03-03,1.0440136665223116,-0.5008648919684646,-0.8390916897204072,-0.27686969469444184
2023-03-06,-0.5277409353960121,-1.155680988654509,-0.37567175520690804,-0.42709844240889505
2023-03-08,-1.8326255575767005,-0.8026996159611232,-0.8382972393900346,-0.8997876030937995
2023-03-09,0.9575541031659415,-0.6732472542188479,-0.6358769255353633,-0.6483717310339543
2023-03-10,2.110437732926194,-0.2265407262145629,-0.19988769806341825,-0.10520464234096799
2023-03-13,2.245913685726757,0.10507629278824838,0.5258187366361582,0.4752820312482111
2023-03-14,-0.6028472386500533,0.14118151467456155,0.34098771687654883,0.2915049074308209
2023-03-15,0.7548902757931052,0.1417514269017558,0.6500145997910922,0.4709947059405576
2023-03-16,0.1794966944774025,0.14122639974437695,0.680611251289573,0.4956574772681106
2023-03-17,2.847262001326402,0.5012386644409594,1.636381748108773,1.2465736364317672
2023-03-20,0.01582335481971981,0.4951209234769251,1.6666081161725432,1.2161774995918542
2023-03-21,-1.9271844987462585,0.803487158378443,1.1174150355767352,0.6620775553980962
2023-03-22,1.664952330087008,0.8877096505110399,1.6309437807460654,1.0891835914859682
2023-03-23,1.2233783524445947,0.8736187353457957,2.0905595367718184,1.4007691584517084
2023-03-24,-1.153494252839437,0.9999122852937804,1.8157188151186612,1.0524416944152464
2023-03-27,-0.951928484482884,1.0284532551521566,1.76307720782754,0.7714263870160192
2023-03-28,0.7930686258714547,1.038162246631096,1.8706231886514295,0.969751713509531
2023-03-29,-0.5193957936433539,1.0812478740513327,1.6299938253040693,0.813196410584203
2023-03-31,0.354943587725652,1.0786327511947258,1.580165464128903,0.9037315874468111
2023-04-03,0.6953837984498022,1.0750325475967175,1.7758831555471732,1.0816844507942636
2023-04-05,1.744298858427084,1.1524074187535014,1.9537717677877786,1.5451323097144616
2023-04-06,-0.7379800711367634,1.1758527192432675,1.9002352127211646,1.3214519241029694
2023-04-10,-0.7647455891331206,0.9725476725342077,2.1733368010507337,1.09453084208088
2023-04-11,0.6076202668338926,0.958772564149303,2.0835225233098638,1.2500507878292764
2023-04-12,0.46492410338827106,0.7851959761640508,1.665373431501361,1.3653099614063153
2023-04-13,1.3198400198162656,0.6186225945291196,1.4330537871945659,1.718950188802674
2023-04-17,-2.254798805198048,0.9537701751733152,1.0239427567068524,1.0679906625181301
2023-04-18,0.36495866450728354,0.9380213190855187,0.9283571854289754,1.1527032126378587
2023-04-19,-0.501087511671722,0.9647062441392974,0.762413403582211,1.0001919865386018
2023-04-20,0.37068230163769256,0.5096624431910528,0.168006566273874,1.0959870073101796
2023-04-21,-1.0156125440191845,0.5783611881833567,-0.07523878266335444,0.7998481126528393
2023-04-24,0.28113121299352717,0.32292915839468417,0.4486351045080779,0.8485452387992234
2023-04-25,0.48493579691120225,0.1528751435108926,0.16726301690829187,0.9522023337980464
2023-04-26,-0.5672911315984467,0.06342644982460717,-0.2534237034613422,0.7676649294370109
2023-04-27,-0.01683578401125838,-0.03642735802773316,0.012740270930081307,0.7371998672494601
2023-04-28,0.004808959727722361,-0.11429066121803834,0.2391309707020686,0.7083685760684212
2023-05-02,1.4384222156101714,-0.006353432729053119,0.3930678404936926,1.0698901115895458
2023-05-03,0.8218179732123038,-5.6108786804665635e-05,0.7161854213130769,1.2545212340758591
2023-05-04,0.6783647712635702,0.017787217729020713,0.7947530870287265,1.396126027391377
2023-05-05,-1.5989046919206642,0.21215864245456587,0.24286413824947473,0.9029232290004169
2023-05-08,0.10033204110048351,-0.012587611828755688,-0.14487310778632048,0.8848509402002946
2023-05-09,0.6836466661190055,-0.02081200668057222,0.19005057830872601,1.026596381866659
2023-05-10,-0.16514444188218808,-0.07095436680189628,0.3327460450979182,0.9310976533051585
2023-05-11,-0.883947101286965,-0.029083081279667893,-0.020645756554508468,0.6396346832557147
2023-05-12,-0.1933433897520921,-0.04493676020585493,-0.17493759549341323,0.5406262843673039
2023-05-15,0.19158465495980087,-0.19603590549505406,-0.43703869485185887,0.5425186670421641
2023-05-16,-1.279656871307013,-0.49561802382330433,-0.21068056536158525,0.15309205698957196
2023-05-17,-0.3689220944511754,-0.5036344814603712,-0.3812405227465483,0.017090593895365172
2023-05-18,-1.3276040781514964,-0.3765097675817011,-0.5718365982069951,-0.3636045515399892
2023-05-19,0.9624554240008191,-0.2946847044011933,-0.43553306247331136,-0.1392113309136537
2023-05-22,-0.25659301386056826,-0.37184612487201923,-0.25952223019683673,-0.2328729771785906
2023-05-23,0.097718611135835,-0.3800478964832905,-0.3021767396057084,-0.23513064958115834
2023-05-24,-0.8321014114757938,-0.3606018385839846,-0.6061796015618705,-0.48836038054626346
2023-05-25,-0.9883915020976644,-0.3120486312146364,-0.7025374071795569,-0.7702821024393371
2023-05-26,0.37638863797073907,-0.2900265899587277,-0.612570836201219,-0.6860633800984042
2023-05-30,0.594705064010472,-0.24762672520529813,-0.47694198968742224,-0.5359798589664564
2023-05-31,0.13140858881221942,-0.4643831641839827,-0.7763762005292623,-0.5111602217815493
2023-06-01,0.764213775013329,-0.4749089032772294,-0.7894833474983196,-0.3190295820664383
2023-06-02,-1.5074943951269912,-0.3951610354774584,-1.2813095610853162,-0.7173919468572508
2023-06-05,0.5777998885096495,-0.5148282818889771,-0.7915656687088579,-0.5553913558261294
2023-06-06,0.0874645485074449,-0.5154817167084257,-0.7944922130406097,-0.5222395855407792
2023-06-07,-1.2301812065122033,-0.4937064906764603,-1.2255997124493332,-0.8379005640807295
2023-06-08,1.2898079151285626,-0.28277808336875765,-0.898611633197086,-0.49157622967757025
2023-06-09,-0.2909706323445541,-0.3261208765378091,-0.7639741885274441,-0.5518205186934652
2023-06-12,-0.11014075226506571,-0.3260276680440926,-0.745018758297644,-0.5699018330402498
2023-06-13,-0.7614897940249965,-0.3081651877948512,-0.9612087088038241,-0.7595808458963474
2023-06-14,0.033115711847949536,-0.4161226959137508,-0.6628896674901118,-0.7372063301295056
2023-06-15,0.6781293272495676,-0.3647891308144463,-0.42212969180922005,-0.5518110059783305
2023-06-16,-0.176234651517904,-0.5154763664473869,-0.1544553571076451,-0.587774204245332
2023-06-20,-1.0623779361170147,-0.526834976991826,-0.6231489726362037,-0.8461695113199666
2023-06-21,-0.1669444522714084,-0.528325671632514,-0.6025980125183499,-0.860289062587335
2023-06-22,-1.0185719726611167,-0.46195974498212977,-0.8571862022407094,-1.0935444993469585
2023-06-23,0.25301283668220403,-0.4902310617088053,-0.6097469394448506,-1.003110851509302
2023-06-26,0.15150958537690756,-0.5618825891104038,-0.34690561486493227,-0.9362491973145861
2023-06-27,-0.48250795450017,-0.5683622209337637,-0.5452302807889438,-1.0286227472072964
2023-06-28,-0.25317736252364487,-0.6206618315909442,-0.73934748941003,-1.0532655566393168
2023-06-30,0.53446546180211,-0.5815115166411078,-0.6472755077601468,-0.8886180269821323
2023-07-03,0.08984483328261099,-0.6616724794098634,-0.8011157351624966,-0.8373973616476497
2023-07-05,-0.3757581496249477,-0.862329188997945,-0.5423465531692171,-0.9079323874460747
2023-07-06,-0.3206130751274771,-0.918437732037968,-0.7480063005408186,-0.9604106981519824
2023-07-07,0.7248165737908103,-0.8362184671740683,-0.6022978085316922,-0.7501462846712313
2023-07-10,0.05606977625695017,-0.9894266109927646,-0.3053966681277761,-0.7124290990962868
2023-07-11,0.35169671998690577,-1.2199814040472317,-0.5223145132379048,-0.5963307934916332
2023-07-12,1.322379666812873,-0.9665187369328655,-0.14799756597363264,-0.2323932909140018
2023-07-13,0.049177582352346726,-0.9668289278605751,-0.1107049847150895,-0.20535803141277356
2023-07-14,-0.3413150918072933,-1.0246420546457382,-0.012066675631676906,-0.2804597135823844
2023-07-17,0.04936307178556037,-1.0244807402883283,-0.00824418716954615,-0.24401278254609557
2023-07-18,1.116505466984185,-0.9275999930076054,0.09512667926021809,0.07703573464168421
2023-07-19,-0.005914873534685631,-0.9325904194165284,0.13541120231894105,0.10148672621130833
2023-07-20,-0.5297060887134887,-1.0458600835508378,0.2618441800962885,-0.021082005088371887
2023-07-21,-0.3290692341696981,-1.0330210028660567,0.22329151085710422,-0.08709204114910508
2023-07-24,-0.45117266877174755,-1.1556760188397026,0.3584908929058254,-0.1793259358902671
2023-07-25,0.5328194389256554,-1.1318363843179857,0.42544599856580434,-0.012045734707152233
2023-07-26,0.46432483838684196,-1.1141453657006335,0.5005219723579102,0.13032254549044917
2023-07-27,-1.6054069435040992,-0.8012879954433428,0.23211350636547465,-0.27494939987057726
2023-07-28,0.772471542117837,-0.7600310666267416,0.4771566851596638,-0.04696736522471512
2023-07-31,0.24674836275824388,-0.7787215274710896,0.408162779853476,0.032749514892537475
2023-08-01,-1.0637860750092258,-0.6424530261166218,0.13351041306708689,-0.23485523985456444
2023-08-02,-0.4997899360483415,-0.6304377731442009,0.10416962468724289,-0.35515995996906286
2023-08-03,-0.05565349988896363,-0.6426030957425706,0.16689230626534426,-0.3520033235530668
2023-08-04,0.3390276493363331,-0.6831955939205286,0.07562138494849185,-0.24716193159132757
2023-08-07,-0.2499696837848624,-0.6760534673114114,0.0034679123907640635,-0.29698311930378146
2023-08-08,-0.6581666950058214,-0.6477466338926834,-0.23306183159765123,-0.45572382024140284
2023-08-09,-0.4990471177709822,-0.848478865870533,-0.6536809014199072,-0.5743285560211053
2023-08-10,-0.12912719119619542,-0.8526383677346955,-0.6944461883709171,-0.5927572515518187
2023-08-11,-0.022243939751567937,-0.8559748345959102,-0.6214465062113236,-0.5798329830296047
2023-08-14,-0.32666820675699393,-0.8559431026098168,-0.7074534953972976,-0.6444462385127748
2023-08-16,-0.8670504637745684,-1.0117291362570247,-1.1558225883899653,-0.841391049928907
2023-08-17,-0.17610013483100712,-1.018715607746292,-1.1938789968216026,-0.8648089698733311
2023-08-18,-0.005138075478547283,-1.022110286066405,-1.0763681694892948,-0.840683352494024
2023-08-21,0.25106123443100253,-0.996085539160183,-0.9456904766459762,-0.7505140783681573
2023-08-22,0.14252289380274616,-0.9914332441076853,-0.8111697005369009,-0.695666608472019
2023-08-23,0.9887641224479359,-0.8887552689055911,-0.7073170816944143,-0.41610564939619826
2023-08-24,-0.04472127899605018,-0.9341092370533132,-0.8232340925021212,-0.4097118916888033
2023-08-25,-0.1516147210149319,-1.2219570272524969,-0.49061445037363544,-0.4313745435186958
2023-08-28,0.26438787701612304,-1.3200013322286661,-0.6074114438420384,-0.348381042258284
2023-08-29,0.9495131538033815,-1.171155010805511,-0.44570410385208364,-0.08715642482863264
2023-08-30,0.22755085367391953,-1.3099165251420297,-0.14558546915278248,-0.015426747651285821
2023-08-31,-0.18870160555415808,-1.3422282452178558,-0.07270435432900393,-0.055270287017897476
2023-09-01,0.02771992859414091,-1.3423757939802718,-0.05313323687949867,-0.04294860638023559
2023-09-05,-0.8414982441724699,-1.2628226159093108,-0.3287355059778316,-0.25926534895107717
2023-09-06,-0.4765536143852577,-1.24286645366088,-0.38126188531744154,-0.38021485585231257
2023-09-07,0.0845097170799296,-1.2946637015050828,-0.20865030192196207,-0.35139495029464035
2023-09-08,0.011442267565838746,-1.3295787404329795,-0.0892573791000403,-0.3411906267575977
2023-09-11,0.16283611987263155,-1.3273736955196644,-0.020698628535092464,-0.2941893052022883
2023-09-12,-0.5390771908500354,-1.2838846370536887,-0.14192495207835942,-0.4317771357702901
2023-09-13,-0.25343788101075104,-1.2899206317547331,-0.12478642879770353,-0.4893175083379841
2023-09-14,0.02854925196001071,-1.4121797979446808,0.085834869736617,-0.4720915929658947
2023-09-15,0.6357553896428314,-1.361534860216631,0.27839914222415835,-0.29933980430629914
2023-09-18,0.564605868162243,-1.3244016951924626,0.4144737663576269,-0.14918157988237124
2023-09-20,-0.04453330994532256,-1.326140924827378,0.3437787320098248,-0.15724970591024115
2023-09-21,-0.7494914505964916,-1.227961494395969,0.1317054643623375,-0.3486138668705503
2023-09-22,0.2972724319595411,-1.363023912206281,-0.031397117680993784,-0.2612945343975884
2023-09-25,-0.5384680134169345,-1.3188465655843593,-0.1471690130137704,-0.3859307422658303
2023-09-26,-0.8242948017457681,-1.2273065302746697,-0.30397916484906756,-0.5806503216839184
2023-09-27,-1.266219476276758,-1.0556996566489496,-0.6568753073804764,-0.8843285662722935
2023-09-28,-0.5230545916457559,-1.2135419384712904,-0.9913279849084726,-0.9900342079697658
2023-09-29,-1.0547628296742797,-1.150621260126228,-1.2785836818178005,-1.2208595035844243
2023-10-03,-1.366474836505654,-1.0018465924846414,-1.539194152514806,-1.5220815280041724
2023-10-04,-0.03406649291084292,-1.0070647411041034,-1.5527812967346017,-1.486368170708021
2023-10-05,-0.20563187364616675,-1.0403560354539425,-1.4125487815376752,-1.494821905094336
2023-10-06,0.4915762050751701,-0.9693658110377866,-1.1973193883905797,-1.330527228404072
2023-10-09,1.7990188946520056,-0.533844765283216,-0.8110070568478318,-0.8331133634173505
2023-10-10,-0.1901405561641816,-0.5372638161461571,-0.856772046215549,-0.8451818345185698
2023-10-11,0.7051731846293817,-0.4739858743037869,-0.7334360736495104,-0.6355915807765588
2023-10-12,-0.3275769005630339,-0.48555593463066926,-0.685155940901904,-0.690120559621584
2023-10-13,3.1409719219624646,0.3356616838209237,0.1038407689151737,0.16181959349889274
2023-10-16,-0.5097673867138507,0.3545578504596104,-0.0230798859051138,0.03799046568588459
2023-10-17,0.16295224471729763,0.3276612199723819,-0.13399185439463923,0.0918554891630356
2023-10-18,1.4140060916912909,0.44249054995169756,0.06563977985975752,0.47769366269914904
2023-10-19,1.1972944296233534,0.528720825862635,0.360572078978272,0.8041041603415651
2023-10-20,0.2503860172725288,0.4821452372899019,0.6007185139481768,0.8676862530540295
2023-10-23,-0.36041320195787513,0.49480054553149483,0.44248809084697405,0.7605348382696875
2023-10-25,0.3866901493457588,0.4707365398278454,0.6653672092593986,0.8551545998007155
2023-10-26,0.13542621440568367,0.40482189012268494,0.8987628806406398,0.8788069583485157
2023-10-27,1.1336541094470418,0.2994491300438455,1.4922926806229444,1.1742943804271135
2023-10-30,-0.5877137993176029,0.30729694497055454,1.4761138695671814,0.9909338761350216
2023-10-31,-0.5692186413843082,0.22924597361082333,1.5978612534540027,0.812418926383788
2023-11-01,-0.3377042664275181,0.044007454089900935,1.8577815824685266,0.699774065842246
2023-11-02,0.30950554097065736,0.030459635987181023,1.9451830612359393,0.7640606755332731
2023-11-03,0.3408710645544603,0.0008826470369015487,2.084828642198384,0.8366210490873239
2023-11-06,-0.8043008354075638,0.11070280218461322,1.7549355487518146,0.5984805526358269
2023-11-07,-0.4374851289204786,-0.017259260401368107,1.1955487715657998,0.4702722089337203
2023-11-08,-1.0236876067949339,0.09060953447508031,0.9902453629233663,0.18904192160537867
2023-11-09,0.375134157309436,0.07371609704516026,0.9094283542136763,0.2849884766338335
2023-11-10,-1.1188616835928409,0.17972784436814376,0.7167488509657498,-0.01526024354200857
2023-11-13,0.533103812195481,-0.595037186119903,0.0924163110064074,0.13232612833644863
2023-11-15,0.6016112078633813,-0.5964702219841933,0.35649397369974223,0.2972591413332925
2023-11-16,1.0996821372517234,-0.49851920494097124,0.5813643315402361,0.5924294719774638
2023-11-17,-0.033131270333379974,-0.6737392165593814,0.23485008153895334,0.5785073803062916
2023-11-20,-0.1856630706950477,-0.8211762605169022,-0.09164181085050836,0.5192078618420715
2023-11-21,1.051413143457646,-0.7067044702650426,0.09691596099525127,0.7915483383761829
2023-11-22,-0.4492429696245704,-0.6985574710630191,0.07593131696516599,0.6536043769836718
2023-11-24,0.49640099701424123,-0.6887824575007184,0.10185149711667232,0.7737433991505106
2023-11-28,1.9730137588455188,-0.3372654690964004,0.5402534085672053,1.2966615301329383
2023-11-29,0.12554324504654174,-0.43664312015911494,0.29874615122122544,1.3005034255916157
2023-11-30,-0.43977587079504094,-0.45298424915583857,0.3340344873615556,1.1467824155675408
2023-12-01,1.6896099116004084,-0.2769183710034858,0.8793803494740996,1.583522772183322
2023-12-04,-2.206584052199128,0.14705277204847658,0.4273014464560314,0.9394909990744339
2023-12-05,-0.400782954639828,0.15993472720733543,0.25768816677830314,0.8106436209240047
2023-12-06,0.34564942754153616,0.160134631555291,0.25882519385690145,0.8865626614066714
2023-12-07,0.14259985533473182,0.10171668665075179,0.4852192056296795,0.9013285944302654
2023-12-08,-1.3648300306952377,0.23592845845599192,0.26347912411123725,0.5098064798735854
2023-12-11,-1.1323194214490677,0.2535768542907243,0.23763819675289258,0.190019171445033
2023-12-12,-0.07670549490349128,0.24677931087778052,0.13045707187870978,0.1537973015425511
2023-12-13,2.208216049057258,0.44395025472550814,0.9311428178344979,0.7220560543726003
2023-12-14,0.5621118645637881,0.4452994559946511,0.9382416623960985,0.8364706560760635
2023-12-15,-0.9428265093846965,0.5131323041095832,0.5631373629889592,0.5358094570050557
2023-12-18,0.431129195094388,0.45499839643487533,0.40255163466884064,0.603999762356963
2023-12-19,0.6566210583704961,0.4737582102875536,0.5682470216129568,0.7307199154363023
2023-12-20,-0.5681552203912328,0.4985485951538761,0.47622185910878434,0.522835008937037
2023-12-21,0.6821053838159188,0.4609281099115124,0.3877022587195717,0.6572288100073499
2023-12-22,0.4200753832128012,0.4466906215113309,0.5965919892662086,0.7268627577473191
2023-12-26,0.7366964913696409,0.462073166793261,0.6546541073799526,0.8792620453720952
2023-12-27,0.43036840004400995,0.22800070765820765,0.2843243390889327,0.9484700279664187
2023-12-28,-0.6052979693518314,0.25797239067656946,0.11086255213138159,0.7324416167700698
2023-12-29,-0.17900056674570436,0.24516095034282875,0.172610899532278,0.6525742917312375
2024-01-02,-0.2578367320382841,0.03609625462403018,-0.28465356619836873,0.5501253521929901
2024-01-03,-0.8591506276794296,-0.29933680731362183,0.030775922273316637,0.2899704760430627
2024-01-04,0.07813467774465246,-0.3150303069859337,0.143916938398104,0.29257502157354065
2024-01-05,-0.0064047418780801176,-0.32401160353911607,0.06069379445709614,0.2786291946791568
2024-01-08,-0.806689792266649,-0.26935089290456116,-0.16225649384268845,0.05417473245786406
2024-01-09,0.009676387575204991,-0.43917624663106747,0.1612488790246604,0.04844933324425499
2024-01-10,-0.2512372518616186,-0.567831703909677,0.3709731265154347,-0.023986357396174985
2024-01-11,0.1748290450317098,-0.5698618312688885,0.43118592421460905,0.017840491715698594
2024-01-12,0.952084836552114,-0.9958030639159531,0.13199613205254634,0.2706941677193011
2024-01-16,-0.9752859536233683,-0.9193415856411193,-0.229107143833899,0.0052278557045050775
2024-01-17,-1.1295957936227135,-0.8753175191304275,-0.272598326908719,-0.2956492261573279
2024-01-18,0.7974104533296504,-0.8193870266674107,-0.18722925204905172,-0.08804523384646297
2024-01-19,0.27608708593325076,-0.8643317953164661,-0.27591388489149904,-0.018986643846935998
2024-01-23,-0.011603389896832505,-0.8971883486466716,-0.14609341031157816,-0.025200179406697113
2024-01-24,-0.8500864498323887,-0.8900890204434214,-0.5017535169476435,-0.25514557176354763
2024-01-25,0.37384153903928247,-0.8956028490067178,-0.5124010540042717,-0.1625258111159671
2024-01-29,0.6114281487456031,-0.9191335105672522,-0.5412253015856416,-0.014469559249558832
2024-01-30,0.1156691779751262,-0.9492516057525496,-0.6134784512937916,0.002225489584249729
2024-01-31,-0.09648245180786451,-0.9791395995351816,-0.496543751431885,-0.04328623354080007
2024-02-01,1.0121195758468091,-0.8392844533961443,-0.22046481334765727,0.20702477995674562
2024-02-02,-0.971765629928492,-0.750102974218767,-0.3863347056471338,-0.06868766524635418
2024-02-05,-0.5749910062854615,-0.7909098022805289,-0.3204566673804281,-0.22738407842042016
2024-02-06,0.49869790220247817,-0.7589175668922796,-0.22261123915690778,-0.10214391860929314
2024-02-07,-0.04875872294167064,-0.7590680571170917,-0.23248368364367197,-0.12381595805304518
2024-02-08,-0.11244036307346829,-0.8265553843639369,-0.07012972187294779,-0.15637691567211942
2024-02-09,-0.4104876117982542,-0.8093167999174948,-0.168521997428049,-0.2684520223902405
2024-02-12,-0.28369862012128944,-0.8075814344694423,-0.17610647185042935,-0.34237310916443475
2024-02-13,-1.410261805297187,-0.6211871883255656,-0.543476547649979,-0.6948228987562285
2024-02-14,-0.08185380118414255,-0.746867128197984,-0.779988336538295,-0.6961928089539402
2024-02-15,0.6476717238571066,-0.761441884433495,-0.4076416394195427,-0.511650322520537
2024-02-16,0.3432265324633783,-0.8783211584986137,-0.06446763011264857,-0.39921728780725024
2024-02-20,0.5821515936690412,-0.9144716870784318,-0.11493990301177531,-0.23767490660332632
2024-02-21,-0.016914537136834815,-0.9255632554063137,-0.1834662998393536,-0.2371901793287836
2024-02-22,0.020405454478436027,-0.9252694123457859,-0.17598992974797845,-0.225038327498744
2024-02-23,0.5411352960590499,-0.9790060707197294,0.1512845607149552,-0.07587311123348293
2024-02-26,-0.2450895873922095,-0.9856780981188388,0.005123105734745079,-0.14277724559084165
2024-02-27,-0.12853460804003122,-1.0336914463960631,-0.16843661574467397,-0.18367201142517872
2024-02-28,0.15838382045219257,-1.031842466740919,-0.15845271329596275,-0.14920219660614373
2024-02-29,0.4912960516076985,-0.9999428160458234,-0.020634247013653677,-0.016445958383114533
2024-03-01,1.850574974947272,-0.7235447651538014,0.17736901685621465,0.4790299257790874
2024-03-04,1.5817983397747943,-0.6166373931061303,0.7907321971137171,0.8946266865959416
2024-03-05,0.5777726263844246,-0.663880090635179,1.072799404952676,1.0340602238814574
2024-03-06,0.7956772469961569,-0.6383547704998283,1.145995079749483,1.234375817446214
2024-03-07,0.5443491874643408,-0.639539540437311,1.2928291334098096,1.358676652959236
2024-03-11,1.0024632727469154,-0.6063221470854321,1.5712117477365743,1.6115441010054148
2024-03-12,-1.1219822952739218,-0.45579811758090194,1.3931988887690845,1.2718234192854188
2024-03-13,0.6758284309051528,-0.4778120993457663,1.6335667824464357,1.4406628329738815
2024-03-14,-0.44049756882808455,-0.7328117125600091,1.8788547152066843,1.2995008516828483
2024-03-15,-0.3420931637319943,-0.6994340628795154,1.8127971390707145,1.1852362314321345
2024-03-18,0.13780477976827146,-0.7026654198407752,1.6838730562818074,1.2040156313948571
2024-03-19,-0.1372537675258495,-0.6785845660520236,1.562979953344951,1.1450339149367232
2024-03-20,1.1615230161353018,-0.6145563845889606,1.708827123348107,1.4398082847917704
2024-03-21,-0.12612816398682916,-0.6050934841551658,1.681269710481184,1.3729802318388027
2024-03-22,-0.8273163391683078,-0.482365083236714,1.4683883608825694,1.1143432835353682
2024-03-26,0.619355832057495,-0.47830138132965444,1.487955722738503,1.25395273335646
2024-03-27,0.6989816359069096,-0.4979430914180513,1.725332616714922,1.4127008336402915
2024-03-28,1.2590972928124788,-0.45227039731496066,2.0783326014448216,1.7230713296058826
2024-04-01,0.9930628098875578,-0.432311708302888,2.2930389591066365,1.95498883122659
2024-04-02,1.44371636610909,-0.3492118599794888,2.5402320553478464,2.316422853261123
2024-04-03,0.850887697646946,-0.5099966210735041,2.280832428195947,2.4968057515337283
2024-04-04,-0.5971804390190608,-0.5439456922167697,1.7243385797595738,2.2512174110095473
2024-04-05,1.6741510810024314,-0.3892678564529214,2.002828735004585,2.6648498100164786
2024-04-08,0.5984735276426195,-0.3997689843458043,1.9525116456823899,2.761797779700778
2024-04-09,0.5257801588061257,-0.40022265205882057,1.947778816495234,2.8341686286562924
2024-04-10,-0.9728308992755965,-0.2799856466467862,1.4493082937486843,2.4656701907298273
2024-04-12,0.5694746687058639,-0.4724571188994324,1.875544388532211,2.5506141033286003
2024-04-15,1.831771320780479,-0.2949898045704889,2.1710106689889717,3.0021512735029505
2024-04-16,0.09984376642773977,-0.3558457098982475,2.310301479468829,2.9402132711082594
2024-04-18,-0.4207055174524625,-0.3437333457934988,2.289989721652011,2.726497554007895
2024-04-19,0.29031986935164605,-0.35086144465062025,2.3294109438162205,2.728026474124704
2024-04-22,-2.5227124112615975,0.30680397488968403,1.7196647602373605,1.9194457476104068
2024-04-23,-0.26833395643903424,0.2817039470418981,1.3610933320229996,1.7700629752751489
2024-04-24,-0.20836643812719452,0.286938264784698,1.3406256409412542,1.6426684682892132
2024-04-25,0.5721408297519823,0.1979026256716838,1.6912315524891754,1.7346418136560262
2024-04-26,0.30132048980026344,0.1925120808262602,1.611122669428353,1.7470635044858247
2024-04-29,-0.22550702421852264,0.2027433134678664,1.3796982026875269,1.6084943296731713
2024-04-30,-2.0354476777095503,0.47442420057324797,0.5721717248922692,0.9730332783035408
2024-05-02,0.570513166333363,0.43686996392777566,0.47051278428449456,1.0599731714562985
2024-05-03,-0.10201280768593128,0.30873136442712035,0.10227376041140789,0.9598115102179655
2024-05-06,1.0237628591625487,0.33056999264342,0.14317558306733524,1.1713750974254657
2024-05-07,-0.4831899263338822,0.3214033263713272,0.17018416981237475,0.9667864097197005
2024-05-08,-0.31668888829996383,0.12409103245210316,-0.2971201776502192,0.8146602392935993
2024-05-09,1.5427953302567596,0.2758121565924953,-0.07662214969227853,1.1710983415079383
2024-05-10,0.785474997200108,0.2999814487408062,-0.015617653223765036,1.3135461033409157
2024-05-13,-1.148414191060277,0.3259261852843675,-0.05688099091170452,0.9239040760784397
2024-05-14,0.8201297481725957,0.3500788020824096,0.002046887279809538,1.0786280814298725
2024-05-15,1.253049659988451,0.2235174804168959,-0.1337850541128888,1.3482602475496048
2024-05-16,-0.4122128895155332,0.232342344630964,-0.25331609415997813,1.1535489319914385
2024-05-17,1.6135469005276704,0.4011324054585842,0.22518287853511143,1.5226796972114642
2024-05-21,0.23219770523913413,0.399475383234071,0.211375763317904,1.5104997425812765
2024-05-22,-1.8761351961366788,0.1937338017827145,0.36542535238354945,0.9258460476058563
2024-05-23,-2.036211824378167,0.4849711984835172,-0.053427669793330294,0.32413147622494964
2024-05-24,0.07039471337782098,0.4824148022227929,0.012126679562407431,0.3054650165095639
2024-05-28,1.023249610130568,0.5284616544746628,0.11859886562595795,0.5438934011282458
2024-05-29,-0.9566800706811945,0.5814039155504197,-0.17712441563741513,0.25286036767851044
2024-05-30,0.16719155896083127,0.5810971796898192,-0.08521037747632075,0.2615290413421394
2024-05-31,-0.610198688467782,0.3255717388167713,0.25142948765594025,0.06687494513851895
2024-06-03,0.8652961605893377,0.35220359928205175,0.32165742439511935,0.264106490014032
2024-06-04,-0.9237140146996384,0.41552622563611347,0.1264133250011366,-0.01840770512847493
2024-06-05,1.1549772395582447,0.4341387970595549,0.15748354873600057,0.25445400416103287
2024-06-06,0.7139370266053054,0.44170798113838505,0.4428422385891618,0.4049404912231921
2024-06-07,-3.654628442743497,1.2323761817691725,-0.34437887275413775,-0.590839193772158
2024-06-10,0.8901038473396287,1.1410547842098715,-0.49526123608825356,-0.3785233250424158
2024-06-11,0.2629182865854789,1.1045620371316611,-0.6153523424872089,-0.3368812849016357
2024-06-12,0.24348909328481752,1.0491354408915219,-0.29407665733242083,-0.2985203502603054
2024-06-13,-0.8403354571491987,1.0325442759572965,-0.6768279803290188,-0.5390331768982254
2024-06-14,1.264971538331371,1.034413643583381,-0.6741024833912855,-0.22265930305365733
2024-06-18,-0.1427963759851445,1.0300706397091925,-0.6124236046144494,-0.2735645115802231
2024-06-20,1.2180637474380986,0.9605544570764665,-0.7029065147967481,0.0402258830056052
2024-06-21,-1.5831937949416477,1.0595044530487439,-1.1136892277425305,-0.3814685515922972
2024-06-24,0.3726048104388993,0.9139106694474337,-0.603741568028589,-0.28677818222888196
2024-06-25,-0.519543240342481,0.6981016957660645,-0.2532713137866832,-0.41720447661444066
2024-06-26,-0.9490473789675696,0.7436594000081324,-0.4894283072808845,-0.6517504226428407
2024-06-27,1.1047084897624317,0.7551622118318395,-0.47064650113989853,-0.34811699974355476
2024-06-28,-0.012949709541711632,0.7076249700766206,-0.25193313029924086,-0.3441831150205468
2024-07-01,0.2377928957683325,0.709792863760325,-0.23548782166733925,-0.27188986495992584
2024-07-02,-0.026885950860113233,0.6890890395899567,-0.09917033078188614,-0.25988091418659304
2024-07-03,1.0983894582520715,0.7175838685346173,-0.04447468371056534,0.0479668192846463
2024-07-05,1.3169919493340925,0.7572536966272513,0.48786685280071035,0.40932507191464373
2024-07-08,-1.2698054114097288,0.7877665299617613,-0.08767910607631842,0.07825296727648004
2024-07-09,0.1471327724984051,0.7564024249322898,-0.22021453698655016,0.11646838266537529
2024-07-10,0.3430040750776728,-0.21450970970640512,0.7307897168467563,0.20438840861422325
2024-07-11,1.734991723546535,-0.056422505178460966,0.9366960959043034,0.6623617522075376
2024-07-12,-0.08495316029214456,-0.050734738021132146,0.8517060551571943,0.6268587174674374
2024-07-15,0.2998443215642184,-0.04994683761279889,0.8654543877910068,0.6972164147030719
2024-07-16,1.9501102899450657,0.08014344326356973,1.55599182710012,1.2148839571517842
2024-07-18,-1.1274542007463364,0.1505472585427346,0.9627757061019746,0.8707270307324503
2024-07-19,-1.8317289267618264,0.4243433719248359,0.5524618512002,0.3518475312807662
2024-07-22,0.0093141711859086,0.33805390031010535,0.26303192534799263,0.3383396340235107
2024-07-23,0.32869404289783266,0.13638905029329046,0.7224423206367835,0.4154867286277184
2024-07-24,-0.37318192240096854,0.1516163443077912,0.5421901850783466,0.3009993438468077
2024-07-25,-1.598577657048662,0.32949520044874664,0.28376291364945866,-0.1355029870950628
2024-07-26,1.0253619911422729,0.3085718266543278,0.7587590810998374,0.13687535204329485
2024-07-29,-0.1628032125847164,0.24780839711520125,0.452748649115007,0.09497226227477144
2024-07-30,0.9710306226330053,0.2971881568766039,0.689969925268894,0.3484820173720435
2024-07-31,1.7720477221656477,0.46823787852466825,1.064543608977718,0.8197275125803414
2024-08-01,-0.3670215625510599,0.4868814001860969,0.9810060760730414,0.7121305273682506
2024-08-02,-0.21282716024641082,0.440468024793166,0.6616171369780725,0.64626528147127
2024-08-05,-1.2991503528732953,0.4645966223045154,0.03675360542758029,0.30014078554986234
2024-08-06,-0.8252751217395977,0.4006919096556831,0.14177941282162632,0.09157212697783124
2024-08-07,-0.09020801329188026,0.4007090331582216,0.08564659535378488,0.07217417663239156
2024-08-08,1.5338790887601998,0.5404790905535554,0.3686452382401344,0.47389762669696833
2024-08-09,0.2229025140051833,0.35178171352816834,0.009889030853548988,0.519381840813209
2024-08-12,1.6771456398247375,0.5275369595321465,0.4284867050166476,0.962755904627657
2024-08-13,-0.17554811290258138,0.5288401580599303,0.3148264690665665,0.8900029108228676
2024-08-14,-0.8409001074046948,0.3211999851150387,-0.34167583623222353,0.6395828989456028
2024-08-16,2.504418532792826,0.6406406531330635,0.5162341000264966,1.3005858583659577
2024-08-19,-0.18612786482806618,0.39056723607799804,0.9153327182958049,1.2177343925902584
2024-08-20,0.3439655080585069,0.389319986299486,0.9973008381542828,1.276851240632303
2024-08-21,-0.15565187921884704,0.396811074822838,0.8787558720449609,1.2028795717641
2024-08-22,-1.226586011107346,0.5068186511107717,0.6712753834138347,0.8419483590281168
2024-08-23,1.1261066256661456,0.3418982228999777,1.3399511615314657,1.1102915986038409
2024-08-26,0.2960801020701572,0.3015546593214367,1.1591851785178793,1.1508794501530104
2024-08-27,0.24797078583918852,0.2892611499120608,1.2608408734020295,1.1780654299248958
2024-08-28,-0.7271841986577324,0.313419359424796,0.8432704103782033,0.9384827643145026
2024-08-29,0.4940522891249686,0.1321361198127769,0.5336715544857368,1.0323382815052085
2024-08-30,-0.7371662733351633,0.1682682487293432,0.44473939393631895,0.7950205160009015
2024-09-03,-0.455399830376645,0.18343397539699646,0.386636455509787,0.638976839670779
2024-09-04,0.03851072363469617,0.03268398737031215,0.7088057672424221,0.6255323840330468
2024-09-05,0.8072680980610987,-0.01905232358258068,1.1078822548030538,0.8110847392272079
2024-09-06,-0.7650219325010236,0.04873093780648163,0.9421329043736545,0.5695805553448229
2024-09-09,0.397326897693157,-0.09349296288440412,0.6654870885717538,0.6431849646287648
2024-09-10,0.41705773617872816,-0.08811621526422261,0.7125235326093252,0.7151468336558492
2024-09-11,-0.1813750468911045,-0.28884916745323097,0.26600066373680453,0.6291721892191695
2024-09-12,1.7186731939174906,-0.0774471677873896,0.7211823859739825,1.0592454416355916
2024-09-13,0.9668954153205112,-0.11800325364687532,1.1637139310438513,1.2792888949830583
2024-09-16,-0.03061641853061303,-0.6032979178674808,0.5454058677149088,1.219661631600815
2024-09-17,-0.5766921898197711,-0.5646158474323927,0.4515314467700968,1.016848578851045
2024-09-18,-0.796029860286488,-0.4979666137384299,0.17961515567950764,0.7665061561756531
2024-09-19,1.5193845060272728,-0.3126433809820924,0.5802247199020183,1.144162449902099
2024-09-20,1.2404062446938078,-0.3936587323061876,1.1826011691185712,1.4413670385942383
2024-09-23,0.17154648321782445,-0.46932243815501684,0.9477572151467899,1.4385263479673591
2024-09-24,1.3645511162505708,-0.35003201213765267,1.2107759493354648,1.7767022558092564
2024-09-25,-0.16047186432798463,-0.33518609133644445,1.1099001585066461,1.6808709993905047
2024-09-26,0.4849920859793133,-0.42097997935248227,1.4104869236704558,1.7683845743745212
2024-09-27,-0.8187368020338098,-0.31912587304380713,1.085114349898729,1.5000396879147921
2024-09-30,-0.8251401269193638,-0.3033489590055398,1.0634625603168673,1.2311330380403367
2024-10-01,1.0210807416965624,-0.2981066715585577,1.4293840576551866,1.4672497102810378
2024-10-03,-0.07109614340644453,-0.2920484709901645,1.4020336938100675,1.3955942973868405
2024-10-04,-0.22198228444130993,-0.29643733490729895,1.1466609833474657,1.284811219510315
2024-10-07,-0.3614863732321896,-0.355333123863182,1.2464710802299181,1.1355983050242189
2024-10-08,-0.7619295901057027,-0.2695440014508475,0.960822028913473,0.8720018107627333
2024-10-09,-0.568175627771836,-0.22595222216337607,0.7206438822855022,0.6728140535626461
2024-10-10,0.7091276085019842,-0.21287878480277084,0.9376257807572076,0.8216754227681923
2024-10-11,1.062836201717167,-0.35178729035783707,0.7776356211197372,1.0690068535550177
2024-10-14,-0.1852746955901957,-0.40497818565217003,0.49909515788143605,0.9795700849448504
2024-10-15,0.3238807230117999,-0.4031429103994713,0.58445420709897,1.0283049655909964
2024-10-16,0.47651012360088435,-0.4432739848565333,0.8398467304767957,1.1159498139488828
2024-10-17,0.5746095573586036,-0.5290124760663233,1.1762699645323589,1.2212024654639606
2024-10-18,1.0336376918273462,-0.630681722778344,1.0565154519087658,1.4461356960505192
2024-10-21,-0.04213965697543321,-0.741493152529867,0.7431029163752336,1.3674637081681171
2024-10-22,1.0503670724822045,-0.6608384106600377,0.9574241146760505,1.6002610374654043
2024-10-23,-1.2342298732879384,-0.6208611848797141,0.3290628992549962,1.1953919339746788
2024-10-24,0.7438916784374108,-0.5849980291092555,0.5458789480969826,1.3535639634402739
2024-10-25,0.1831766974546153,-0.5985693265988377,0.4733022377158025,1.3520261480217113
2024-10-28,-0.018299876872157946,-0.6888940716777551,0.6662621535922888,1.2894421327234757
2024-10-29,1.0610018077634802,-0.7186926358857935,1.1271076464338468,1.5391244638878907
2024-10-30,0.5266586645834878,-0.7781171402886631,1.005462193090833,1.634195450421925
2024-10-31,-1.5833896530445122,-0.46616132448928316,0.6370967462525328,1.1438862080040928
2024-11-01,-0.4331933067146935,-0.44769559824300503,0.5860918849139348,0.9822169259315174
2024-11-04,0.12020017983717814,-0.4715413367732361,0.7025708151609774,0.9679932058914917
2024-11-05,0.20287479248149876,-0.5572445208374271,0.9375694870688124,0.981653621780677
2024-11-06,-3.107050718971169,0.27242932461191116,0.3240076880439194,0.10705121094399861
2024-11-07,1.5721084674693975,0.3975509361859492,0.5308157621722995,0.503946778659051
2024-11-08,-0.7012700843124023,0.37145950576563075,0.1099554589716805,0.2826200490758049
2024-11-11,-2.3966213661628197,0.7323158519909222,-0.40721999951993143,-0.3743144407081622
2024-11-12,-0.888847679411422,0.757372047593882,-0.6860251298194965,-0.6217137135471059
2024-11-13,-1.0351570753218033,0.7753797805633779,-1.028853714751774,-0.9017819246866365
2024-11-14,-0.28341520042595675,0.7352443913803459,-1.2211498153079374,-0.9834289062363344
2024-11-18,1.6840061259848578,0.860208270883501,-1.0755440803875,-0.5568466022280487
2024-11-19,0.8694124951472472,0.9260410867365013,-0.8698631431623665,-0.34856253101371154
2024-11-21,1.3694254252299736,0.976698670494528,-0.7974271506149151,-0.009975339167525143
2024-11-22,1.2583260535433032,1.0097817808217304,-0.22351214813319623,0.2980019607209497
2024-11-25,-3.011432082556828,1.4098534249774501,-1.0827658078480795,-0.5238503523373386
2024-11-26,0.1713371949299298,1.4093628330460073,-1.0854240773337942,-0.48701189184975063
2024-11-27,0.19970958386130955,1.4163609310871454,-1.0364248971057997,-0.43873321763435075
2024-11-29,0.8362370464244405,1.3895138889909642,-1.0869406731021696,-0.2258973204513494
2024-12-02,-0.9012564168941842,1.3778546381911718,-1.4052247299438754,-0.4720995451994674
2024-12-03,0.17876681676452913,1.2970620055290094,-1.0117789125028713,-0.4370556488118351
2024-12-04,0.28056754087582336,1.3060459504670716,-0.850429793390629,-0.3687293822158494
2024-12-05,-0.7645263274742465,1.3171813625923459,-1.050255816319169,-0.5660588046226763
2024-12-06,0.014794178181352723,1.3105913387377008,-1.0925086040068295,-0.5568924907099224
2024-12-09,0.9645264938026082,0.8894000241995492,-0.15981376063308161,-0.29448463442317374
2024-12-10,1.2851776932214085,0.8400200386249441,-0.22679374745248496,0.048936420052653445
2024-12-11,0.9263166032094903,0.8621609117168735,0.1557039600351203,0.2966790592238744
2024-12-12,-1.4989993566374993,0.6433502131610226,0.3693328801123416,-0.10637716302199282
2024-12-13,-1.2383809190803796,0.6928680661890412,0.28591784465975906,-0.43245358090787334
2024-12-16,0.21890838947243224,0.613683287626289,0.5865555782328168,-0.3670688277865268
2024-12-17,-0.4067215546238835,0.621013381380214,0.5568278228630472,-0.46543435251340926
2024-12-18,-1.9587718593909489,0.6974870163660335,-0.30506405824983746,-0.959688567406003
2024-12-19,0.11971925248655103,0.6439754502935386,-0.4785800388293478,-0.9132747741358768
2024-12-20,1.0154224888548822,0.5857594549273023,-0.5600625754533884,-0.6420150259979016
2024-12-23,-0.4940840450445293,0.4621574625013552,-0.9592007529562688,-0.765259871279538
2024-12-24,0.17669542337130123,-0.1464326129071617,-0.22780123315342,-0.7103604664207024
2024-12-26,0.6503892696958324,-0.11152739858837923,-0.11587047060837685,-0.5287221474882433
2024-12-27,-0.7114440028346039,-0.07995563627822383,-0.3283029000868659,-0.7018141174735053
2024-12-30,-0.34161925528519116,-0.1458581600298106,-0.6000624790801845,-0.7740385598947058
2024-12-31,0.5989852944725497,-0.16192852951098666,-0.25336105423338734,-0.6007523640174847
