Date,Return,Volatility,Momentum,MA_Ratio,Regime
2010-03-19,-1.9062408874861592,0.025605391621692,-0.4891643737997821,-0.3135295071563639,1
2010-03-22,-0.5127588272456002,0.0272041295047237,-0.4951244222915202,-0.4334993907763166,1
2010-03-23,0.5051943747452297,0.0461673631685144,-0.288349974370941,-0.2869894721869487,1
2010-03-25,-1.453701602883365,0.1097423453973696,-0.36819628970984,-0.6419384729764845,1
2010-03-26,1.658081998637257,0.2962505476604183,0.1406802464912982,-0.1866573483318505,1
2010-03-29,0.1249469265615395,0.2468454463508601,-0.0323612679959305,-0.1344805020313263,1
2010-03-30,-0.7418375849302457,0.2020590466209352,-0.4396564382271584,-0.30228400627584,1
2010-03-31,0.8810270463938764,0.102233434951295,-0.5637673690001918,-0.0536650859099983,1
2010-04-01,1.1725921750263657,0.1931792105569327,-0.4146347672596601,0.2750012870987726,1
2010-04-05,0.5473211991463498,0.1846807928379054,-0.1147617746823738,0.4357547457284769,1
2010-04-06,0.1038866061436617,0.1856861363753087,-0.0809682634909755,0.4693540520518578,1
2010-04-07,1.2837251359582,0.2379430608266584,0.4284417602206719,0.8237184044865894,1
2010-04-08,0.1198474790930394,0.2327265783617241,0.4975045531831534,0.8441456920726383,1
2010-04-09,0.8524622095347832,0.1390241038023175,0.987977447129054,1.055342911923176,1
2010-04-12,-0.5779876598140729,0.1822154133622634,0.8228725618402238,0.8708158227418512,1
2010-04-13,-0.3057150488160511,0.1520123273528398,0.900134266072515,0.765854709508408,1
2010-04-15,0.8257692741519113,0.1787172355759053,1.0150261701459038,0.9647891857478826,1
2010-04-16,-2.164911036447021,0.3368387752085083,0.0506275146871068,0.3510912068151106,1
2010-04-19,-0.103153552631422,0.2945168714481176,0.2056952622001655,0.3032536755635253,1
2010-04-20,0.256178605303924,0.2706264530618408,0.1101108768560964,0.3635047805677692,1
2010-04-21,0.737223038024106,0.003902781489897,0.7435524920905315,0.5551334724170537,1
2010-04-22,-0.4414730260922659,-0.0032271328052234,0.7608674122124646,0.4247605246363795,1
2010-04-23,1.1772306166924054,0.0654007027667033,0.9247095411464704,0.7096329071422235,1
2010-04-26,-0.4116054535545399,-0.1253313989609678,1.180960332032197,0.5621109389341599,1
2010-04-27,1.6308798283365706,-0.1315790495512739,1.174237325461979,0.965604908166162,1
2010-04-28,-0.3017033215043102,-0.1087613670527043,1.069029882180126,0.8431164698358892,1
2010-04-29,-0.0484823114625913,-0.1822420170272084,1.240232403661417,0.7898783951931991,1
2010-04-30,0.918065232284279,-0.1782761759706582,1.2494112840684293,1.009582520811208,1
2010-05-03,0.2978774359580249,-0.2519125303863336,1.0335432899423873,1.0680833968076116,1
2010-05-04,-0.7678887063979887,-0.1851568391500595,0.7125013722736673,0.8324513148408809,1
2010-05-05,0.1690267303142162,-0.185367330736039,0.7283028158031106,0.8599045277045987,1
2010-05-06,2.8882363304732928,0.2802925187879797,1.120787173791488,1.6323269700380496,1
2010-05-07,-0.2080275550763823,0.2929277050492571,1.0400717457495796,1.532392465262289,1
2010-05-10,-0.6156752794808095,0.3065252815040063,0.6818784955414213,1.3153381405075306,1
2010-05-11,2.571203510611086,0.6282983288164892,1.4567242953367776,1.9868800705966423,2
2010-05-12,0.5889785087563301,0.6072639027648892,1.6813492822952476,2.0959041943093655,2
2010-05-13,-0.7163566921010311,0.6570940431773076,1.2954267568178883,1.8385213716705884,2
2010-05-14,-0.1799111802873268,0.2624695196995785,1.7932848641235672,1.7456188420509366,2
2010-05-17,-0.8645947270054795,0.3516619420437107,1.6011380650954077,1.4666586028513735,2
2010-05-18,0.0865737477120872,0.3553619133779274,1.5585378594775148,1.4539249460584622,2
2010-05-19,-2.4440820889198585,0.8030593873258138,0.7727265737874205,0.7478162243248972,2
2010-05-20,-0.7016867046206868,0.8257487229971153,0.7095509859093057,0.5318998908903568,2
2010-05-21,-0.5587258255418874,0.7844055020525992,0.2922712383333638,0.3588054223293327,2
2010-05-24,1.3735168469286585,0.8628671309095485,0.7214750484302017,0.7006312860538464,2
2010-05-25,0.4216827496448891,0.7324086721284492,0.4299065720934673,0.7804990805060121,2
2010-05-26,0.9188172995649168,0.7595238273246548,0.724222147479743,0.9902078241532676,2
2010-05-27,0.1632263209242843,0.7568464653688675,0.7756401404170543,0.9912662631423842,2
2010-05-28,0.1376532214367784,0.7206625529951657,0.5866382275584937,0.994332957074503,2
2010-06-01,0.8401724446765474,0.7489543156621086,0.7178159424362263,1.1848467810558971,2
2010-06-02,-0.1306866348632579,0.7005685092299881,0.8728631338940789,1.1082001916426945,2
2010-06-03,-1.5528663248444656,0.873511490591967,0.4561459596566053,0.6367561795271424,2
2010-06-04,1.0147532390812624,0.4284991073531309,0.0108218360739438,0.8680527434625004,1
2010-06-07,1.8884481453383133,0.6409515861793685,0.5097089171670378,1.3383338844937809,1
2010-06-08,-0.4262533339846299,0.6257470616016145,0.5553021284651395,1.1553714562469974,1
2010-06-09,-0.3864281107683677,0.2089934656789745,-0.1468265672490785,0.9956955762501084,1
2010-06-10,-1.3494339565641813,0.2934682721585818,-0.5958559500993068,0.5798523110050141,1
2010-06-11,0.8478485418451326,0.3262669369782024,-0.2341904468891253,0.7622405496107091,1
2010-06-14,-0.3643602149749845,0.3319662045784203,-0.2771324633907715,0.6174432415313326,1
2010-06-15,1.1328901262476458,0.370121723062726,0.1921506506474941,0.8855155995690731,1
2010-06-16,-0.5690579172060636,0.3943120541126534,0.0370835595679688,0.6895234281692982,1
2010-06-17,1.2736463329504597,0.0221398776210853,0.9300045327334387,0.9969993894556142,1
2010-06-18,0.737537151539061,-0.0267053502419794,1.2846906679428782,1.159909008623198,1
2010-06-21,-2.028082889713838,0.3065332265918744,0.9226328643471764,0.5671133877204474,1
2010-06-22,0.8540908115851854,0.2381289759701742,0.7959111949188858,0.7717441043120697,1
2010-06-23,-0.4346533167436417,0.2572479174823702,0.588427555415619,0.6208252339105765,1
2010-06-24,0.2666261988836684,0.2122522080841433,0.4315946618466419,0.6600185816242489,1
2010-06-25,1.1738124718903853,0.2911973245876951,0.6750477025579228,0.9481624167519184,1
2010-06-28,-1.3915247674255626,0.4452767093305664,0.3076166860629969,0.5241626437937471,1
2010-06-29,0.1262480085970408,0.4038557353945445,0.1379899473010857,0.5179381436837096,1
2010-06-30,0.3151690248917663,0.4066911554413307,0.2437821099816991,0.563100945727771,1
2010-07-01,-3.9088840801093694,1.1779244478381163,-0.3099481595438818,-0.5034996173243799,2
2010-07-02,1.208639307063608,1.2022513921582674,-0.2648706609348175,-0.2069152518015323,2
2010-07-06,-1.7068454415917451,1.1117342701150457,-1.0867015637318644,-0.6668735193652342,2
2010-07-07,1.019098667731427,1.188877564925597,-0.7598639170950093,-0.4148167875064157,2
2010-07-08,-0.4647723603989964,1.1911028645146158,-0.7777013015683372,-0.5430264727048751,2
2010-07-09,0.9538068133125654,1.168208855051462,-0.247420583923452,-0.3029453308576438,2
2010-07-12,-0.8874820512175428,1.1547807354361834,-0.6480825922858828,-0.5453034579581463,2
2010-07-13,0.8429941717144069,1.1995195550222029,-0.3700593924208181,-0.3299607263491729,2
2010-07-14,-0.0729312489259216,1.1166530247481647,-0.647731703246978,-0.3548415008179713,2
2010-07-15,-0.0814137847176859,1.105806258647363,-0.5358419298918847,-0.3854483277225874,2
2010-07-16,-1.3500661343133036,1.0659283568517304,-1.1314708288228512,-0.7416359757789365,2
2010-07-19,-0.8309342027531073,1.0249570915231323,-1.480146758478162,-0.9400405995679236,2
2010-07-20,0.7693108681182564,0.9037377456106064,-0.8544295186615576,-0.7269218402251223,2
2010-07-21,-0.7102003410531126,0.8504457538906242,-1.2064848116318498,-0.8986257169955504,2
2010-07-22,0.8455177852460771,0.9150214599868772,-0.9187829393992508,-0.655614843009396,2
2010-07-23,-0.6831238088428961,0.9139560141840436,-1.1325793310115564,-0.8050172178310465,2
2010-07-26,-0.5142933573954203,0.7918502434538439,-1.5076079325468374,-0.9109438159513824,2
2010-07-27,-1.776949149672405,0.8491096739954302,-1.592349199911757,-1.332913592816529,2
2010-07-28,0.2152588711637816,0.8545031358812285,-1.572807845366916,-1.248135183639379,2
2010-07-29,0.4248461802383183,0.8636422041724389,-1.5487054934040223,-1.1107809501388728,2
2010-07-30,1.021904833635482,0.0562041556856788,-0.4373515194235013,-0.8354634590895121,1
2010-08-02,0.0210292249157039,-0.0807247104380341,-0.7100603641005917,-0.8228794207002879,1
2010-08-03,0.3663476182496271,-0.2807422448581612,-0.2318775544010471,-0.7248845284440298,1
2010-08-04,0.6049498550347058,-0.3445867319085447,-0.3281954283468914,-0.5598925586295029,1
2010-08-05,0.2001940134149996,-0.3546337566759785,-0.1733510439296663,-0.4996262467554166,1
2010-08-06,0.7099940900536867,-0.3933901134915452,-0.2302450172957832,-0.3030421390449384,1
2010-08-09,-0.3962058856976699,-0.4493168020441524,-0.1154631048564895,-0.3964239642660629,1
2010-08-10,0.2583634458528194,-0.5149829697600778,-0.2519926986565722,-0.3168959203476278,1
2010-08-11,-0.3539597188008379,-0.5063686244819026,-0.3173380422293348,-0.3933271394780878,1
2010-08-12,1.1886820144727035,-0.3667411456521577,-0.0205461676841916,-0.0662628537433843,1
2010-08-13,-0.0474968951198475,-0.5476593899174669,0.2877760080352347,-0.0765588274830334,1
2010-08-16,0.8077919306633428,-0.5863999670179221,0.681417715911508,0.1442521094151247,1
2010-08-17,-0.0055492498836821,-0.626485259056496,0.4944826719200287,0.1567018386042022,0
2010-08-18,0.3693474221141042,-0.6958151127063729,0.7553214364343573,0.2662968681760589,0
2010-08-19,0.1190166962532319,-0.7489164874370636,0.5794755290630532,0.3054294747302105,0
2010-08-20,-0.3716063363828951,-0.7947466885803414,0.6547202803400799,0.2060997361733735,0
2010-08-23,-0.1806935488359681,-0.8325419485786569,0.7355592786338871,0.1642906731414165,0
2010-08-24,0.4606549640329102,-1.3602374735216658,1.284812153493657,0.2916413550230374,0
2010-08-25,0.8048986922255937,-1.3175841539968811,1.4316062906173708,0.5154820621287786,0
2010-08-26,-0.3522814470441467,-1.258790018091076,1.2383171469649914,0.4223629799590346,0
2010-08-27,0.0190727487470446,-1.348071503919603,0.9911005144792232,0.4377431627946988,0
2010-08-30,-0.1048880920285196,-1.337908017260016,0.9602344471496264,0.4240387620229391,0
2010-08-31,0.9404553316507256,-1.2601048248705975,1.101281278384773,0.680149283181787,0
2010-09-01,-0.3421147044255334,-1.2377746745391385,0.8690394518442789,0.5910692818258402,0
2010-09-02,0.4694414505506614,-1.2264312985217498,0.9348413777481356,0.720153717622132,0
2010-09-03,-0.3743739157497902,-1.224916621163296,0.6709074994138244,0.6205909782359047,0
2010-09-07,0.6644831739313033,-1.236811518871045,0.9290473218163414,0.8102695530875071,0
2010-09-08,-0.0140951890239826,-1.2311804837163294,0.862477443743654,0.8049556733012557,0
2010-09-09,-0.963530839358052,-1.0887524646752824,0.7141962107943994,0.5443855647506335,0
2010-09-13,0.0270906442404816,-1.2477794334104837,0.4341242148182587,0.5581887430459012,0
2010-09-14,1.931264919258157,-0.8368683610452602,0.91318377362736,1.0662533600049522,0
2010-09-15,-0.0867450831135304,-0.8760013102140237,0.6954409831961968,1.0226171534268376,0
2010-09-16,0.5327506437617605,-0.8634013924793025,0.8262371544067402,1.1395154236909992,0
2010-09-17,-0.0944576440153231,-0.8603248728374657,0.7134997827688248,1.087277856449259,0
2010-09-20,0.2422972180199331,-0.8596522598244857,0.743414633625673,1.1252939041135133,0
2010-09-21,0.886271001637718,-0.8405146351555113,1.0507649171991202,1.3445321488025876,0
2010-09-22,0.1283716891278841,-0.8589713305096078,1.1268757474332929,1.3451619067513256,0
2010-09-23,0.0569433833921359,-0.8618164136904832,1.027504202827822,1.3300450235812191,0
2010-09-24,0.2859693936506181,-0.9035550738089516,0.9003604330053491,1.3774777777438607,0
2010-09-27,0.0014245389993156,-0.935794258932292,0.9869509132356212,1.344192650821387,0
2010-09-28,0.8652461942692686,-0.8928066763355181,1.195349391155206,1.5427293147863688,0
2010-09-29,0.0559158492851832,-0.9036012932885408,1.235152584469912,1.5072669882790848,0
2010-09-30,-0.0534957524563291,-0.9537988829912528,0.990145725066031,1.4454814165162906,0
2010-10-01,0.7562654525112719,-0.9623120381519364,1.2610358312458414,1.60512977614986,0
2010-10-04,-0.3718207269298763,-0.9218934633340206,1.053291381497654,1.4514685626078985,0
2010-10-05,1.9274700055084293,-0.6653860822700385,1.6258960475843256,1.9381512535558227,1
2010-10-06,0.6016003569882489,-0.669298010374816,1.610077565182635,2.040883370955442,1
2010-10-07,-1.1203860967042554,-0.4751286627608773,1.3334058673167497,1.6462701859119897,1
2010-10-08,0.9620744444926602,-0.6001447555311169,1.8169619483241464,1.8442523842921337,1
2010-10-11,0.4549589617557079,-0.6129183844649131,1.925678450628087,1.897063999820336,1
2010-10-12,-0.2719171891095428,-0.8459289045133435,1.370812707362173,1.7486336210460809,1
2010-10-13,1.5635675722431224,-0.6958463907144217,1.78528830143521,2.1188234886442725,1
2010-10-14,0.483503960367,-0.6973074228173378,1.7728207094724375,2.1775983845557936,1
2010-10-15,-0.8192259652580516,-0.576225911220734,1.5900424867475174,1.868420084798524,1
2010-10-18,0.4254456073887595,-0.5763163960727937,1.6361053542688864,1.9172185430949216,1
2010-10-19,-3.175922108418151,0.3444547362266246,0.634002484530004,0.9688830984547888,1
2010-10-20,0.9031485291915724,0.3826025929599592,0.8220028752576853,1.1651598088853228,1
2010-10-21,-1.4405828370127085,0.5477994656522887,0.4599353310983031,0.7186594412152334,1
2010-10-22,0.178304755782226,0.5459453577021064,0.434112880335555,0.7195207920089877,1
2010-10-25,0.8371141176265215,0.5784356837210974,0.6352776840730134,0.9041907186778384,1
2010-10-26,0.000672153296287,0.543203561476029,0.4271899169499766,0.8570850484846771,1
2010-10-27,-1.0664652994133308,0.6252619357870666,0.159723262509718,0.5265917376152087,1
2010-10-28,1.2965731939523009,0.7174822365175931,0.4818159206912175,0.8398247406171954,1
2010-10-29,1.0234310897831558,0.7428505230011733,0.5460721465647226,1.0762881422514743,1
2010-11-01,-0.5512934755570097,0.7554271086911272,0.5028880794849757,0.8784017632348722,1
2010-11-02,0.4087724077460298,0.5471756334442641,0.1405518696243497,0.9434214317656158,1
2010-11-03,-0.7188329135665996,0.5574502339586065,-0.1700390794707315,0.6993205907725651,1
2010-11-04,3.310321148651283,1.092186053594974,0.8885656384198942,1.5635201933567076,2
2010-11-08,1.2556216523728942,1.1215621165678276,0.9603723795325584,1.8553445467605456,2
2010-11-09,-1.6239896169207684,1.2856277113993797,0.4563376223752819,1.3345999541118925,2
2010-11-10,1.1869335078245695,1.3342504460198892,0.8089330327436819,1.6057046880364645,2
2010-11-11,0.2832224951102198,1.2293137208513365,0.4992055785483508,1.6187070546423488,2
2010-11-12,-2.947624091598083,1.6629503675154425,-0.3115198998904608,0.7478654848917582,2
2010-11-15,-0.9764403950719538,1.675426860051874,-0.3480048316647563,0.4403376956398303,2
2010-11-16,-1.122928082802705,1.7107341786320984,-0.7042888861537032,0.1053071353744178,2
2010-11-18,0.829000831524267,1.2611955003083803,0.2286979380007296,0.2930352399292164,2
2010-11-19,0.0609716922081145,1.2210442764169225,0.0293889414155627,0.275957153468149,2
2010-11-22,0.9410183988677372,1.138854218831774,0.597385278086226,0.4933680263691947,2
2010-11-23,0.6718566492265834,1.1540046176605656,0.7167964063642702,0.629708047847316,2
2010-11-24,-0.193461919662496,1.1324093452556443,0.4681243452490297,0.5299804504325165,2
2010-11-26,-0.8226137384811362,1.1764825253499485,0.271303982397095,0.2738920406386514,2
2010-11-29,0.2777078721945151,1.104781345569225,0.5934910306063569,0.3157134227139189,2
2010-11-30,1.3977705563012122,1.118268648980249,0.6179229949142013,0.6591668191700811,2
2010-12-01,-0.0517715938158614,1.073478193381996,0.3595983140031865,0.6057298662437623,2
2010-12-02,-0.1552546256754355,1.0539468867945554,0.4544262469677497,0.5262324027685584,2
2010-12-03,2.077653032984466,1.253204412344319,0.8581774982535488,1.056421566069466,2
2010-12-06,0.7279286409776943,1.220112666347197,1.2136876602097149,1.2117894967083005,2
2010-12-07,-1.9156734227587529,0.8872779877116562,-0.0465734626300999,0.6427861766368266,2
2010-12-08,-1.282504392031546,0.8709421924773263,-0.6352842507700098,0.2651435682121983,2
2010-12-09,0.4069954003026817,0.7429906648755504,-0.1654012472135681,0.346377585753126,1
2010-12-10,0.0072971623413904,0.647272298218805,-0.4394800737787608,0.3234853974743435,1
2010-12-13,0.4491294095570872,0.6566440469743061,-0.4011281313166197,0.418725518432303,1
2010-12-14,0.0732252550927638,0.0619608448531058,0.3084342715829148,0.4109193923062421,1
2010-12-15,-1.1146355968657855,0.0853463743007083,0.2755036734825354,0.091183486911437,1
2010-12-16,-0.684950636443197,0.019649963892632,0.3800261983490752,-0.1083082718963449,1
2010-12-20,0.9442856869608046,0.0339120584434583,0.4076149379937303,0.1348992092033497,1
2010-12-21,0.1330193919743024,0.0339615307997967,0.4248727854051851,0.1626593811107566,1
2010-12-22,-0.2219093241588946,-0.01943673743345,0.1478266532451391,0.0898869733953252,1
2010-12-23,-0.3113503264212305,-0.0457072503847093,-0.0839031276732667,3.0310706891858023e-05,1
2010-12-27,0.2446540227283547,-0.0437822462734238,0.0190739406209379,0.0608481268831905,1
2010-12-28,1.59349095006214,0.0750006661358852,0.5951466340767096,0.4779521335254453,1
2010-12-29,0.3341003300638546,0.0764989349870753,0.6087592842792484,0.5606673340721243,1
2010-12-30,-0.5171052265329904,-0.0290934022823584,0.1507946305815395,0.4160118676495259,1
2010-12-31,1.2031275291889685,0.069778368654327,0.4499265788195489,0.7316270537068816,1
2011-01-03,-0.5424605051953961,0.0955429770230281,0.3572269224746297,0.5732379232007302,1
2011-01-04,-2.4047261844537746,0.1832152716400749,-0.6901507677969699,-0.0912271263536072,1
2011-01-05,-0.3045589795969208,0.1250412513100214,-0.9248252664766856,-0.1788119745848897,1
2011-01-06,-0.4247947397299127,-0.1103659544080806,-0.5851834550787575,-0.3032371939967866,1
2011-01-07,-0.2091627469044635,-0.2274000052294979,-0.3375069521625203,-0.3679958356341586,1
2011-01-10,0.3810587315295822,-0.2294551065472535,-0.343523315824379,-0.2738319270394072,1
2011-01-11,0.5648706098737325,-0.1970755702159931,-0.2138420220552019,-0.1332455971679155,1
2011-01-12,0.3844780899734802,-0.2021057447425166,-0.2289158238216133,-0.0479317858315856,1
2011-01-13,-1.0682635314628086,-0.1211731067587298,-0.4934607680807441,-0.3380222208817969,1
2011-01-14,-1.0416453414269975,-0.1329263216423257,-0.4766352134127792,-0.6073298324532279,1
2011-01-18,0.533711669731635,-0.1346738622593653,-0.1938893543302534,-0.4668515922834339,1
2011-01-19,0.1947993242378594,-0.2131792885888659,-0.3681880221355172,-0.4143141458751329,1
2011-01-20,-1.92415475812049,0.0431032113357973,-0.8399375708087721,-0.9111917819675714,1
2011-01-21,-0.1518581005073205,0.042975512359291,-0.8240326270348609,-0.9256019666220566,1
2011-01-24,-0.5347229880205736,0.0513574471459056,-0.8747099275247535,-1.029782037881562,1
2011-01-25,-0.221822453773358,0.0364607119604733,-0.9801765493870842,-1.0602722687734272,1
2011-01-27,-1.7037228931261117,-0.0859922313918487,-1.7117809658810432,-1.4554037887192426,1
2011-01-28,1.7974444790611597,0.2265499100678376,-1.3900621993507432,-0.9603880034248642,1
2011-01-31,-0.3373485743984,0.2231258665485443,-1.3502166181717945,-1.0271915640618767,1
2011-02-01,0.6910819113925121,0.1292925744975309,-1.4635303327594529,-0.8359509850315251,1
2011-02-02,-0.2901053149067144,0.125283181476278,-1.4077576399977327,-0.9035660119907596,1
2011-02-03,1.3099197620192211,-0.0683563933721862,-0.5702887783103749,-0.5558454374744011,1
2011-02-04,-0.4314159548905973,-0.0633249693630012,-0.5994049267937731,-0.66116393718416,1
2011-02-07,-0.0070676693382816,-0.0701867259683737,-0.5033887741902857,-0.6501564286622716,1
2011-02-08,1.08005401227585,0.0327078985389281,-0.2045148075150102,-0.35458274697974,1
2011-02-09,-0.0748111535339961,0.0183504739900718,-0.3106380684308458,-0.3641297299346988,1
2011-02-10,-0.1876550517342183,-0.0132867568830421,-0.4847653442923777,-0.4069021440681357,1
2011-02-11,-0.4218587290748299,-0.026078707853994,-0.6698950114240007,-0.5077424487298834,1
2011-02-14,0.4525843483826413,-0.0761752714789801,-0.3194657557632223,-0.3725387148208125,1
2011-02-15,0.7417915061978391,-0.1141411853191792,0.0983178115438718,-0.1637405523621025,1
2011-02-16,0.0747181546072244,-0.1360149537873382,-0.0099181815709076,-0.1334511641022063,1
2011-02-17,0.6760462908249903,-0.102822148332092,0.1035780751088643,0.0660392196671905,1
2011-02-18,0.2512940863091348,-0.4524513177409451,0.623503856169934,0.154731084571617,1
2011-02-22,0.6253159673035804,-0.4404654729513951,0.8120062637803618,0.3311176664963834,1
2011-02-23,0.868638155375035,-0.4517559264499897,1.1561239653367523,0.563336487539002,1
2011-02-24,-0.7738574441273761,-0.3769095458094506,1.0201829895957546,0.3534459508756372,1
2011-02-25,0.6348241882036579,-0.7556013580202945,1.601241482190462,0.5248196084846295,1
2011-02-28,0.1812966041767798,-1.0227321069632545,1.1982286898922163,0.5740311966468262,1
2011-03-01,1.6841852351458253,-0.8406766142115777,1.703357317771938,1.0302450056076806,1
2011-03-03,-1.4169016202571236,-0.5423152679016103,1.1768540754100587,0.6300057959188401,1
2011-03-04,0.8857821625048877,-0.5377679262763845,1.4691813841558432,0.8579078202969506,1
2011-03-07,0.242834007649624,-0.6447716600503467,1.203758209711572,0.9124196647795968,1
2011-03-08,-0.2801522145668941,-0.6641754023855907,1.24121089925023,0.8242230241861068,1
2011-03-09,0.0136185955934829,-0.6653013462340879,1.2463371957521785,0.8162024965499856,1
2011-03-10,-1.2052238438925111,-0.5404564326983341,0.6863849009306343,0.478032414910651,1
2011-03-11,0.3037481889451424,-0.5437190365425103,0.778259418673502,0.5542758959273694,1
2011-03-14,0.4395685411295764,-0.5508350837148503,0.9312514017586004,0.6744851458711805,1
2011-03-15,-1.9044386087564564,-0.1923272583005685,0.5711625478319118,0.166773937618924,1
2011-03-16,-0.0442535139623934,-0.2000452233663692,0.4516803792369683,0.1639961244942953,1
2011-03-17,0.5119700604823105,-0.220884139361525,0.3966122674513775,0.3158371791198175,1
2011-03-18,0.9943583844497538,-0.1552650920574936,0.617731966052966,0.5920538140387608,1
2011-03-21,0.5325173334593009,-0.1665975544229775,0.5830875413521566,0.7268020794772034,1
2011-03-22,-0.0869245114705991,-0.1645282998351237,0.5016461769570234,0.6898169627889372,1
2011-03-23,0.900901641091718,-0.1349791557632118,0.5679850476924688,0.9185297989875812,1
2011-03-24,-0.8232465667505489,-0.118524772385671,0.1635853620321664,0.673854495840575,1
2011-03-25,0.0064693930919493,-0.1758178257072902,0.3492513893664189,0.6608110831693932,1
2011-03-28,-0.5404380809658612,-0.1754289630373483,0.0701678470171055,0.5038438721811105,1
2011-03-29,-0.260640156968663,-0.1718426089588715,-0.0339306796967637,0.4275761525144843,1
2011-03-30,0.3099174014293028,-0.4227604666767537,-0.3547154911811044,0.4996908840065853,1
2011-03-31,0.8319746791497776,-0.5426857832678549,0.1725307827096979,0.7052392532204874,1
2011-04-01,-0.4951121130879308,-0.5947734391371968,-0.1526224533529195,0.5518318619635865,1
2011-04-04,0.4363247347801286,-0.5806065148370676,-0.1073321550912103,0.6530114035491938,1
2011-04-05,1.545276953453856,-0.3693148364639778,0.3242876981537581,1.0431467570188582,1
2011-04-06,0.2097259663430082,-0.3681191581149674,0.3711275487252731,1.061339337543256,1
2011-04-07,0.0689827736768669,-0.5327850570204653,0.6777176170327053,1.03704709214722,1
2011-04-08,0.7812267722525083,-0.4970546952980414,0.7936152465719067,1.2063386912826803,1
2011-04-11,-0.7345604183188846,-0.4324650575622982,0.5096106970964501,0.9472454878891832,1
2011-04-13,-0.5422197273301012,-0.8163626648887407,0.8394222162353545,0.7561545775551436,1
2011-04-15,2.1726500698940097,-0.4377881427989683,1.3858663032880645,1.3067872112043313,1
2011-04-18,0.582409124128937,-0.4344195470383678,1.403428227817912,1.4154280585681998,1
2011-04-19,-0.0222439397515679,-0.4762469486736143,1.15116365408002,1.3520550219230678,1
2011-04-20,0.3674732734724995,-0.4829086433713047,1.1104503351782888,1.4037177353593386,1
2011-04-21,0.1413957228630507,-0.4923086620035611,1.166790550401743,1.3884650516981922,1
2011-04-25,0.0662734069783092,-0.5342106319223292,0.961461057187733,1.3517024035254517,1
2011-04-26,-0.3563161292998554,-0.6097141221284083,1.076120777841386,1.2041433285931336,1
2011-04-27,1.8853087017997192,-0.3671188566560406,1.5429410848673126,1.6786189058390009,1
2011-04-28,0.3923184051706065,-0.4396038406193031,1.7779751580671224,1.7276993275489676,1
2011-04-29,1.6649260166721307,-0.3386580369173826,2.2701675523611753,2.131133693700062,1
2011-05-02,-1.3165100424825242,-0.0817860783063128,1.8538171388218645,1.687239237445946,1
2011-05-03,-0.3751222405932057,-0.0574584702739702,1.5491613740749457,1.5224759031264885,1
2011-05-04,-1.4666551804172192,0.1343239804649544,1.306614316586328,1.0614207394055983,1
2011-05-05,-2.947333532730239,0.7850355955155593,0.4800450892687404,0.224072348275232,2
2011-05-06,1.2448119573207646,0.7378620892346011,0.4079901904248463,0.5311847429648981,2
2011-05-09,1.3986723278197948,0.8355435456325995,0.694384390904457,0.8798031960186214,2
2011-05-10,0.3298439618068396,0.8368603515887768,0.757677760479042,0.9369496656614508,2
2011-05-11,-0.9457418504806472,0.8780084526880193,0.3417155872188204,0.6424410885221506,2
2011-05-12,0.0118617453539505,0.8378597774311528,0.5206194069362325,0.6162559007772191,2
2011-05-13,-0.6790686866004818,0.8495296404070546,0.4877191183618397,0.4058421438330594,2
2011-05-16,-0.2008874739389494,0.5760799413461417,-0.0758036851925733,0.3368051710547036,1
2011-05-17,-0.4564160225509547,0.5627149634753295,-0.3182621576855133,0.1937536365345686,1
2011-05-18,0.5699768585219436,0.5871755496514858,-0.180348541341856,0.3306851564681409,1
2011-05-19,0.0120714193708922,0.5766200155891026,-0.2632108797368777,0.3174790238536867,1
2011-05-20,1.2327501972520507,0.6745379976321146,-0.0078208896214148,0.6295307135544254,1
2011-05-23,0.2079384402674202,0.6768318447159598,0.0255353368295686,0.6605455083707735,1
2011-05-24,0.4903747311114192,0.6805671056578372,0.2258843723281566,0.7603411001586641,1
2011-05-25,-0.0289682373144111,0.4534327225074235,-0.2246765379974281,0.7187090971260734,1
2011-05-26,-0.2647541703541353,0.4426192796805991,-0.3773525554001436,0.6161476874439873,1
2011-05-27,0.9709976429515712,0.3087033254301637,-0.5375064902997655,0.8388148308867223,1
2011-06-01,0.1178977857617268,0.2014718247783535,-0.205224413963276,0.8252232092160406,1
2011-06-02,-0.2960305572501668,0.1980389566258718,-0.1867636805149476,0.7017510143620185,1
2011-06-03,0.4580519367115481,0.0492566076019257,0.2670128945557189,0.7892323349763268,1
2011-06-06,0.1506267530247473,-0.8264696672577899,1.0159994533390388,0.7938521541042696,0
2011-06-07,-0.062109871689548,-0.9531310323499782,0.6971953192552113,0.7396391392035344,0
2011-06-08,-0.4284695527375965,-1.1343629785220897,0.258420356329784,0.5920075419698776,0
2011-06-09,0.476980840012716,-1.1205527670310882,0.2934580766083591,0.686551500041417,0
2011-06-10,-0.9025486176511996,-1.1323659311609693,0.3037534809463237,0.4077938317742917,0
2011-06-13,-1.0118006112376363,-0.985707263156564,0.0609490662190888,0.1051934114721327,0
2011-06-14,0.58476432736186,-1.0167287475637723,0.361081014820773,0.2306739231203244,0
2011-06-15,0.2798836003683408,-1.0233488337180654,0.476253295042003,0.2739647106416469,0
2011-06-16,-0.1228482847279523,-1.05838261028948,0.5564880147465165,0.2130664592041253,0
2011-06-17,0.6265755260348289,-1.0513117203618478,0.570128562772078,0.3495487694245776,0
2011-06-20,0.0377403528223081,-1.0519873336857817,0.5763174437526867,0.3282258151726059,0
2011-06-21,0.4629867962239404,-1.2097595473605356,0.391413430571008,0.428237021078393,0
2011-06-22,0.1301584935947216,-1.2116610932617986,0.3728090742070166,0.4380030737046241,0
2011-06-23,-1.7923487748648903,-0.8156009426888786,-0.1668038332860034,-0.062180695996655,0
2011-06-24,-1.4338994266000284,-0.6139395646556345,-0.4928416666986063,-0.447167622657541,0
2011-06-27,-0.3851530731580971,-0.6084989857459513,-0.5205696733703946,-0.5538572467202184,0
2011-06-28,0.3270018808563295,-0.7127232053437417,-0.6683169415851261,-0.4772876636669865,0
2011-06-29,0.6182635654304819,-0.6601351868246946,-0.5536041722789349,-0.3153734426453368,0
2011-06-30,-0.8269510573600096,-0.6124174450100462,-0.6753032664618284,-0.5284060923320484,0
2011-07-01,-0.7575882362010907,-0.6177156125671706,-0.951533514553528,-0.7178237438942209,0
2011-07-05,1.822999330299633,-0.2571778505370489,-0.5706486490826654,-0.234943710299258,1
2011-07-06,0.8407733024741412,-0.1824117051409399,-0.3623518753607843,-0.012001459421346,1
2011-07-07,0.1387392342183051,-0.1906684650511768,-0.2305303509267117,0.0229850902898452,1
2011-07-08,0.7123304406468018,-0.1656437241289954,-0.1756142548492792,0.2070810407185714,1
2011-07-11,0.8653619866280257,-0.1745947352097305,0.2410665285126054,0.439637172591933,1
2011-07-12,0.7529137200122864,-0.243466728793628,0.6644082046338015,0.6411686230874419,1
2011-07-13,0.8702419838183231,-0.2152400158000063,0.733597133816212,0.8811332542295008,1
2011-07-15,0.6628671609629139,-0.1955000305579305,0.8267286660422136,1.0538541953581633,1
2011-07-18,0.8563391467385946,-0.1683618408547846,1.0664699260167692,1.274870232750058,1
2011-07-19,-1.2492556279378502,-0.0189026835738443,0.6092473456847067,0.905808346705756,1
2011-07-20,0.8529797926166464,0.018387042893619,0.8069034149069702,1.102746263328799,1
2011-07-21,-0.7876459690767003,0.0769032151720956,0.5043440113255401,0.8540490155282857,1
2011-07-22,0.8072054657296402,0.1117498846141609,0.6676686571681871,1.0522157884974577,1
2011-07-25,0.7559195604130494,-0.1819527911539709,1.2924023715491109,1.2347918485153278,1
2011-07-26,0.2505941925669237,-0.4539256272992924,1.714202603459669,1.2693195123879102,1
2011-07-27,-0.3904279808364415,-0.4531820506992001,1.7128706326189482,1.126313213068317,1
2011-07-28,0.0604008981883989,-0.4453301437582214,1.645642481394424,1.1058649820497548,1
2011-07-29,0.5922343960845949,-0.4466230120728807,1.6390883678406916,1.2299517948239718,1
2011-08-01,-0.3828715536428249,-0.5284749459758217,1.751141193775668,1.0806174759683926,1
2011-08-02,2.3577599349397613,-0.3197408507845416,2.551376251365219,1.6933898202604991,1
2011-08-03,-0.0408124951982157,-0.4632767571958794,2.069627816879118,1.628344078947544,1
2011-08-04,-0.5498167300388123,-0.3991233001975,1.7160007825981485,1.4292694529200916,1
2011-08-05,0.6661450062196791,-0.3959579176790423,1.8495413583879452,1.5725169598621649,1
2011-08-08,3.242722764746291,0.2301865641016034,2.5001343410729295,2.444832056667378,2
2011-08-09,0.8650981693965443,0.2301730772036778,2.5000656486323503,2.6285018050530846,2
2011-08-10,3.456112793978657,0.7719590529520803,3.213523439023948,3.567400743578517,2
2011-08-11,-2.2397917617319045,1.213059553814802,2.394349883198355,2.8184187965799077,2
2011-08-12,-0.4799509547788311,1.2578474477317474,2.099680595597296,2.6059214354086455,2
2011-08-16,2.2743638297833058,1.4187502612921268,2.4658150667013237,3.1953015083727565,2
2011-08-17,0.2647399219691707,1.257050563946984,2.8625046376095127,3.187584340163848,2
2011-08-18,1.85146535785116,1.3351393859718204,3.127429773454057,3.6487778949074063,2
2011-08-19,1.224328903716784,1.2380703446923833,3.669366624754098,3.9147035853035894,2
2011-08-22,2.522749768335121,1.3972252843996065,4.140151902513525,4.568116235376668,2
2011-08-23,-3.841941274691869,2.3372051020924376,2.8963568475492583,3.285871008689912,2
2011-08-24,-3.468177289434989,2.9442875812073397,1.9313861649274184,2.18187628670684,2
2011-08-25,0.3904067044387565,2.9202189391613564,2.13103560167482,2.211404331266162,2
2011-08-26,2.898445000988231,3.119744874504088,2.8699641275949466,2.964664958002172,2
2011-08-29,-2.0594571077803536,3.3506131515894473,2.1789145167094977,2.272291784604985,2
2011-08-30,2.9289512144388157,3.5166322387751223,3.0448675993985206,3.032008976358986,2
2011-09-02,2.2622678229591093,3.505818617663098,3.019495211239059,3.596111348486592,2
2011-09-06,-0.2079119971945073,3.5139337762017298,2.975154909500114,3.4157289066081273,2
2011-09-07,-3.2549959093405874,3.9379924847703833,2.2675454212917585,2.35713676549781,2
2011-09-08,2.6129649980734637,4.073168392333572,2.774851114107759,3.0236368654973527,2
2011-09-09,-0.6344464496518222,3.871596269259117,1.7741923484570998,2.723369240840785,2
2011-09-12,-2.2769802266592336,4.065575522259028,0.9912461427559632,1.956246381389415,2
2011-09-13,1.0303232471833614,3.747814176123875,0.4033962400113591,2.1449632056574495,2
2011-09-14,-0.7697158669107426,3.592031690373268,0.7579404297090678,1.8208592299277688,2
2011-09-15,-1.6201338111052204,3.680264281056975,0.4825047819584299,1.2733132266775515,2
2011-09-16,0.9077524948033516,3.544182333865675,0.1564830847195212,1.433569643036844,2
2011-09-19,-1.578998259794255,3.623001379544552,-0.2763596017711737,0.9016047753688676,2
2011-09-20,1.3924338244708137,3.572095168399075,-0.3828880434432462,1.20243406269491,2
2011-09-21,-1.2755444000137646,3.553262190267604,-0.9545308494577924,0.7713297848980004,2
2011-09-22,-2.67155579541124,3.464069408590893,-2.097563699054815,-0.0149004837723262,2
2011-09-23,-5.647586465771381,3.9578873325381903,-2.4811963833652024,-1.5123561269945056,2
2011-09-26,-1.420772208904323,3.7059112512962304,-2.0456706788749037,-1.8822095619626416,2
2011-09-27,1.8941741285641445,3.855117876762906,-1.7200582737117114,-1.422573028336784,2
2011-09-28,-2.8051836113359645,3.648947883984642,-2.92955168162089,-2.1269283529053187,2
2011-09-29,0.9203729384693592,3.651992912219976,-2.306269972039711,-1.9000507315913104,2
2011-09-30,0.2057046108038249,3.2589198558125823,-2.8766109178763815,-1.8474987176622284,2
2011-10-03,1.795295866056909,3.1710322894042857,-2.9728597904787866,-1.4076615611188796,2
2011-10-04,-2.1057726931531846,3.2295507358277735,-3.359438997700379,-1.9373431779840984,2
2011-10-05,1.1253075203380574,3.102953712210462,-2.4559999395447214,-1.6634636040999635,2
2011-10-07,-0.1979432835197759,2.7242919942135195,-3.0402918849977403,-1.7168060422953733,2
2011-10-10,2.5139120996767104,3.0847764644174,-2.384744557872148,-1.0889560555207498,2
2011-10-11,-0.7411961917498866,2.971625587178681,-2.0573955039626677,-1.2866915000374564,2
2011-10-12,0.6905792880234146,2.938715248007168,-2.13024501235803,-1.1221769243849642,2
2011-10-13,-0.6118040687092097,2.936099219332862,-2.0964156098979925,-1.288528961538954,2
2011-10-14,0.6530043343978799,2.9228997254208178,-1.6034739282681874,-1.1307598153297471,2
2011-10-17,-0.5005887195059056,2.8616368562881433,-1.910199738470035,-1.2683469948482855,2
2011-10-18,-0.5028886010825823,2.809269559791288,-1.6762213179497494,-1.3920363642476763,2
2011-10-19,-1.2465722452676296,2.7083156726397477,-2.245566043407526,-1.6971905056783456,2
2011-10-20,-1.344084451519587,2.7125815301411618,-2.2601536985125925,-2.0192608088763784,2
2011-10-21,1.0805048040965275,2.5993711862075535,-1.4466910443674377,-1.7371657665305096,2
2011-10-24,0.9133829625264644,1.2960198799274851,0.0512333525611907,-1.4827123429917608,2
2011-10-25,2.775479799139369,1.5329011397838337,1.062123343726178,-0.7532802169335188,2
2011-10-28,2.3815619794202028,1.6231403703097955,1.182310827205155,-0.1023477149917508,2
2011-10-31,-1.3751056948748772,1.2818243998995098,1.5383621284468685,-0.4513233138894174,2
2011-11-01,0.0016540631743467,1.2661346101733473,1.3090409841940245,-0.4369221374277561,2
2011-11-02,0.9761314940926554,1.2900830577749884,1.5012042277580824,-0.1564129638039214,2
2011-11-03,1.5384130923192,1.253371873206369,1.4369667583670551,0.2723429772227049,2
2011-11-04,-0.5300044567352445,0.9666385195124784,1.8336236494742515,0.1568648619300512,2
2011-11-08,1.53370364275496,1.0101515778354644,1.9374505811354092,0.6014705492681802,2
2011-11-09,-0.8668801026035996,1.078596626859513,1.767607413854983,0.4109247273821669,2
2011-11-11,1.069806575167887,0.8372288828175524,1.4048009736481433,0.7225655314883255,2
2011-11-14,-0.4599481235641922,0.8070452249175357,1.4750493109457237,0.5970254858879446,2
2011-11-15,0.0700646332645455,0.8005888310661503,1.3203237188291688,0.6191242214164839,2
2011-11-16,-1.094781306585254,0.8646708588112842,1.2005560690562225,0.3451743340834801,2
2011-11-17,-2.6263144487109535,1.2853911179969122,0.4024819925213994,-0.3328396064435939,2
2011-11-18,0.2883574313319272,1.2675358640185057,0.5920997785491724,-0.2139366346851361,2
2011-11-21,-2.5100941220660764,1.5891319023450494,0.1126054724086876,-0.8075519288945123,2
2011-11-22,1.078351926823254,1.550316504472952,0.6688849466874472,-0.4637828129674822,2
2011-11-23,-0.3129339098233807,1.4479804967218977,0.9197778743976704,-0.5018031520075059,2
2011-11-25,-0.8933147155612559,1.458611678464895,0.4417741541988364,-0.6727049606792319,2
2011-11-28,1.9345944699911184,1.5897185989016909,0.6879044901622496,-0.1099571744498063,2
2011-11-29,0.1276284845874987,1.2213611192160605,0.0548800065618357,-0.0382600827392886,2
2011-11-30,1.905922590013243,1.1113995565540769,-0.0570657634911652,0.5117214850598848,2
2011-12-01,-0.3164750381114741,1.0095701494118,0.1928204621824654,0.4562386401174021,2
2011-12-02,0.0896673532995876,1.0095479797588165,0.2137150975809841,0.5019441282068686,2
2011-12-05,-1.5048582351687845,1.0794952116335528,-0.3682871845385514,0.1275621573926802,2
2011-12-07,1.212814923226449,1.0266096099210291,-0.4436009455552668,0.4759081816943559,2
2011-12-08,-2.061136290142212,1.221916011390738,-0.7944949015197622,-0.044129525640355,2
2011-12-09,0.2303967357322148,1.0687337509368968,-1.0889722857971156,0.0471228620337141,2
2011-12-12,-2.7073667210502994,1.3649627573114422,-1.4983386146782318,-0.6434531348240846,2
2011-12-13,-2.231091618464858,1.423547433202876,-2.2139170075026415,-1.2120813747227384,2
2011-12-14,-3.593133141613666,1.862237080281171,-2.871625203270976,-2.0978390881480906,2
2011-12-15,-0.389073349319616,1.841339907889856,-2.966285945277782,-2.1636592184456944,2
2011-12-16,1.8630133195062757,2.099258463211542,-2.3487849463415182,-1.690555551413796,2
2011-12-19,-0.2543530540535259,1.8935843621072663,-1.8402172775058023,-1.7402852130155888,2
2011-12-20,1.3305572867023232,2.004176927796915,-1.6129169521953202,-1.3947624536860652,2
2011-12-21,0.0923229105074155,1.7864077854770128,-1.0348835103840028,-1.353791657607776,2
2011-12-22,-0.7372219151960686,1.712330052946576,-1.4397323062713554,-1.5306074884981,2
2011-12-23,0.1505863120062074,1.721856835479668,-1.3370713865347044,-1.477066074984281,2
2011-12-27,-0.9216422913366132,1.7235089890147073,-1.343359071874776,-1.6913015937590936,2
2011-12-28,-2.5580136354956458,1.685458213838231,-2.3183402468736696,-2.2849929907211655,2
2011-12-29,-0.4800082089369661,1.6650568800193748,-2.4468769658599605,-2.3621422711297653,2
2011-12-30,1.068944948553149,1.4978140708576164,-2.6226530263831824,-2.059211829126881,2
2012-01-03,2.5297641242629787,1.9331598472366556,-2.0188502330119507,-1.3981979502567117,2
2012-01-04,0.4829900630556825,1.9585237657648673,-1.9340503524229384,-1.2482562841291625,2
2012-01-05,0.6580019094461149,1.948143156677238,-1.4617314681304496,-1.0581271204046236,2
2012-01-06,-0.3904046153765557,1.83670322693578,-1.8128159931298828,-1.1383434315394765,2
2012-01-09,-0.4683856919212075,1.7018334470208991,-1.464042343309123,-1.2422820043746483,2
2012-01-10,1.335466979777273,1.812475399627692,-1.2187728594426854,-0.894809088335988,2
2012-01-11,0.6247175976361767,1.5384376970892526,-0.4625918588210359,-0.7267332103272667,2
2012-01-12,0.4212991810014063,1.3029543197809337,0.1576187962108947,-0.6084854385987752,2
2012-01-13,-0.7228166530492243,0.5517764647524749,0.8475883609065753,-0.771539679313732,2
2012-01-17,0.7530960316765752,0.5475956753909553,1.1277017751172602,-0.5389980344516943,2
2012-01-18,0.6605608608439291,0.3794114822677357,0.8328928556199421,-0.3399371615769848,2
2012-01-19,-0.2575967835000563,0.3796040411786763,0.8321023667988406,-0.3822439009819164,2
2012-01-20,0.503435846798795,0.2925932653152058,0.6313697565009699,-0.2197628900756933,2
2012-01-23,0.6478359229336558,0.3096515029491068,0.7660029757701708,-0.0123325518612694,2
2012-01-24,-0.7293477143259228,0.3086619188366492,0.7679167367598339,-0.1724622641517139,2
2012-01-25,2.66256112249418,0.6968799076935093,1.3861914063782133,0.5779397253886303,2
2012-01-27,1.4979166726228248,0.6778964108602006,1.9965902304426473,1.0089658990840311,2
2012-01-30,-0.5799311987070914,0.1342105514710503,2.5067083780288324,0.8742655119601328,2
2012-01-31,0.7363935830520404,0.0583844539188058,2.825449425177697,1.098948340325157,2
2012-02-01,0.1252579168049456,0.0513029736106188,2.5778325453124427,1.1533907932984568,2
2012-02-02,0.8523848331366467,-0.2804610665866973,2.143428743409265,1.401129462784529,2
2012-02-03,-2.035308295578627,0.1828835478428024,1.5047798164382644,0.8359570624110313,2
2012-02-06,-0.2969344002401322,0.198247791320916,1.2667808213043683,0.7614742223139949,2
2012-02-07,1.4733878185934337,0.25933968369957,1.7334155844775436,1.156272833338087,2
2012-02-08,-0.7316565113284819,0.294846677731098,1.6669720524449672,0.9472240046548877,2
2012-02-09,-0.3074227784057657,0.246396347711955,1.256273979595652,0.8570955483741141,1
2012-02-10,-0.5472017590921618,0.2791824397642314,0.9674087122143822,0.6992155085658,1
2012-02-13,0.1988087806128293,0.2757430246238675,0.9129487188538752,0.7572125181532967,1
2012-02-14,-0.2552621056844378,0.2293319066528296,1.0275346290608676,0.6921070621624704,1
2012-02-15,0.56821066108498,0.2174293095002651,0.9821597841826591,0.8622127459023821,1
2012-02-16,-0.0876780484875331,0.2070537687335875,0.7993805131803687,0.8496539267745442,1
2012-02-17,-0.409770987187479,0.2180998217856511,0.7623746219262814,0.7508854919256747,1
2012-02-21,2.1463664253868444,0.4722260411249449,1.1648988863902618,1.3434078932328102,1
2012-02-22,1.0938169572393033,0.5082418320673866,1.2753123887784124,1.6475292540433222,1
2012-02-23,0.0239903886614181,0.4444405935681997,1.462942062065238,1.635948851126262,1
2012-02-24,-0.4797421243561574,0.0571335976641797,0.6895721076985446,1.4854724062734077,1
2012-02-27,-0.3303467632343422,-0.0808669501873536,0.2506684167161265,1.3644790143655805,1
2012-02-28,1.014547263154562,-0.0502636522919807,0.6329997109476918,1.6059747081094562,1
2012-02-29,-5.469181739465349,1.685571739892668,-0.8212945120401157,0.0589648814206702,2
2012-03-01,1.3795695301303077,1.7907788171647947,-0.5345772727293464,0.3912873783324206,2
2012-03-02,-0.1843809766539688,1.7453714469166308,-0.771824242277753,0.3101552599028266,2
2012-03-05,-0.4377877127907111,1.5752020261609638,-0.4052286838702589,0.1618335291195674,2
2012-03-06,-1.81857657165009,1.7121000981987935,-0.7545440293269156,-0.3378463557662913,2
2012-03-07,0.5475546130056596,1.6066482437144298,-0.96449549404011,-0.2073193518042604,2
2012-03-09,1.643875567693582,1.7426307718086391,-0.4218643532442093,0.2064009209907677,2
2012-03-12,-0.8124588571739838,1.7644407572100054,-0.5383089918596281,-0.0353023804658685,2
2012-03-13,-1.714018254891822,1.870970842132124,-0.8050993369840492,-0.5090704030416735,2
2012-03-14,-1.718074211611084,1.9647030252210744,-1.2366869996565832,-0.9791144353845628,2
2012-03-15,0.9192940257720882,2.0237882238465428,-0.9732173594769667,-0.7682836528760552,2
2012-03-16,0.1141979029369626,2.0013938603845207,-1.0754260623998682,-0.7621276536852718,2
2012-03-19,0.1573220077669538,2.0069757963369783,-1.0203285833713622,-0.7331651390338313,2
2012-03-20,-0.9295749396537736,2.02714453757731,-1.1370655976626174,-0.979904585231453,2
2012-03-21,0.0276880950755884,1.761770030082772,-1.6066465102554357,-0.9745902460543118,2
2012-03-22,-0.4223907304072271,1.6583310365276185,-1.9366393752260012,-1.08537070871087,2
2012-03-23,1.1981773456988714,1.769823388296348,-1.6815228952389405,-0.784699528216192,2
2012-03-26,1.7383474423698724,1.9598647865487884,-1.1913431584189738,-0.339946701735936,2
2012-03-27,-0.7301066934660675,1.9693291713575976,-1.280492191604962,-0.5383917888581315,2
2012-03-28,-1.08735360410906,1.9145093643193296,-1.7434093562385204,-0.8208556513871257,2
2012-03-29,-0.1647030720543557,0.4469173364862691,-0.5561837535203736,-0.864270512660588,1
2012-03-30,0.4970686813189184,0.3174629799239121,-0.7580954266994749,-0.7340075481414713,1
2012-04-02,0.4821218721699663,0.3443900594072062,-0.6057678561117107,-0.606128639799618,1
2012-04-03,-1.9112346537582303,0.5437645851349396,-0.941166509236552,-1.093349427969101,1
2012-04-04,-1.712055251853443,0.5220571414572271,-0.9170846370999424,-1.5102975378390495,1
2012-04-09,1.341915702303414,0.6358195843658931,-0.7366874913418666,-1.1502963013820238,1
2012-04-10,1.0570909439119758,0.5216885662686714,-0.870082873754726,-0.8683976729497441,1
2012-04-11,-0.0408609091350236,0.4951707941099537,-0.6945109628571801,-0.8564276549057797,1
2012-04-12,0.9843224240525866,0.3914578599453233,-0.0697553670280176,-0.5733932458685677,1
2012-04-13,-1.1654471080318811,0.2807402730796955,0.0602899083651726,-0.8496424442601858,1
2012-04-16,-0.2649219339803659,0.2234514764408966,-0.21750442049612,-0.8848586405397278,1
2012-04-17,-0.1531655222171273,0.2223447012259649,-0.2797687011414929,-0.8895369950690691,1
2012-04-18,-0.610367179071942,0.2391659240798415,-0.4576273667595941,-1.005011365008729,1
2012-04-19,0.0530253044729616,0.1866392679867181,-0.2297327962695232,-0.9596953573162994,1
2012-04-20,0.0467063044148864,0.1868638031440131,-0.2252997662519861,-0.917714601754447,1
2012-04-23,-0.3171721486124742,0.1818018971668339,-0.2007587029786556,-0.9605989374930376,1
2012-04-24,0.1221929766616238,0.0652661596727216,-0.4505057154239728,-0.8940292763240862,1
2012-04-25,0.178364000143322,-0.2080583765136697,-0.807853314312935,-0.8151726152751881,1
2012-04-26,0.8569452095394365,-0.1564009760084282,-0.444255753355632,-0.5655107564755352,1
2012-04-27,0.1948050633394192,-0.2406517983086464,-0.1462652439926992,-0.4885990282792447,1
2012-04-30,0.2870054736842061,-0.2347310365178483,-0.040368498336305,-0.389931758050936,1
2012-05-02,-0.8220710124186376,-0.2063548242078699,-0.3482855000643126,-0.5766320858430741,1
2012-05-03,-1.0358181049883946,-0.1630857124081474,-0.6976154982083739,-0.8129009544418101,1
2012-05-04,0.2916863770192031,-0.4437068348731223,-0.1889026318153748,-0.705700281555839,1
2012-05-07,-0.2670245687126551,-0.7329289741725803,0.1509337150392542,-0.7313342670167339,1
2012-05-08,-1.97673858425594,-0.5462054800873657,-0.6222827673666538,-1.1836365733796226,1
2012-05-09,-1.00753710962017,-0.631977288693425,-1.090530072464883,-1.3771540943849243,0
2012-05-10,0.1717198460417017,-0.6191768021741415,-1.0427631996641678,-1.2724762930481242,0
2012-05-11,-0.806873633513279,-0.754360908107025,-1.4420847016602554,-1.4153417792382146,0
2012-05-14,-1.4846201442129678,-0.6849555774175327,-1.5124917375285956,-1.7156445772721824,0
2012-05-15,-1.078144898309304,-0.6298112610701933,-1.690869518321514,-1.9346603967792149,0
2012-05-16,-0.2093488450326924,-0.6319921638070596,-1.703139639544854,-1.9279585736905536,0
2012-05-17,2.1871516945480605,-0.0798182388176991,-1.083722426993622,-1.327706352508395,1
2012-05-18,1.116169545247872,0.0521006140203994,-0.8437417206584187,-0.9994152391779112,1
2012-05-22,-1.632824405465977,0.1959487667167864,-1.2216933749321044,-1.3787383675416165,1
2012-05-23,-0.3250818429207071,0.1960170484606709,-1.223458345573713,-1.417458707676156,1
2012-05-24,-0.160793956918303,0.1857123145400274,-1.2865123158403975,-1.4048028937378207,1
2012-05-25,0.8127645118312982,0.2548910862610667,-1.1449089772809662,-1.1512216423747768,1
2012-05-29,-1.1150802269348592,0.2082298837328222,-1.5821523593619036,-1.3944675936495807,1
2012-05-30,0.5651631415944826,0.2462730075270011,-1.500691935141684,-1.219615193289733,1
2012-05-31,-0.2132731683304581,0.2194071474941804,-1.6106570173096693,-1.237918401846302,1
2012-06-01,3.781344269935804,1.191013874989681,-0.5777205176061714,-0.2316207384135015,2
2012-06-04,-0.136553636204635,1.1434687252151354,-0.3703262484756625,-0.2476591226827611,2
2012-06-05,-0.1366942020870441,1.135886939301335,-0.4693548848243445,-0.268031802786398,2
2012-06-06,0.022282762169868,1.1348216522514345,-0.4025223101610677,-0.2460681112081687,2
2012-06-07,-1.7605293313654702,1.0923364899094976,-0.3524496077532196,-0.6879471166158488,2
2012-06-08,0.1264621485722109,1.042197282687195,-0.0880415711137035,-0.6263616073886363,2
2012-06-11,0.3839629382245215,1.0489836554097132,-0.0382199946609385,-0.4892957684824948,2
2012-06-12,0.6830715710536414,1.0330059170979695,0.3145207099909036,-0.2797027066251268,2
2012-06-13,0.3985593275021636,0.8906765333151002,0.7679466838979812,-0.1526810831727313,2
2012-06-14,0.3777963500038482,0.795674952944528,1.1244052762923582,-0.0335545787753399,2
2012-06-15,0.0347714551382472,0.7859579105216562,1.1846831917490412,-0.0036134607255489,2
2012-06-18,0.0347389556785636,0.5405174890636145,0.6582502847374103,0.0288629712815132,2
2012-06-19,-0.5108302492251134,0.4979515520302044,0.2677765274072473,-0.092895901093468,2
2012-06-20,-0.7820727805292679,0.3502536761838281,0.4711608695670085,-0.2913400847716684,2
2012-06-21,-2.5865771989125426,0.7868956221509769,-0.0656904229541296,-0.9397904196630644,2
2012-06-22,0.3846338103720711,0.7939249960038413,0.0626783039679254,-0.8059498005698871,2
2012-06-25,0.7085918833834497,0.7846042889897766,0.0381066961623457,-0.5902618814345818,2
2012-06-26,-0.7661819375668886,0.7439857731333396,0.120503540480232,-0.7513253916286495,2
2012-06-27,0.1152183703667306,0.7263603990822082,0.0142969164214605,-0.6885147870825733,2
2012-06-28,-1.193395395268709,0.8077242816757902,-0.2154066073372763,-0.9620294565161824,2
2012-06-29,2.6808138319543384,0.3422668002006927,-0.4706593401593252,-0.2350311408373538,2
2012-07-02,-0.086685085875459,0.3421511433710605,-0.4591537028233162,-0.2377510984427294,1
2012-07-03,1.4938621059209882,0.5027212149415208,-0.0797734548333399,0.1758597866668426,1
2012-07-05,-1.1587717688798114,0.5832568141686711,-0.3551855259136385,-0.1164467036366962,1
2012-07-06,-1.2953167555683585,0.4946923972001446,-0.2470900786125735,-0.4365875594581704,1
2012-07-09,0.1921383417529077,0.496466857836866,-0.2317891874861208,-0.3619267318689224,1
2012-07-10,-1.256390425159105,0.571153961199185,-0.6109562157286809,-0.6617827029545013,1
2012-07-11,0.5281552087567295,0.5564861884726245,-0.6464445799834794,-0.4898273889722546,1
2012-07-12,-0.2839632493150441,0.5380671398354852,-0.8021441645491532,-0.5288873365201056,1
2012-07-13,0.9881029689777766,0.6035639094606076,-0.6629690851641785,-0.2348277848379591,1
2012-07-16,0.0231491808996628,0.6033170264906472,-0.66562738697056,-0.2007345855354185,1
2012-07-17,-0.5031132032822251,0.6089290863455915,-0.7883100107510045,-0.3097381157946329,1
2012-07-18,-0.2961990219151482,0.6022955116328377,-0.7394323382529389,-0.3603443815784325,1
2012-07-19,0.1930717813732284,0.5818843904996059,-0.5160377516514374,-0.2835728611372034,1
2012-07-20,0.1665854032163044,0.1379610518653576,0.1265700934763419,-0.2252801484063361,1
2012-07-23,-0.4394560769852033,0.1426746305334383,-0.0676376422475041,-0.3312312857533684,1
2012-07-24,0.2973440937042575,0.1105971334285648,-0.1639564792261131,-0.2419793612874629,1
2012-07-25,1.3680585480320042,0.1981242521039368,0.3402420583414222,0.1233448198154886,1
2012-07-26,0.6816719558104695,0.2233490030882708,0.4758800208450334,0.2948103257538563,1
2012-07-27,0.4675548613728216,0.0986620663460058,0.878056129172625,0.4005797332311591,1
2012-07-30,-0.0920698260783504,-0.4480935197335903,0.2103506989216218,0.3534412430389623,1
2012-07-31,-0.6209239565246919,-0.4090892771729509,0.0838212239415208,0.1780636614616955,1
2012-08-01,-0.8883871353362516,-0.5647849893637872,-0.472234186872658,-0.057197862893389,0
2012-08-02,-0.6751839337958548,-0.6468795200907504,-0.3604263685037078,-0.2387234307355977,0
2012-08-03,0.8945424859470837,-0.732095708511062,0.1527048618116327,-0.0071512833108312,0
2012-08-06,0.4586030033416363,-0.7158432321821281,0.215913854104024,0.1052546007599252,0
2012-08-07,-0.03503928733382,-0.9182078367981664,0.5078004475110878,0.0892689661422612,0
2012-08-08,0.1056066532631052,-0.9403901894967852,0.4064132811688831,0.1047380905387961,0
2012-08-09,0.3030480771348485,-0.9541931533077728,0.5473779861012988,0.1748859070690048,0
2012-08-10,0.0986627028269365,-1.0551788904209527,0.3341105373510506,0.1882028726853581,0
2012-08-13,-0.7819660041239292,-0.9657240327838902,0.1426916957556793,-0.0113185502948952,0
2012-08-14,-0.5749095439333635,-0.9555383086348466,0.1256966237043698,-0.1517773864344241,0
2012-08-16,0.8950415074105237,-0.8868750696615872,0.4092627462398355,0.0963968432123564,0
2012-08-17,0.079870652537622,-0.8881702194308218,0.382170514617522,0.1256469394472804,0
2012-08-21,1.314694408882234,-0.725138980873753,0.6583729509955759,0.473649262311351,0
2012-08-22,1.0482753427608735,-0.6854365251138901,1.021029922869402,0.7472102144445004,0
2012-08-23,0.8148869202141382,-0.6499439498103944,1.148459447465339,0.955935632522689,0
2012-08-24,0.0271453907562627,-0.7915013275175572,0.8196542361294642,0.9499617069750655,0
2012-08-27,-0.3994470765997887,-0.7895788668520746,0.5577458840021686,0.8301445781961728,0
2012-08-29,-0.5004290548225756,-0.7649186262937901,0.3256365759695366,0.687973585633133,0
2012-08-30,-0.0658237666225127,-0.7658095467374738,0.3319004240188498,0.6664914239270673,0
2012-08-31,2.255867063772671,-0.3789309914221604,1.0285370339073476,1.2781518137057517,1
2012-09-04,0.1359009192687265,-0.4985390792421766,1.281455656810465,1.29624595962174,1
2012-09-05,-0.1256191025685873,-0.5725895419338307,1.418226950973874,1.2371078529172723,1
2012-09-06,0.3300137699444636,-0.6101793429841553,1.2777420700036772,1.2898770404446458,1
2012-09-07,2.1071757136312357,-0.3058230816179197,1.6902295089580728,1.8378670688913612,1
2012-09-10,-0.7071064085563828,-0.2232008724196402,1.521250677030186,1.5928430709805543,1
2012-09-11,0.3416126357214284,-0.227256663528572,1.5804606346634644,1.641104921434396,1
2012-09-12,-0.0103340777288612,-0.2178390314221491,1.501868695668346,1.5899222800732271,1
2012-09-13,1.9758244364297743,-0.0101569067835759,1.9763383388200664,2.0897678208349695,1
2012-09-14,0.2632904242208294,-0.1266376639553269,2.2444237448547684,2.11165847722878,1
2012-09-17,-0.8402260642809587,-0.0764749770008733,2.176110183076725,1.8201455200505507,1
2012-09-18,0.7491754566301342,-0.0853959586718688,2.1386298351144952,1.990425785278902,1
2012-09-20,-0.1678890716861923,-0.0663275314419332,2.0750930628013156,1.8913071568653073,1
2012-09-21,0.2630243635687428,-0.1326759705337644,1.807143376348391,1.9075287670802517,1
2012-09-24,-0.5526736977063448,-0.1098340602757754,1.4046192128612005,1.6944606341834074,1
2012-09-25,-0.1860195670505574,-0.117159660718724,1.1562181482725713,1.5815162498928836,1
2012-09-26,-0.5858125460369255,-0.0665889554176739,1.0053200035959695,1.3624419116510047,1
2012-09-27,1.4561909610109949,0.0120351285325925,1.464995507225943,1.712625444011787,1
2012-09-28,-0.2836114615510981,-0.0118557872783185,1.5192640536879418,1.5753608894627686,1
2012-10-01,0.210114501598491,-0.0228264179207917,1.5885006973544675,1.577821393962886,1
2012-10-03,0.0473654858226309,-0.3485426623899689,1.0396772919378507,1.531155773331929,1
2012-10-04,0.6711358694629124,-0.3322505578884893,1.1715747550522604,1.6564268074114727,1
2012-10-05,-0.5939392283594535,-0.2827441352928118,1.0561284524229728,1.426887589649404,1
2012-10-08,-0.3528845849820575,-0.2566732261974156,0.8887524934291052,1.2700461958098217,1
2012-10-09,-0.6400497499577279,-0.5693221652268692,0.2268510552219416,1.035417024004315,1
2012-10-10,-0.1099840410799334,-0.6270928448266313,0.3691753208481381,0.952094122683834,0
2012-10-11,0.2582430594042307,-0.6308640840371635,0.3492530641486656,0.9771114707202572,0
2012-10-12,-0.7601962871718249,-0.5631192367489194,0.1708084317308875,0.727792518138014,0
2012-10-15,-1.0325313929138165,-0.8936154833261459,-0.5317834158886098,0.4146130236056206,0
2012-10-16,0.611117247679439,-0.8496223623108441,-0.4516263735558228,0.5480646562299781,0
2012-10-17,0.0485352632301521,-0.9182606328918,-0.245539157179632,0.5241773839440794,0
2012-10-18,-0.4654564382155241,-0.9840468210213752,-0.5267318172526492,0.3581141271946235,0
2012-10-19,-1.1060094218847447,-0.8689500864814248,-0.7415844276700839,0.0229926904608955,0
2012-10-22,0.3423086839884519,-0.8604849789393842,-0.7235042678263227,0.0821095416596822,0
2012-10-23,-1.31310527071318,-0.7298685724321596,-0.8963252886789193,-0.2927017234779334,0
2012-10-25,0.3336605795597726,-0.7018305935963776,-0.7783614109095609,-0.2291599107066808,0
2012-10-31,0.4643049809741323,-0.68476076428151,-0.538112074433323,-0.1324823665225871,0
2012-11-01,-0.4786883744928141,-0.972385554256976,-0.9788303958690604,-0.2831739043817676,0
2012-11-02,-2.1331854380707553,-0.5789517176770935,-1.3922183952513931,-0.8552959857427346,0
2012-11-05,0.3643307202457023,-0.5609338453280426,-1.3580419056685356,-0.7771753674531029,0
2012-11-06,1.840475880132703,-0.1719662477566325,-0.9567687258070826,-0.3221653623050942,1
2012-11-07,0.0919069932010136,-0.2307628966800843,-1.0871799142078986,-0.3233415715829137,1
2012-11-08,0.8743886443318406,-0.1477494667149247,-0.7551155576860403,-0.1202682419023726,1
2012-11-09,-0.1234580717486674,-0.1510155997948191,-0.7027884385055648,-0.1759198508631799,1
2012-11-12,-0.2428969693940268,-0.1712006622999139,-0.6119223035763844,-0.2566339712307549,1
2012-11-15,-0.8374813675456994,-0.1314727512651443,-0.7780947285898044,-0.4858475080292849,1
2012-11-16,-0.1487156397782195,-0.1468185852174122,-0.8705247391842377,-0.531429984247167,1
2012-11-19,1.1698907705058534,-0.0402738487940679,-0.4287971713880075,-0.2362300684268892,1
2012-11-20,-0.3084945693073947,-0.1104572329716839,-0.2608790094101997,-0.3337685138117515,1
2012-11-21,0.0792300691687036,-0.1462862936368484,-0.3843524311414573,-0.3289997797697084,1
2012-11-23,1.1933861774334678,-0.0222974335626359,-0.1177671177282631,-0.0216128918971975,1
2012-11-26,-0.1283966958445584,-0.0375119072278593,-0.0386972589356307,-0.0658094389802834,1
2012-11-27,-0.447958646076617,-0.1214247654796742,0.1164433928534436,-0.1935485942540807,1
2012-11-29,-0.9329785922016686,-0.0608335625798162,-0.183290359827506,-0.4425068226344529,1
2012-11-30,-0.7002327846231468,-0.1597470230795509,-0.0397227047314716,-0.6136140345523483,1
2012-12-03,0.0259083518079896,-0.1695661656565246,-0.1119248251458909,-0.5973645438606977,1
2012-12-04,-1.0565642194649192,-0.1094297879129831,-0.4654924995068517,-0.8569342038209395,1
2012-12-05,-0.2048133719791696,-0.1208006666399117,-0.4022192198734856,-0.8926850596580275,1
2012-12-06,0.2089550336638921,-0.512714605984994,0.1460238076409406,-0.8115505879586996,1
2012-12-07,0.3780427801897073,-0.5118198686026332,0.1492714654325951,-0.6864467575335682,1
2012-12-10,0.3643856601691312,-0.8573274567462563,-0.1977911791257017,-0.5706876586851445,0
2012-12-11,-0.1127317943189475,-0.8588553135972304,-0.2455032453370976,-0.575523778850692,0
2012-12-12,0.0501547356294799,-0.9640758124647766,-0.4366896542132217,-0.5386556851732998,0
2012-12-13,-0.870107262040114,-0.8933821204437216,-0.6085242838705792,-0.7373399469881701,0
2012-12-14,-0.1683098228803631,-0.8948285150464322,-0.5914163622029622,-0.7539731476083159,0
2012-12-17,0.166390506087546,-0.9528285753110668,-0.3599137169759234,-0.6849373992374976,0
2012-12-18,-1.4673522553065097,-0.7381093820939746,-0.6635267452480649,-1.0367393152354385,0
2012-12-19,-0.263078074561783,-0.9459400854419988,-0.98895528383449,-1.0660884285206067,0
2012-12-20,-1.241459687510304,-0.8260551167314316,-1.1983390183959783,-1.341639643199006,0
2012-12-21,0.3525696207707205,-0.7971398161864618,-1.137196157870994,-1.209094248813743,0
2012-12-24,0.1584074060187639,-1.032905485455914,-1.367829510333741,-1.1263546556745592,0
2012-12-26,0.0772907827636968,-1.0189015292162114,-1.3221842908451664,-1.0610090898884286,0
2012-12-27,0.2137522283500808,-0.9935075902584262,-1.1747017639644188,-0.9643810765438896,0
2012-12-28,-0.4075793800990495,-1.052022478942776,-1.0569031916026144,-1.0282113452172683,0
2012-12-31,0.8951333726516769,-0.937968216373822,-0.695391991757704,-0.7618985349499567,0
2013-01-02,0.6848069548745658,-0.8617459096007546,-0.5443934365443532,-0.5523467730318838,0
2013-01-03,-1.2365318647084342,-0.8189321592845242,-0.5857351270368429,-0.8381193353751949,0
2013-01-04,-0.4946676917699215,-0.8043471151997882,-0.652163426459801,-0.930627118734534,0
2013-01-07,-0.6535559160157439,-0.7916734709842429,-0.8486966766101559,-1.0659849796651044,0
2013-01-08,0.6838073454009298,-0.7440500271605205,-0.7792185583407681,-0.855276203105259,0
2013-01-09,-0.0658319107847493,-0.774784080984242,-0.8769150279650739,-0.8380460088936527,0
2013-01-10,0.9015768023623748,-0.6536457621793055,-0.6459048549166905,-0.5747613427125775,0
2013-01-11,-0.5916503606672898,-0.63756122359014,-0.792349057745162,-0.7052446783215304,0
2013-01-14,0.2752402278354615,-0.6758395195147245,-0.530348810921202,-0.608026515142043,0
2013-01-15,0.6069940306733964,-0.6258676103347168,-0.3512853110015027,-0.4330608037574876,0
2013-01-16,0.033084889954881,-0.6306327429422693,-0.3821724047157398,-0.407579534523392,0
2013-01-17,0.4070741580644813,-0.8346799271236766,0.0559397828297414,-0.2824868817959851,0
2013-01-18,-0.181493006100598,-0.8392145286485322,0.0751959594625477,-0.3151457907573537,0
2013-01-22,0.3326441760062348,-1.0373127541352425,0.4498183024997098,-0.2242324631735966,0
2013-01-23,-0.3035973675811215,-1.0273362387822371,0.2929392794554731,-0.2990152496854779,0
2013-01-24,-1.1247001874625655,-0.8641225582356337,-0.0108716137534996,-0.5746436156071522,0
2013-01-25,-0.5002508944878256,-0.8373338368120463,-0.1463529815746334,-0.6813656068116335,0
2013-01-28,-0.2465133824734091,-0.8396079270198029,-0.2537643516183312,-0.7154522760907367,0
2013-01-29,0.4133813926269374,-0.833613716606814,-0.0618318770014718,-0.5793673985302972,0
2013-01-30,0.7201393123544009,-0.8669568951059717,-0.1028760348524907,-0.3664698499699618,0
2013-01-31,-0.6343164732156649,-0.8903864406773916,-0.4099698664513955,-0.5123990291903866,0
2013-02-01,0.1326730145062357,-1.062847306205251,-0.0911369683459677,-0.4572267856784753,0
2013-02-04,0.3177325472910809,-1.0832259923312924,0.1001129897760869,-0.3482366269752678,0
2013-02-05,-0.0469262728405217,-1.14823161741929,0.243938783676064,-0.3371296053571868,0
2013-02-06,0.242812229951282,-1.2007404303230742,0.1392966942441454,-0.2498519953475623,0
2013-02-07,-0.3614025451741272,-1.1802454961801976,0.0694197720992592,-0.31465251385187,0
2013-02-08,-0.1891542865530403,-1.298708911733831,-0.1866633103678136,-0.3333182819708518,0
2013-02-11,-1.1860195669261582,-1.1514005230123416,-0.3250383183872113,-0.6112100671116311,0
2013-02-12,0.0966217654833416,-1.1642304765816889,-0.3664619396222295,-0.556382440442126,0
2013-02-13,-0.5488185551514672,-1.207905600698974,-0.6327262051640857,-0.6719637466533566,0
2013-02-14,-0.4631848876815761,-1.197621321366693,-0.7461104513576813,-0.7621650080568192,0
2013-02-15,-1.6708629496709837,-0.9622653335991952,-1.2147976002838057,-1.1614902577128412,0
2013-02-19,-0.2985979712470812,-0.9629321417419158,-1.2409222308755845,-1.2045583430237614,0
2013-02-20,-2.557666997126462,-0.4787652698482074,-1.876109717111342,-1.8064816636886951,1
2013-02-21,0.7536685091176737,-0.3587153798403923,-1.6458877507289245,-1.5720141582761524,1
2013-02-22,0.2067516878196356,-0.3914959439050484,-1.3524757289569391,-1.4736147531363728,1
2013-02-25,0.8690803110514909,-0.2829147509229426,-1.046612210110914,-1.2102380613969252,1
2013-02-26,1.1881013470498167,-0.1228680092529544,-0.7216405872166118,-0.8669563834167986,1
2013-02-27,-1.083719221344444,-0.0870021577129196,-1.0606609185220963,-1.1100055929841444,1
2013-02-28,-1.0428355247358918,-0.1181243780686216,-1.4534333531987242,-1.3360703400356464,1
2013-03-01,-0.3888091301664014,-0.1263425579150741,-1.3991511261283491,-1.3912929217875822,1
2013-03-04,-0.1140956437140436,-0.1392393025308785,-1.453711888764853,-1.3835042482913993,1
2013-03-05,0.0302545118505112,-0.1628779321795554,-1.517103919670918,-1.3403603649261395,1
2013-03-06,0.533837399753414,-0.109453977805271,-1.388851086540739,-1.1770952429169523,1
2013-03-07,-0.3751600296243256,-0.134661187395361,-1.525295501111395,-1.243022300197149,1
2013-03-08,-0.0091477719354027,-0.126768180767976,-1.447623227422121,-1.2141789982229114,1
2013-03-11,0.1608826124927564,-0.1101511247947832,-1.3701684066268935,-1.141967468511858,1
2013-03-12,0.7588080068745192,-0.0997637214475912,-0.9348498390228736,-0.9175141387230422,1
2013-03-13,-0.3664564475845084,-0.1053758242255218,-1.0392719786748512,-0.9842404952482268,1
2013-03-14,-0.0092403637749999,-0.1116854021393968,-0.9175528213596308,-0.9536273789751964,1
2013-03-15,0.185702425710676,-0.1075564005179452,-0.7703027152629827,-0.8696033236784374,1
2013-03-18,0.869585443484548,-0.2363735765439836,-0.1845215373156235,-0.61743537965927,1
2013-03-19,0.4271064315013828,-0.2263338248617367,-0.0144354854327364,-0.4846846795590124,1
2013-03-20,-0.4780345693222532,-0.874810409034123,0.4798707272245476,-0.591149484896582,0
2013-03-21,0.5423697910804138,-0.9022814934901158,0.4291766831249918,-0.4279636833660901,0
2013-03-22,-0.4711043238563952,-0.8684634398870797,0.2672692139885089,-0.529881405393532,0
2013-03-25,-0.2216699885666484,-0.9442665757647684,0.0090346434714613,-0.5598755223030862,0
2013-03-26,-0.3576664256793957,-1.1235451735529942,-0.3521327180978404,-0.6268566813515937,0
2013-03-28,-0.1968518517481195,-1.2758223889968745,-0.1456000391956737,-0.6490321739161894,0
2013-04-01,0.1200507134747931,-1.4532521095479152,0.1280029076276803,-0.5853556811334578,0
2013-04-02,-1.4806131865485013,-1.134400337628828,-0.1289670515126665,-0.9321057109655096,0
2013-04-03,-1.143413576472197,-0.9772033345216722,-0.36867338755782,-1.179939934703957,0
2013-04-04,-0.3144912855490573,-0.9720783811162108,-0.4484072040112475,-1.2130058714949936,0
2013-04-05,1.6400808311694708,-0.6804112965555995,-0.1915744673557226,-0.7467950409972272,0
2013-04-08,-0.4483751370544648,-0.6746211734662942,-0.2086605335751075,-0.8210295695188146,0
2013-04-09,0.7500111377269497,-0.6129187314904322,-0.030887822746508,-0.5919302636531195,0
2013-04-10,-1.725178793452732,-0.347589749130627,-0.4700711086774062,-1.0027003790541558,1
2013-04-11,0.1765014628888189,-0.4092223798279164,-0.6039999477976035,-0.9204628690743062,1
2013-04-12,-4.835191160526089,1.0601576535837085,-1.6062378716849737,-2.085243366592308,2
2013-04-15,-9.20980020499772,4.00309816745621,-3.533876369042512,-4.1699956297437675,2
2013-04-16,1.105727611832873,4.083827599102036,-3.3490037515278095,-3.8279314142397345,2
2013-04-17,0.0304301236794868,4.020449399736606,-3.5176942537856712,-3.7299369012216905,2
2013-04-18,1.0479079498497237,4.078494791120172,-3.393034526969769,-3.396316726867986,2
2013-04-22,2.622168060654271,4.404807969529356,-2.758781075308871,-2.691390379196744,2
2013-04-23,-0.7644130712023903,4.363647066152158,-3.028528614061758,-2.789531940154682,2
2013-04-25,3.38799987897991,4.811056385457608,-2.2216494226151915,-1.8879233696436817,2
2013-04-26,-0.5317445804591093,4.808978918387927,-2.2876382626318077,-1.946888570233739,2
2013-04-29,0.9590520365696692,4.864806697884341,-2.006003146068122,-1.643080141416124,2
2013-04-30,0.3073948933713871,4.878089316808411,-1.897162840930165,-1.5021921818690038,2
2013-05-02,-0.6191989947995512,4.870668469644665,-2.0565406570908435,-1.5955739217351794,2
2013-05-03,0.0974304406446215,4.846643061250759,-1.7148908041891568,-1.5103648346358018,2
2013-05-06,0.0199586323991951,4.832792196649985,-1.4595420872613754,-1.4534638298078808,2
2013-05-07,-1.2748145011592658,4.856723019337677,-1.670537347291339,-1.719454808384026,2
2013-05-08,1.4481077186633835,4.836644602771489,-1.7124737419561264,-1.3162467813585992,2
2013-05-09,-1.1868557562019957,4.853870028348052,-1.8730456631978043,-1.5719494808707952,2
2013-05-10,-0.8849880664029127,4.819561364851161,-2.224360344155314,-1.7440526774054763,2
2013-05-13,-0.8636241006651907,4.780462600410919,-2.039953066656913,-1.901015677114676,2
2013-05-14,-0.4709820596717929,4.769113815923604,-2.1786888014372767,-1.9508628445018212,2
2013-05-15,-2.356053873161857,4.320114590633955,-1.642584578493294,-2.459690109388686,2
2013-05-16,-0.424027108333481,1.195018455809569,0.3680195256689477,-2.495008954148125,2
2013-05-17,-2.299472603714592,1.4061891058581026,-0.4322900036513865,-2.974206421967417,2
2013-05-20,3.0199437451092876,1.849031763249069,0.2688554419705853,-2.178410202061028,2
2013-05-21,-1.693380574603215,1.9275849102966696,-0.3748674298951702,-2.5225867192978093,2
2013-05-22,-0.7319369500389291,1.5812580100613394,-1.138856913697336,-2.623948864740267,2
2013-05-23,1.9805548178205532,1.78542319510549,-0.515526787643284,-2.0719310956116233,2
2013-05-24,-0.6555010193766055,1.1486962654129742,-1.4278184792916124,-2.163892273732412,2
2013-05-28,-0.2242289039964412,1.1461018857253196,-1.3597260532814917,-2.147100844666246,2
2013-05-29,0.976248269128914,1.1484552663752587,-1.3559121470078066,-1.8318929419711412,2
2013-05-30,1.3547119774733003,1.2711721326397565,-1.1223894038495823,-1.4248613589137016,2
2013-05-31,-2.0761970102662644,1.4320554396629976,-1.446596052644915,-1.8732384804839288,2
2013-06-03,1.892664831003274,1.6547348665621475,-1.0464479013676355,-1.3276819767208068,2
2013-06-04,-0.964024512853674,1.675861487834542,-1.266662145985332,-1.495459379829016,2
2013-06-05,0.1919134233079882,1.6328518772875469,-0.9376150555883574,-1.3674502270311863,2
2013-06-06,0.7200275631078699,1.5407720954803563,-1.1015566753179,-1.1091479434481293,2
2013-06-07,-2.430689557400625,1.7253467793843142,-1.378882869250117,-1.640203481091447,2
2013-06-10,0.4715761821729165,1.732533773506079,-1.076251247907877,-1.4374837683719512,2
2013-06-11,-0.5385674545837617,1.7178439429625991,-1.0031234303027083,-1.4891253177599948,2
2013-06-12,0.725183008838943,1.752674939556978,-0.7319660497680514,-1.2239294089306272,2
2013-06-13,-0.4027292906274115,1.5131094453797032,-0.2821341246931134,-1.2454386511489466,2
2013-06-14,0.4921813468022286,1.5191417250112815,-0.0680926774652046,-1.0383484194770027,2
2013-06-17,-0.5142482735742081,1.2563621464954169,0.3546427079878212,-1.0959430936418326,2
2013-06-18,-1.2554094134749747,0.8214189290720882,-0.645279337280099,-1.3432984252998927,2
2013-06-19,-1.1942381952268573,0.7419902033037019,-0.5307324278210893,-1.568594986166417,2
2013-06-20,-5.52168578056866,2.140274206430696,-1.6066842716806322,-2.820279796387929,2
2013-06-21,1.1436964461670172,1.9993271306132328,-1.7894395125354372,-2.441889294530025,2
2013-06-24,-0.9216339598921264,2.0085402548529574,-1.8472384005448168,-2.5560273375067055,2
2013-06-25,-0.3939916356337454,2.0070565894692347,-1.88402725712187,-2.5488211040648117,2
2013-06-26,-4.31521864658977,2.5061254041162977,-2.9999598125689024,-3.457470728887155,2
2013-06-27,-2.0197870658334787,2.38943778835946,-3.681383367421949,-3.8247709818304343,2
2013-06-28,2.6743502750585177,2.7724758964438245,-2.715419831770025,-3.152028581219136,2
2013-07-01,1.6589045816543115,2.729966749656593,-2.7640334799713444,-2.708021726013309,2
2013-07-02,-0.9175541781245344,2.728822573713924,-2.754378387619951,-2.8774141925867855,2
2013-07-03,0.5506827855992945,2.7556158357053206,-2.6796859799819055,-2.690565839891909,2
2013-07-05,-2.240775418645522,2.775143030193871,-3.2881490167573633,-3.150534500676935,2
2013-07-08,1.1726775471697946,2.782892456764245,-2.5452383458299392,-2.802654111400055,2
2013-07-09,0.9019654930909784,2.823223945748143,-2.454700867805708,-2.502102704525321,2
2013-07-10,0.2508764326451566,2.845834792250123,-2.2876154071284263,-2.3615261443841185,2
2013-07-11,2.660689240563418,3.1487222761292495,-1.872339555473278,-1.6261218960407613,2
2013-07-12,-0.1107935206684696,3.1517306346821807,-1.8090020188907108,-1.5767762929360432,2
2013-07-15,0.0180178268207969,3.129465161514399,-1.9117814994773656,-1.4979633869706317,2
2013-07-16,0.5476946460510093,3.1602431777432805,-1.680916633244685,-1.285700203928258,2
2013-07-17,-1.2869121521800315,3.162258013928102,-1.6878006391456328,-1.5340104481334238,2
2013-07-18,0.5355393109493309,3.161592667714848,-1.3065790164006197,-1.3280480821305087,2
2013-07-19,0.860585527729279,2.059572466688382,0.1584682190766863,-1.032518460201389,2
2013-07-22,2.9146067791033228,2.35163092137143,0.5818332247759893,-0.2133184980508191,2
2013-07-23,0.6505344602548402,2.3124515098991623,0.9640220511979262,0.00774589828918,2
2013-07-24,-1.7558595972639794,2.4512010290231045,0.6326089965203757,-0.4091679122547549,2
2013-07-25,0.9066034077610527,1.538567058362798,1.9282574090326308,-0.1243233462524328,2
2013-07-26,0.0631825863350879,1.2346207298695475,2.464268497588949,-0.0770892811928796,2
2013-07-29,-0.263175457191878,0.9843958673129966,1.7115648187436767,-0.1181426426761955,2
2013-07-30,-0.2949700272554202,0.9002187676586901,1.223018906962783,-0.1787171212754011,2
2013-07-31,-0.1471616844559574,0.8269069067593534,1.414508058385792,-0.1822408459354501,2
2013-08-01,-1.0825241178505092,0.9266700452778088,1.0103019105801436,-0.4377845333631007,2
2013-08-02,-0.2198324299837908,0.5585879051761966,1.5114436360568104,-0.4669315626415379,2
2013-08-05,-0.5457647209531561,0.5496458939513306,1.0846710810045113,-0.568121716770142,2
2013-08-06,-1.407646987852179,0.6740975002905576,0.5225170272284175,-0.8900904542788342,2
2013-08-07,0.122800824303895,0.6728976016905631,0.4917221870541249,-0.8142244647018524,2
2013-08-08,2.13642233869414,0.5191296629259916,0.3660765429980336,-0.2124099367589262,2
2013-08-12,1.7507431133990086,0.6827587460054964,0.81521178892317,0.2966802111807033,2
2013-08-13,-1.1041719330094957,0.7774146929401355,0.543459103555145,0.0305739398033794,2
2013-08-14,0.9589881676611628,0.8082032467600463,0.6427051580405763,0.3279655210448684,2
2013-08-16,2.714261676318391,1.0276548729984154,1.6298073396692463,1.0940603422572288,2
2013-08-19,-0.4529670787874842,1.057882015596854,1.3822527514599232,0.989329827204644,2
2013-08-20,0.3104049076507138,1.0389138491293752,1.2455260688608951,1.1001639517160329,2
2013-08-21,-0.3094568987146293,0.6095398130760212,0.4592563096074002,1.0252946137778047,1
2013-08-22,0.5363142939101442,0.6023662025053182,0.4318632443362886,1.1865242048110771,1
2013-08-23,1.5386747616848775,0.4799683457977522,1.234686044115044,1.620386723218846,1
2013-08-26,0.3845082079950635,0.4523853460754832,1.1056894018297894,1.7310626754867882,1
2013-08-27,0.9326388664858236,0.4802792696790057,1.320884243594059,1.9917010257452212,1
2013-08-28,-0.0514843720389022,0.4679344467003205,1.3735627952006362,1.972877024775149,1
2013-08-29,-0.6383892993589608,0.5017565832331439,1.288160426536243,1.786238042698319,1
2013-08-30,-0.9462023479953192,0.5843185163455266,1.0905847582736767,1.5115774387418237,1
2013-09-03,1.3055685945221445,0.5290416007868166,1.68580353500033,1.864445333681657,2
2013-09-04,-1.320350815879194,0.6818082660024097,1.4097384781333,1.4445519360354326,2
2013-09-05,-1.8653724947529655,0.9138991097571562,1.082696849700406,0.8963128035778968,2
2013-09-06,1.441548570324403,0.818873956911065,1.794261722592893,1.2604768008039398,2
2013-09-10,-1.8344824656539311,1.083402459240694,1.303268437230621,0.7195653027260608,2
2013-09-11,-0.0526081195185219,0.8788149347662428,0.7654088542342716,0.6533018655726993,2
2013-09-12,-3.129024999768224,1.2743137390960726,-0.3920247818928477,-0.2373298906932472,2
2013-09-13,0.0951409887395886,1.216494667024312,-0.112774036259999,-0.2422612606719762,2
2013-09-16,-1.099505191161587,1.2164247775142083,-0.590028590144394,-0.5493402740742206,2
2013-09-17,0.0172792833161484,0.7392452294113565,-1.2006253825817998,-0.5653657232500515,2
2013-09-18,4.239919735181969,1.7495005117747204,-0.1274303910775237,0.5317174400501392,2
2013-09-19,-0.2193254599037202,1.74548093117599,-0.2511097261790584,0.4198699682531676,2
2013-09-20,-2.940154608806646,2.1030365549133303,-0.855698744741406,-0.3994300359193047,2
2013-09-23,-0.3430648281291937,2.08022720890859,-1.0542761557192155,-0.5124750878279889,2
2013-09-24,0.0639323790655844,1.9418800339206144,-1.3833996165691362,-0.5171008610558476,2
2013-09-25,0.8587341017396874,1.980306883022333,-1.2780941005679614,-0.3026361734046792,2
2013-09-26,-0.8014756367676145,1.9208519576058636,-1.6607531365394004,-0.5236941970236936,2
2013-09-27,0.8966138937833154,1.9852722663673017,-1.4523633755765502,-0.3001818071595559,2
2013-09-30,-0.6364826068199491,1.985217423459245,-1.4519422945859066,-0.4762360928055952,2
2013-10-01,-2.862046950612822,2.240573054083407,-1.8710199412593744,-1.2200799656836192,2
2013-10-03,2.034604499157076,2.3653643485674345,-1.7124943066834013,-0.6999399035712204,2
2013-10-04,-0.534477770419467,2.328216885853298,-1.5403099186067573,-0.8393110857170725,2
2013-10-07,0.8509127955402753,2.273687903074612,-0.934639609276494,-0.6062261838729381,2
2013-10-08,-0.2103876562337975,2.1542827444245383,-1.3049430168712333,-0.6462548627634516,2
2013-10-09,-1.039637966968349,2.073499976782644,-1.127531806910252,-0.9061629666682186,2
2013-10-10,-1.4915675693605397,2.1352188843308806,-1.4476798996610416,-1.267424543973568,2
2013-10-11,-1.374767462019653,1.8259686994855175,-1.0567648246069412,-1.5872044577256554,2
2013-10-14,0.1651248145635971,1.8282417397891488,-1.0410270345821802,-1.5177342655984167,2
2013-10-15,0.7075715215111327,1.8249416617814236,-0.6308174023329597,-1.3147494792759178,2
2013-10-17,2.915502704281225,2.214449213804704,0.0427656231611478,-0.5508434088597425,2
2013-10-18,-0.4704428011585067,1.3435933971105771,-1.0421658249025092,-0.6694877226055762,2
2013-10-21,0.0801577834194434,1.3480571419048386,-0.9746975975255284,-0.6451632911176841,2
2013-10-22,1.8186594846414657,1.1086406021096158,0.1249507743870689,-0.1730432940295668,2
2013-10-23,-0.5258958813268767,1.1178857033145708,0.0817288673099428,-0.326488723128575,2
2013-10-24,0.9133001695901154,1.159054004576771,0.2831935058195344,-0.1008086939361656,2
2013-10-25,0.4078020365446085,1.1306328420780078,0.1760221582306139,-0.000382534606137,2
2013-10-28,0.0543469265464387,1.0895897030687218,0.3798350985270153,0.0142753049989924,2
2013-10-29,-0.6289677345679963,1.0749147413554645,0.0177325930850638,-0.1566666204810736,2
2013-10-30,-0.1532873124126343,1.0526023870791146,0.1318234242861745,-0.1941080030447292,2
2013-10-31,-1.4673697021184438,0.6874070731213241,0.4642409570109176,-0.5571375204431568,2
2013-11-01,-0.6424094623371595,0.4607153051299979,-0.1697525974694224,-0.6993674454851219,2
2013-11-05,-0.3298250779589508,0.4496489221832511,-0.1218820515856332,-0.7559937942115724,2
2013-11-06,0.4820083047508499,0.4151568958183052,-0.208102096954234,-0.6042591188060692,2
2013-11-07,-0.8429458401252,0.4551314418507434,-0.3552045499698303,-0.7920957558437762,2
2013-11-08,-1.523151521750148,0.5313479116370577,-0.4670204312074767,-1.1382204256131478,2
2013-11-11,-0.3525802266986127,0.4020888710426781,-0.2027555446311296,-1.1769645744947224,2
2013-11-12,-1.1748629261084007,0.368259649372791,-0.1560628179327116,-1.414839165531211,2
2013-11-13,0.3037841418002214,0.3731854868686767,-0.1236205611926833,-1.276551441656624,2
2013-11-14,1.1266374466474216,0.4259462274108018,-0.0252973453509942,-0.933983335439487,2
2013-11-18,-1.1304441494990416,-0.174434417982954,-0.9575744527318634,-1.1727175101666716,1
2013-11-19,0.0184144854468986,-0.177343290344859,-0.8469245265930065,-1.1079738103486896,1
2013-11-20,-2.350143966403982,0.1642004937305686,-1.3917060249132902,-1.6431105618203297,1
2013-11-21,-0.1721585732147046,-0.2039582088504181,-1.8282085696466712,-1.6322664274883836,1
2013-11-22,-0.0389185406200432,-0.195309554458374,-1.7222366948783132,-1.5798079017498323,1
2013-11-25,0.4269019362705998,-0.2839281024753619,-1.8280828555440096,-1.420687309907752,1
2013-11-26,-0.554785469385971,-0.3438538222714015,-2.0360415810984502,-1.5081900791715248,1
2013-11-27,-0.3230507625548805,-0.3659061576335187,-2.11703021398829,-1.551423448677475,1
2013-11-29,1.010076779954928,-0.1891095269359889,-1.7630649069057034,-1.2598441410970962,1
2013-12-02,-2.640316399500006,0.1812222635908638,-2.2978941960051467,-1.8862929264681805,1
2013-12-03,0.3003132135151387,0.1502869344355309,-1.9191285351652945,-1.7715160339866818,1
2013-12-04,1.6584931864174377,0.432291326578286,-1.415968584813712,-1.2971515377478515,1
2013-12-05,-1.4152514298295875,0.509966964235646,-1.6547722295014775,-1.5966038844426065,1
2013-12-06,0.188792419199416,0.4829024051161805,-1.7188387978667268,-1.505067020114336,1
2013-12-09,0.9595261923922228,0.5737588571342234,-1.3220160229719191,-1.2227221766829603,1
2013-12-10,1.7160826536679126,0.6958628174758482,-0.5906496985654043,-0.7486395262419283,2
2013-12-11,-0.8131585770579135,0.7213112393696183,-0.696091600558012,-0.9213579356895724,2
2013-12-12,-2.1709149202460756,0.8999367130057826,-0.922466924245603,-1.4340118642049924,2
2013-12-13,0.8947030655452369,0.9530990842364124,-0.7884394630306225,-1.160086516672756,2
2013-12-16,0.2370155368387522,0.8633526328081831,-0.989915467842091,-1.0580432503741402,2
2013-12-17,-0.8946728554636336,0.8408777138012198,-0.9366939593103932,-1.2576512672199054,2
2013-12-18,-0.9023537031126312,0.864842437672328,-1.1438320956252983,-1.4427188921067893,2
2013-12-19,-2.422311895920966,0.8829391310979398,-1.1599866749009973,-1.9984618619405308,2
2013-12-20,0.9481598394922098,0.9616239833979976,-0.907887221423344,-1.7082750576577777,2
2013-12-23,-0.3417845603336917,0.9613123367417328,-0.9763184787178684,-1.740250661721484,2
2013-12-24,0.4351562572852089,0.9619139400613403,-0.9744561977216352,-1.5838874783283083,2
2013-12-26,0.527314124801117,0.982348134388082,-0.7289843763844706,-1.4133356204157452,2
2013-12-27,0.3026369219642331,0.991334241516724,-0.585831456615761,-1.3076586754922082,2
2013-12-30,-1.5099044536505164,1.0100755139415898,-1.1569627707385433,-1.6543952718889632,2
2013-12-31,0.6082008403433374,0.6839840482620725,-0.4180146392727273,-1.463344965992707,2
2014-01-02,1.583286503343388,0.8384670146544839,-0.1194946385020272,-1.0123574585142732,2
2014-01-03,1.0646955678716226,0.7388349909810494,-0.2581347615950863,-0.697385307802033,2
2014-01-06,0.1535856212199589,0.6181258440284161,0.1099519090024599,-0.619096812376528,2
2014-01-07,-0.5927237935651999,0.6388759927499336,-0.0741325346233124,-0.7231763703198151,2
2014-01-08,-0.6129202280070326,0.5944143206531207,-0.4401865017059675,-0.8318081699329216,2
2014-01-09,0.2650900630907567,0.380928326000139,-0.7728968953919436,-0.707528567650274,1
2014-01-10,1.485345823319329,0.5161347811130439,-0.2436074830933975,-0.2653551584412085,1
2014-01-13,0.6075247763430374,0.2093114747042836,0.4126605339370253,-0.0549632783577787,1
2014-01-14,-0.9600569816129708,0.2302163783633234,-0.0274549385801846,-0.2616188679957285,1
2014-01-15,-0.214205484821978,0.2286836646522933,-0.1332958048532384,-0.2687206993994959,1
2014-01-16,0.0863010758046436,0.1709173719055031,0.0974180177091005,-0.2045697458208918,1
2014-01-17,0.9246170065629488,0.1547491902586369,0.533182036342383,0.0760829223554791,1
2014-01-21,-1.0442437819421824,-0.2600023907209873,0.8671845616769954,-0.1673012787082559,1
2014-01-22,-0.4490776429073023,-0.284089091087245,0.52856834650076,-0.2454082014856084,1
2014-01-23,2.13500098187301,0.0099256337820931,1.1320699968642969,0.3549562342065829,1
2014-01-24,0.3873268066052009,0.0086380948586159,1.1202735707207283,0.4757715063558294,1
2014-01-27,-1.1154303730037862,0.1313853385799752,0.7185218462761859,0.1916970978932038,1
2014-01-28,-0.030510588160222,0.1319242358738638,0.6378489514055766,0.1962579129358194,1
2014-01-29,1.2262450428582885,-0.0141146488804597,1.3084496102170378,0.5379709246787563,1
2014-01-30,-2.2508183922652396,0.4119822424997712,0.6081633894534951,-0.0457428371024111,1
2014-01-31,0.2444926047888872,0.2607986487855599,0.2870619075322302,0.038560911750608,1
2014-02-03,0.9964537506591172,0.25139978189731,0.270809428631426,0.3214542614293136,1
2014-02-04,-0.2945365157194634,0.2591505197305292,0.1643597999183207,0.2435730796460305,1
2014-02-05,0.2253265337704833,0.2306206908930336,0.3590446560105607,0.3046154459782301,1
2014-02-06,-0.063465228730733,0.1962513871894321,0.4907047211947406,0.2874077984581032,1
2014-02-07,0.7416574685176109,0.2227121653136039,0.6054869971378023,0.4877741187309299,1
2014-02-10,0.5895815257187016,0.1002416770742661,0.3901916125230362,0.6413435639454286,1
2014-02-11,1.1420688372700134,0.1619031651999435,0.5184361608560597,0.9406461294544628,1
2014-02-12,0.0340101046965463,0.0723395076696512,0.7587577423085179,0.9389324114999842,1
2014-02-13,0.8257582540271958,0.0906800337524664,1.012746038695306,1.1386556285033194,1
2014-02-14,1.291478748085097,0.170273110001382,1.310408511830155,1.4654745148105093,1
2014-02-18,0.1741181101978065,0.137861446996326,1.1246241752132105,1.4859740658486231,1
2014-02-19,-0.9128888750804982,0.1139404686918123,1.157040178248622,1.1973284778507067,1
2014-02-20,1.0252110093721405,0.1153479382535159,1.523804702466352,1.4501764958648222,1
2014-02-21,-0.0379114857179505,-0.1532682708664672,0.98512065514988,1.4088209908554468,1
2014-02-24,1.0765322551350929,-0.0960955933412213,1.154714478753488,1.6872332058891724,1
2014-02-25,0.1481128520727721,-0.2572002836430561,1.4686895486721374,1.6963937345635864,1
2014-02-26,-0.8769459017984912,-0.1508496864444588,1.257922229293122,1.4073747514026886,1
2014-02-28,-0.4053363513138854,-0.2017866483917378,0.8566500119505598,1.26098238414542,1
2014-03-03,2.0476475496728734,-0.5075269498968821,1.928083952429332,1.7990929981829942,1
2014-03-04,-1.265248489633221,-0.2658500949778747,1.5465065548702008,1.3983119937472874,1
2014-03-05,0.1407714199094305,-0.3059940075289417,1.3327832769767227,1.3920112319952629,1
2014-03-06,0.9656339108387642,-0.3006944478821715,1.64817385290499,1.6008216669809774,1
2014-03-07,-0.85512313156383,-0.183064915832235,1.3775203885716931,1.304076613374776,1
2014-03-10,0.0087340617844618,-0.1869374897917601,1.3955153029871952,1.2505217042342716,1
2014-03-11,0.5413015511267413,-0.1989091179802321,1.3456106874160416,1.3461360526028765,1
2014-03-12,1.4297988802698511,-0.1004609749938623,1.555563299322278,1.68900792397356,1
2014-03-13,0.3186039868561591,-0.1582222965445004,1.3497795673245734,1.716524786021394,1
2014-03-14,0.6484559159127069,-0.1539107615009122,1.503168841320318,1.8266260284296645,1
2014-03-18,-1.9024863917453076,0.1793903706015835,0.8292369947617559,1.226459805276669,1
2014-03-19,-1.9775352523082772,0.3822382067915635,0.0455759553553142,0.6378507689164947,1
2014-03-20,-0.2019055435920502,0.3832162440434427,-0.0429335482858159,0.550716511087012,1
2014-03-21,0.4535535696574904,0.3344321320448598,0.280303079026073,0.641861883418524,1
2014-03-24,-1.8202626052798467,0.4846662225385423,-0.3878598226269861,0.1198760596693785,1
2014-03-25,0.1598135920354888,0.488164500806204,-0.3420431441876637,0.133214520883023,1
2014-03-26,-0.8162111486008654,0.4262450147500643,-0.7769318565804039,-0.1100201878742148,1
2014-03-27,-0.6780414988493068,0.4352719819428448,-0.9641881530854686,-0.3032691570068405,1
2014-03-28,-0.0463171062570319,0.4041368379453846,-0.7759134588949934,-0.3246574418718012,1
2014-03-31,-0.7876036025649455,0.4260225264067578,-0.8627544946260822,-0.5426248202352618,1
2014-04-01,-0.2003254244310887,0.0517378474534656,-1.366770750067336,-0.6050716937620726,1
2014-04-02,0.728396762292887,0.0443723197002772,-0.9203473568631304,-0.4262993957325464,1
2014-04-03,-0.3444107377346871,0.0365344623643976,-1.0298119709750826,-0.5238757522659777,1
2014-04-04,1.300050141653224,0.1049639459780213,-0.954419398247374,-0.1981743366047814,1
2014-04-07,-0.5490609450224079,0.0814921632930314,-0.88519772585891,-0.3623876831644256,1
2014-04-09,1.0998816388022827,0.1971725433298702,-0.6366825772776088,-0.0825985466726173,1
2014-04-10,0.5223284151493621,0.1953380352437773,-0.6410270320800323,0.0434864009312595,1
2014-04-11,-0.0852321600337488,0.0027464285741305,-0.985289543628802,0.0011041165692166,1
2014-04-15,-1.162847429856774,0.0432256154482846,-1.3169140101248618,-0.3226775726245248,1
2014-04-16,0.0175815759436445,-0.0188481603710821,-1.4566506932223553,-0.3250063590623923,1
2014-04-17,-0.6533117855265825,-0.2227000158718405,-1.1791041184066775,-0.5127294469169772,1
2014-04-21,-0.431769691967003,-0.5011227667360122,-0.8308237959041049,-0.6376373154624204,0
2014-04-22,-0.3930623465094093,-0.4967601800665282,-0.8741861897196882,-0.7448647060253604,0
2014-04-23,-0.0383950440991429,-0.5355635468782437,-0.9854002721698154,-0.760505867455954,0
2014-04-25,1.3176869469936572,-0.6116206391217776,-0.2665292883532778,-0.4256641927373729,0
2014-04-28,-0.4615610495607711,-0.6010651061952748,-0.4106770226442037,-0.5566700985378354,0
2014-04-29,-0.0382527666076713,-0.6594458212894745,-0.2300631176163126,-0.5720358486624741,0
2014-04-30,-0.5359706787327717,-0.676376424456794,-0.1969273446421369,-0.7121191151229989,0
2014-05-02,0.65148021499204,-0.6294246782929132,-0.033491731022298,-0.5382358136612257,0
2014-05-05,0.9007419031657216,-0.6236574669568182,0.3666981596570867,-0.3016186659865155,0
2014-05-06,-0.2125063230731686,-0.6229351385716401,0.363786639038222,-0.3541560748794191,0
2014-05-07,-1.4689403530914296,-0.4510299671776662,-0.1556666804708115,-0.7226428903420671,0
2014-05-08,-0.0222439397515679,-0.4609965197108405,-0.0802184824266522,-0.7093274735074577,0
2014-05-09,-0.0786158089284256,-0.6408322471194312,-0.4013888723698594,-0.7151190916537066,0
2014-05-12,0.6521356076572441,-0.6154187309536735,-0.1218100935148572,-0.5271275448883332,0
2014-05-13,-0.2946611847867201,-0.7510383032943482,-0.4460772098163194,-0.5864184689392336,0
2014-05-14,0.9438676145195948,-0.6771340144275275,-0.3485350670451174,-0.317986075767605,0
2014-05-15,-0.8520571341939831,-0.6165143959079452,-0.5256688092069961,-0.5188809553176866,0
2014-05-16,-0.2388043383431425,-0.7368100591275778,-0.3120501133761708,-0.5608622517319928,0
2014-05-19,0.0419732945326506,-0.7363258358040462,-0.306384485421118,-0.531303590743181,0
2014-05-20,0.0659859258264328,-0.7761357877728945,-0.1386854033281959,-0.4846826911651773,0
2014-05-21,-0.263055614437507,-0.7884724480198899,-0.099175919497393,-0.5302378727471563,0
2014-05-22,0.202528395168486,-0.8010709877075292,0.0408339861842084,-0.4533147347947061,0
2014-05-23,-0.1506207578514444,-0.7984035809027114,0.0143884405138352,-0.4634989904537691,0
2014-05-27,-2.181078844093454,-0.5390164849461112,-0.7953662708446988,-0.99760946868244,0
2014-05-28,-0.5569440946436431,-0.5326302923001925,-0.8170473324767437,-1.103082091721503,0
2014-05-29,-0.2369223239280964,-0.5341599103527069,-0.8621395930283352,-1.1217870475017897,0
2014-05-30,-0.4446983630637641,-0.5397533564412639,-0.841434536935478,-1.183942188097527,0
2014-06-02,-0.6300573739317751,-0.5961344920824603,-1.1304267838159552,-1.2884782810319015,0
2014-06-03,0.2363233417168042,-0.7108079310612924,-1.2788040883297536,-1.168458875609386,0
2014-06-04,-0.2307102264662063,-0.7110165984192052,-1.282855502772885,-1.1772534615878292,0
2014-06-05,0.7262101860205484,-0.7837056789673325,-0.7889499812809385,-0.9533644489395222,0
2014-06-06,-0.0636805004107756,-0.7848526617975193,-0.7983739271712599,-0.9338751597227424,0
2014-06-09,0.0109054183848836,-0.7822173284632779,-0.7780091543225879,-0.8925882032350533,0
2014-06-10,0.5890290257640189,-0.7933334617435872,-0.7923668773150666,-0.713157453964339,0
2014-06-11,-0.0057712473132669,-0.792756064442581,-0.7265656625802746,-0.6877401292595907,0
2014-06-12,0.9854275665196004,-0.7823588824558378,-0.7170837886046552,-0.4108057384132346,0
2014-06-13,0.2382586023706499,-0.8278789639074363,-0.4669155345645548,-0.3348207376994142,0
2014-06-16,-0.4622377384596048,-0.8151308890076323,-0.5184038834600581,-0.4421589689421767,0
2014-06-17,-0.1366325388690089,-0.8177192784932037,-0.5594794138336068,-0.4666925260952953,0
2014-06-18,0.2960859153341519,-0.8025306014803382,-0.5065476907629441,-0.379445290503271,0
2014-06-19,3.3983318149040644,0.2171969477169218,0.3523120960391079,0.5305647926226087,1
2014-06-20,-0.3693569357534561,0.2294197733946331,0.2160820882442639,0.4242622088253437,1
2014-06-23,0.2539639226549628,0.2288939972350397,0.3123783787400498,0.4940846262829327,1
2014-06-24,0.0801577834194434,-0.184294705712067,0.8578167837419811,0.5129640268781361,1
2014-06-25,-0.0143758471220995,-0.2288405360930187,0.990536575509696,0.5121574686279068,1
2014-06-26,-0.227124208478681,-0.2295856962738324,0.9929399595370616,0.4573600774485677,1
2014-06-27,-0.0774767562352149,-0.2601396137625452,1.0831859757581606,0.4434636274239082,1
2014-06-30,1.0610383588039378,-0.2768520765329444,1.5030841206274803,0.7295374716901862,1
2014-07-01,-0.288050910755957,-0.2470072630916009,1.372121680548777,0.6466997682349218,1
2014-07-02,-0.0222439397515679,-0.2621869582703901,1.4241038744401326,0.633616029568148,1
2014-07-03,-0.4458652955511515,-0.2359977340431132,1.1332441146082295,0.5044903339633134,1
2014-07-07,-0.1323722542813296,-0.2320260542151635,1.1163032711658238,0.4601001080388269,1
2014-07-08,0.0171019585414759,-0.2322631389826958,1.1178309917618616,0.4562890626917382,1
2014-07-09,0.5816960705908394,-0.2327023739502144,1.116023104991091,0.6111314039906041,1
2014-07-10,0.5236441460504769,-0.2318680885754499,1.2468880480779805,0.7452687480080059,1
2014-07-11,0.1642386509677727,-0.2792187245776622,1.044195974154784,0.7793784431896273,1
2014-07-14,-2.42630081671989,0.2450934025616832,0.3978588609359002,0.1162231429948697,1
2014-07-15,-0.9729966133539484,0.3024813767208482,0.2759206294200988,-0.1368044302427088,1
2014-07-16,0.3303505346681697,0.3039220231101165,0.3873834281849308,-0.0370097198833183,1
2014-07-17,1.6593908730757654,0.463292451491368,0.7157814147031217,0.4130788070818211,1
2014-07-18,-0.7802373354844868,-0.340847386977456,-0.276758734054392,0.198574681441904,1
2014-07-21,0.1440583573527047,-0.3474418370070606,-0.1570304342882881,0.2341725646308934,1
2014-07-22,-0.4981301292316434,-0.3373195498030936,-0.3322095236668598,0.0984195124660562,1
2014-07-23,-0.1176899884461704,-0.3391821574473637,-0.3780740471545638,0.0697565085034838,1
2014-07-24,-1.0380517369266486,-0.2623043500117409,-0.6139353354536103,-0.2013877970328441,1
2014-07-25,1.128756255278722,-0.1372675125755871,-0.3010115097810772,0.1073630842256791,1
2014-07-28,-0.1892739732094803,-0.1359545101463166,-0.3269740555067275,0.0588488889585771,1
2014-07-30,-0.6210709802912471,-0.2285174499121747,-0.7141237624126304,-0.1033105690049249,1
2014-07-31,-1.1821473966091611,-0.1436068353054566,-0.9172703202813566,-0.4068661881192646,1
2014-08-01,0.7766302118213415,-0.0717524773653127,-0.7358456600579316,-0.1933306379001504,1
2014-08-04,-0.3361904581019537,-0.0759887046885422,-0.7108250820961579,-0.2752246324126844,1
2014-08-05,-0.1190377703450697,-0.0759405834000152,-0.7077811586471443,-0.2975366371556811,1
2014-08-06,1.4199686298277758,0.1054887227914991,-0.3852633472062824,0.0833707818521533,1
2014-08-07,0.3826312381984084,0.0885294597128872,-0.4313041851741271,0.1739018998442576,1
2014-08-08,-0.0143199200111154,0.0594166054801374,-0.5552698587630884,0.1544151697293654,1
2014-08-11,-0.2046191626049477,0.0535697945525934,-0.6398828631265805,0.0834994992127978,1
2014-08-12,0.0015616937467611,-0.4115087061610527,-0.0771721904416043,0.0659328752596461,1
2014-08-13,0.144242997753393,-0.5028456307701896,0.1863999717666903,0.0827760827792766,0
2014-08-14,0.0648538362241675,-0.511093234890549,0.1234985681041781,0.0791214330603471,0
2014-08-18,-1.0964493567114058,-0.6900289591352229,-0.5196421625687044,-0.2308756592700558,0
2014-08-19,-0.2464940487639126,-0.7383518977861832,-0.396460972195239,-0.307569300161115,0
2014-08-20,-0.3917512868430832,-0.7347970146810844,-0.520117774828915,-0.4207399432595307,0
2014-08-21,-1.1064906530930287,-0.6466761948354329,-0.6597171035680012,-0.7151972897542972,0
2014-08-22,0.2296403253672924,-0.6333805047509785,-0.5801199495607033,-0.6567645241332551,0
2014-08-25,-0.388088348134696,-0.7170458986962982,-0.4304238159746427,-0.757997783150068,0
2014-08-26,0.4733519716297475,-0.8497407994701616,-0.5813689644284813,-0.6312612391427812,0
2014-08-27,-0.0465591354908765,-0.849784937198894,-0.5485847620630391,-0.6391422435418921,0
2014-08-28,0.5274759874282271,-0.8398097695831032,-0.2830316195391965,-0.5012123462593469,0
2014-09-02,-1.9349779216697984,-0.5983269593076115,-0.4574362883057546,-0.9980800490701623,0
2014-09-03,0.3877971906452178,-0.6531920880426684,-0.5470023310975536,-0.8896508711870521,0
2014-09-04,-0.5720815613922321,-0.6367308968839913,-0.601169311813243,-1.009603003194943,0
2014-09-05,0.4539070431442385,-0.6040674970230137,-0.4693835501727446,-0.8678117000738886,0
2014-09-08,-1.1174953236719576,-0.7715716155058878,-1.047345669460807,-1.1258666636549262,0
2014-09-09,0.0936123898291113,-0.8018957707539999,-1.1122501309939754,-1.0708768114590388,0
2014-09-10,-0.5280341936775594,-0.799436688408474,-1.227151888542389,-1.173384407867201,0
2014-09-11,-0.6811102339718197,-0.7814419380948908,-1.333201442199169,-1.312426571138307,0
2014-09-12,-0.9385034208413944,-0.7484742644056561,-1.5409491318415645,-1.5118641286571295,0
2014-09-15,0.1970782727742472,-0.7426486139166573,-1.529324654655625,-1.4178500634375724,0
2014-09-16,0.1377269775691352,-0.7357952857128812,-1.5132814910352432,-1.3407586127675293,0
2014-09-17,-1.1134141118558305,-0.7329225856448451,-1.5170173592766865,-1.5764323936547802,0
2014-09-18,0.1816663787909774,-0.7065307300877042,-1.4225364642236635,-1.4864756514608355,0
2014-09-19,-0.6096181223506697,-0.6977372832832268,-1.4706630603517563,-1.5946227008218503,0
2014-09-22,-0.2273571198754031,-0.7688016288637237,-1.2758192724977235,-1.6046912999711698,0
2014-09-23,0.6173480691702489,-0.7105522084575855,-1.1893450112286663,-1.4004192152103068,0
2014-09-24,-0.4908736562715088,-0.7065194799013199,-1.2123029067061188,-1.472175381616692,0
2014-09-25,0.2677128895819636,-0.7347730978053552,-1.2581631966264128,-1.351249305383633,0
2014-09-26,-0.3036652110580957,-0.7404468050178702,-1.315368772354993,-1.3870481427173182,0
2014-09-29,-0.0478658346876136,-0.809234297640565,-1.4428494100353604,-1.36241110139447,0
2014-09-30,-0.7251591918642599,-1.1250373095847463,-1.1739320562102231,-1.5047963663093369,0
2014-10-01,0.4583284908353781,-1.1120363912395492,-1.158153803350939,-1.339600032953097,0
2014-10-07,-0.37386304066804,-1.1245649421820787,-1.1137515423778943,-1.388459894345607,0
2014-10-08,0.9268665260094584,-1.0097331237702538,-1.0074491500494704,-1.1080716899257124,0
2014-10-09,0.1223212505628097,-1.1127683488295423,-0.7263889457254097,-1.0364701607740725,0
2014-10-10,-0.0647444684099104,-1.120150065903006,-0.7624821278557082,-1.0133251400897694,0
2014-10-13,0.7652758649885062,-1.035226403728343,-0.4660268094820782,-0.7839165823834043,0
2014-10-14,0.0367811718900039,-1.0815838824152046,-0.2998073289473616,-0.7375281485950675,0
2014-10-16,0.5074260150886613,-1.157967183660103,0.0386261393100263,-0.5711943245204715,0
2014-10-17,-0.2152917313385521,-1.1565860320952972,-0.0583924290030427,-0.5965748968263208,0
2014-10-20,0.6559655224295157,-1.1005856288212226,0.0635985308727622,-0.4021189696324518,0
2014-10-21,0.1611627906650576,-1.2949127078425262,0.3663322082828461,-0.3344127579772186,0
2014-10-22,-0.5902451069238781,-1.2322604305730251,0.1825293725330074,-0.4643603394240839,0
2014-10-27,-1.1002558921923686,-1.1087156617685596,0.0664372992043297,-0.722271062910103,0
2014-10-28,0.0116212971740605,-1.117388422573052,0.1229119157246377,-0.680558223484623,0
2014-10-29,-1.4631047682040303,-0.9036900706585672,-0.3642352993073331,-1.0132009044329722,0
2014-10-30,-1.0754569891482917,-0.8089249813477465,-0.4993033549590013,-1.2371706541373118,0
2014-10-31,-2.242380211874642,-0.3894980272212921,-1.070367214133211,-1.74420482869964,1
2014-11-03,-0.4758173846229784,-0.3845113843813484,-1.1090101139317146,-1.799978273780642,1
2014-11-05,-2.148342600865187,-0.0918099401671134,-1.575182430412272,-2.2596805144452397,1
2014-11-07,2.8321240866259196,0.5735826515716274,-0.7798908149336963,-1.4904803219847722,2
2014-11-10,-2.2684075713693677,0.8008775911286475,-1.3920236758478366,-1.9934156513708932,2
2014-11-11,1.3975502370918207,0.95986786023386,-0.9962566715522952,-1.5839258856731675,2
2014-11-12,-0.5052255645026126,0.8840727329440976,-1.3167549706696489,-1.651555362123737,2
2014-11-13,0.1300557551567117,0.8844422220577675,-1.3150363120343076,-1.565118158490038,2
2014-11-14,2.4534321861136017,1.2781432966055806,-0.7483515870401093,-0.892570573355949,2
2014-11-17,-0.3897074150848683,1.232617648728016,-1.0100391190126403,-0.9495793886776744,2
2014-11-18,0.8504624845685561,1.2873379563914966,-0.8259962081922827,-0.685469225151036,2
2014-11-19,-1.2197949202189655,1.3124492349245749,-1.2148913202636678,-0.9545540807531624,2
2014-11-20,1.0100758899689497,1.3915700950286185,-0.9396851301833266,-0.6448076243080902,2
2014-11-21,0.4379771464470103,1.3748335114746268,-0.9888902959844732,-0.4956523919155449,2
2014-11-24,-0.2651150943608749,1.3674749600507048,-1.0848018556226728,-0.5278964731874164,2
2014-11-25,0.2119615091205985,1.3692714724377302,-0.9039671399824356,-0.4385318188265132,2
2014-11-26,-0.2130334030599601,1.3246243319175437,-0.7022707630777417,-0.4576589805634282,2
2014-11-28,-2.7055780025827816,1.6318016376652054,-1.31437300783756,-1.1187133123068298,2
2014-12-01,3.886221668836366,2.2819409206896384,-0.0932555197147982,-0.0727753520983011,2
2014-12-02,-1.2647422667600396,2.3000695378735885,-0.1375890100474336,-0.3802706425336976,2
2014-12-03,1.005648046811935,2.114326523309005,0.6349101821398173,-0.0921628490688728,2
2014-12-04,-0.4097041181957708,2.1109997904979907,0.6508964333636631,-0.1842015216729031,2
2014-12-05,-1.281026018707732,1.9680820573873803,0.8615964602759371,-0.4988079936417992,2
2014-12-08,1.1502337524155974,1.6820211297515533,0.4546671395673522,-0.1738167735212158,2
2014-12-09,2.037263670175966,1.547360093988183,1.5102441402298874,0.3785222428508097,2
2014-12-10,-0.2169757382290746,1.497165642496039,1.109090381329518,0.3246784180248511,2
2014-12-11,-0.2513210116430013,1.4815005489793862,1.1717483359263496,0.2596571059739977,2
2014-12-12,-0.2603630321254545,1.4932910131072905,1.0754674538254263,0.1925317608994932,2
2014-12-15,-2.627252831562382,1.5873055679372756,-0.1437857917337283,-0.488594312913646,2
2014-12-16,0.465955988353635,1.5908373667535507,0.0572399752776965,-0.3499016454137347,2
2014-12-17,-0.6153719053079258,1.5712624664388273,-0.2860893076245072,-0.4924917474008876,2
2014-12-18,0.7446696887487155,1.5268463871527855,0.1751819094144123,-0.2806924868897971,2
2014-12-19,-0.3526921018759262,1.4834942520469925,-0.1457681300579659,-0.3580389621476739,2
2014-12-22,-1.9748669230336784,1.644372984750334,-0.703403963208577,-0.854124546292557,2
2014-12-23,0.1463688228534702,1.6474167422152517,-0.6092547374214771,-0.7920527025431203,2
2014-12-24,0.0043527940534994,1.642646570570839,-0.6568049092944384,-0.7688978646893815,2
2014-12-26,1.7874220918051575,1.8071944236010475,-0.1944910208193258,-0.2802018612002727,2
2014-12-29,-1.037247118573969,1.507825016539462,0.1982056840355553,-0.5305465341692002,2
2014-12-30,1.3143491428503913,0.7753796559386774,-0.404449362922003,-0.1651411632758951,2
2014-12-31,-1.4380162906368965,0.8017127575696322,-0.4444970991998285,-0.5178944898877309,2
2015-01-02,0.4168672251932573,0.7437068472924201,-0.5800608034674659,-0.3812083587367109,2
2015-01-05,1.4737374042695353,0.8795996980912274,-0.1435852429447292,0.0339409328355016,2
2015-01-06,1.11084031227082,0.8460903475760703,0.4227001081192962,0.3493057102295041,2
2015-01-07,-0.6129378986271017,0.8002154477405112,0.0039509780386506,0.2048983119551018,2
2015-01-08,-0.4438484835991734,0.5366901232568732,-0.5729375880861456,0.1101692567042572,1
2015-01-09,1.1094798106321595,0.6268481596726245,-0.266302277173653,0.4270697786798688,1
2015-01-12,1.0799451393269772,0.6987527082784877,0.0455632705326304,0.7271355591986258,1
2015-01-13,-0.3600825944417131,0.7027155510640254,0.0220585651720255,0.6337896815091414,1
2015-01-14,-0.1831226643446392,0.2234912322761854,0.604969277163196,0.5821262078424082,1
2015-01-15,2.4633786208575796,0.5713783673829541,1.092039843744889,1.2447474515749737,2
2015-01-16,1.2753072190311927,0.5837373368698588,1.5621337428115287,1.5630863816854883,2
2015-01-20,1.3392077760343724,0.6365644615778102,1.7118051868891924,1.892571985369172,2
2015-01-21,0.0019051351172061,0.612388873139131,1.8014976365203736,1.8276960082219225,2
2015-01-22,0.7792346257348147,0.2262394896455169,2.509063083026063,1.997399959763727,2
2015-01-23,-0.8237225052379505,0.3393100892378983,2.257606834439574,1.6991304981093172,2
2015-01-27,0.1144600810377494,0.3331119177911532,2.286025007725073,1.6774775724276083,2
2015-01-28,-0.81289342166126,0.3026831786622038,1.6231842436281425,1.394834274158184,2
2015-01-29,-2.200347850137683,0.6016705350376557,1.3322358807894732,0.7429468313224582,2
2015-01-30,2.1801554678884374,0.7569819765101019,1.54849402751851,1.314412962250715,2
2015-02-02,-0.8598199571726305,0.6510867937255097,1.6939605052706397,1.039462944550118,2
2015-02-03,-1.1472857450950054,0.7813323562374427,1.3023728674491557,0.6990665545139575,2
2015-02-04,0.4144946513265301,0.6913454006585434,1.0406483601876626,0.7824776393012836,2
2015-02-05,0.1502766673402835,0.6394649792854888,0.8056919427836065,0.7975800789231442,2
2015-02-06,-2.6418589698475805,1.0584399118173595,0.3167712339333246,0.0674639216387862,2
2015-02-09,0.4233466345514785,1.0484231757921765,0.5245305688144409,0.1690847513043248,2
2015-02-10,-0.6111803105037362,1.0142729950665477,0.1140534592161392,-0.0037536702905844,2
2015-02-11,-1.2106352476813345,1.0238438131811916,-0.4215340393740021,-0.3296763831237876,2
2015-02-12,0.2080449280652895,1.0235398632334272,-0.2898356856333284,-0.2920817016944044,2
2015-02-13,0.5215288655667456,1.040017270700604,-0.1254462427772524,-0.1535352883537471,2
2015-02-18,-1.4216184402034877,0.750561063615613,-1.017535682288107,-0.5300721576355076,2
2015-02-19,-0.3665403497245627,0.6055284699780966,-1.384245759032294,-0.6188492516822904,1
2015-02-20,-0.5929502062864522,0.4238710858050978,-1.8081533315326823,-0.765552658461921,1
2015-02-23,0.1077490212316347,0.4302306089488574,-1.7851431251514012,-0.7360327272883078,1
2015-02-24,-0.1695789861449132,0.3373204849716201,-1.9905458402449272,-0.7722010638615269,1
2015-02-25,0.3586480396023695,0.3658173785727877,-1.7342821344522008,-0.6615717445433495,1
2015-02-26,0.296938226550555,0.3802766387256737,-1.694461647104282,-0.5693778106681544,1
2015-02-27,0.0552439550359863,0.3764987592144292,-1.5040175190017449,-0.5421641686508017,1
2015-03-02,-0.4361931279642085,0.1148952878501385,-1.1118804846634065,-0.6432032806278074,1
2015-03-03,-0.2038850449885282,-0.3912122657405066,-1.6401712006027436,-0.6955841854234048,1
2015-03-04,-0.3344005005856712,-0.4159203641139387,-1.5248209703165778,-0.777851985948119,1
2015-03-05,-0.1178202256969638,-0.479781155259913,-1.297047565635074,-0.8059998049575414,1
2015-03-09,-2.691500449987271,-0.0559930592819417,-1.9771854232440116,-1.4786605915967124,1
2015-03-10,-0.5145019199991346,-0.0846780697333275,-2.120030664101857,-1.588943067222928,1
2015-03-11,-0.6251921863146085,-0.5189813232471705,-1.6837499721788844,-1.7331970951163522,0
2015-03-12,-0.0493258436777268,-0.5718385225089785,-1.7867978429174431,-1.731377591546338,0
2015-03-13,0.1221104688943777,-0.553254735474909,-1.6267235445116242,-1.6869850866239595,0
2015-03-16,-0.0853746366394467,-0.6267639039707372,-1.378789075612349,-1.685668212598583,0
2015-03-17,-0.5650068474176662,-0.6488322776291564,-1.5494194014860216,-1.807208001148111,0
2015-03-18,1.918072195676392,-0.247544285443858,-1.2402056269242936,-1.303969170781072,1
2015-03-19,-0.0934414324001476,-0.371351433487096,-0.9420942205544348,-1.316548590012831,1
2015-03-20,1.1108486403287043,-0.2316051030695341,-0.6058054094820989,-1.0231808514168494,1
2015-03-23,0.6095232966837645,-0.2102851992797245,-0.3284013210063333,-0.8527188277815607,1
2015-03-24,0.2223676192111751,-0.2058500674997162,-0.3017848307354271,-0.7776796074740616,1
2015-03-25,0.117269629077643,-0.2045688281063447,-0.2350395393197069,-0.7336877537451162,1
2015-03-26,0.6291281083011484,-0.180239496756094,-0.171927278174733,-0.5608621791657152,1
2015-03-27,-0.3864943013547886,-0.1807065229797427,-0.3310667189298712,-0.6466622817169458,1
2015-03-30,-1.166941482807465,-0.0880816571007916,-0.6129581148225229,-0.923777231831648,1
2015-03-31,-0.1013674981980819,-0.0962344708401947,-0.5360745677335322,-0.9243649410922884,1
2015-04-01,1.6696500913044037,0.1354678226196768,-0.1010841929153526,-0.471069207806521,1
2015-04-06,0.915947068167382,0.1863480367932454,0.1937858398184398,-0.2029167263271171,1
2015-04-07,-0.5203683185455469,0.2071337737541339,0.0984498928919464,-0.3062736939440975,1
2015-04-08,-0.5747920883065349,-0.3791860394882265,0.6040779948919235,-0.4130717566299028,1
2015-04-09,-0.7172551361526921,-0.351789415162176,0.5551804192463223,-0.5531352248936067,1
2015-04-10,1.1047066066208355,-0.3284272670211067,0.975580542699406,-0.2125497613709241,1
2015-04-13,-0.7402906462449274,-0.2571115604780142,0.8067891675454945,-0.3617872131119294,1
2015-04-16,-0.1177953121776792,-0.2502388215952501,0.7484564418187789,-0.3442773750672525,1
2015-04-17,0.4718963086266194,-0.2485118452175964,0.8841714217016928,-0.1768853097918244,1
2015-04-20,-0.7861541140199725,-0.2158668575001704,0.8302237624329517,-0.3523000092647053,1
2015-04-21,0.5512336031249038,-0.4853876158978296,0.4994262905584002,-0.1625403846541918,1
2015-04-22,-1.3742977981356157,-0.2940839304215086,0.1935162548759287,-0.4818682959150293,1
2015-04-23,0.7040363667926022,-0.357507337539247,0.0971735651899947,-0.2600623068123884,1
2015-04-24,-1.435893222608976,-0.2180699505022246,-0.3813321143952413,-0.594581840532656,1
2015-04-27,1.973852321189287,0.0991499793945123,0.0278071835535635,-0.0347923654584972,1
2015-04-28,0.8408183760082225,0.147806560389647,0.1989285459978232,0.2086583498438922,1
2015-04-29,-0.729403865899863,0.1604813907492133,-0.1213511447255322,0.0350371173750689,1
2015-04-30,-1.803534683512828,0.3695084575841748,-0.4508189949219384,-0.4168219712559382,1
2015-05-04,0.5312530613974473,0.306356202165181,-0.0554245556631972,-0.2562402587301142,1
2015-05-05,0.2577290626193064,0.3101791739455069,0.0290484912204455,-0.1680307061737193,1
2015-05-06,-0.0746771019896706,0.1001779026322054,-0.3784548597061438,-0.1651420633268057,1
2015-05-07,-0.8473435392549491,0.0588046255088353,-0.7832246629957232,-0.3710090264927695,1
2015-05-08,0.4613547341287993,0.0753171055822393,-0.5587477824877499,-0.2334029005994613,1
2015-05-11,-0.4089355435286693,0.0656956930726965,-0.5206055344942035,-0.3280598089340175,1
2015-05-12,0.8282543233621313,0.0947384170999727,-0.1621238328147963,-0.0970505202108766,1
2015-05-13,1.751743093872964,0.2320828339459963,-0.0103897611099017,0.3758866223137066,1
2015-05-14,0.5166654592808112,0.2056066462685125,0.2871961391305137,0.5159934909963456,1
2015-05-15,0.2758995954357447,0.2058161580571731,0.3811760329556726,0.5907365772074309,1
2015-05-18,-0.0307518526329068,0.1950140040651951,0.2612529560552422,0.5818727080809258,1
2015-05-19,-1.4184997617547648,0.2986432457072219,0.1112402430177839,0.2003197444284487,1
2015-05-20,0.1415198836759922,0.2797086591589369,0.014548344316778,0.2417874491989906,1
2015-05-21,-0.3586761928522405,0.1475462912956551,0.2549620437552261,0.1480074590940868,1
2015-05-22,-0.1000467587353868,0.1160114326028824,0.0644216629111264,0.1241685328679213,1
2015-05-26,-1.494495826229133,0.1289928473176737,0.050594664027577,-0.2792750864771426,1
2015-05-27,-0.0398013134211167,-0.1903901610993435,-0.4196261292905752,-0.2954088287829982,1
2015-05-28,0.0917971518607525,-0.2635800105827255,-0.5921319914606503,-0.2802744991120962,1
2015-05-29,0.0478736706341133,-0.295967327965881,-0.4130931304400149,-0.2773138110426074,1
2015-06-01,-0.1098952947447355,-0.5881350272141984,-0.0181236974770968,-0.3150577517240694,0
2015-06-02,0.3803228080306177,-0.6021696551354945,-0.0535939855696352,-0.2249169251886457,0
2015-06-03,-0.7409988007040941,-0.5598981443169874,-0.2869613348106988,-0.4315000954377354,0
2015-06-04,-0.7284868765426857,-0.5174920928340556,-0.4384756653549956,-0.6196698265488166,0
2015-06-05,-0.5552164321340697,-0.553130220265321,-0.3709003774817934,-0.7589465494919018,0
2015-06-08,0.2712448762820574,-0.5700268474125673,-0.414899315405708,-0.6776582834386347,0
2015-06-09,0.1995226203292251,-0.574406042800238,-0.2737828768770213,-0.6128001871076226,0
2015-06-10,0.8247962758353562,-0.575017121594263,-0.2745873125759423,-0.3858514483484832,0
2015-06-11,-0.4801637531398966,-0.942268891420494,-0.7880275132306154,-0.5000720307846016,0
2015-06-12,-0.0487255908112801,-1.000599673387695,-0.9162836301320154,-0.4967138663841903,0
2015-06-15,0.4182215495645573,-0.9812942220290568,-0.8840668943364023,-0.3741754597831029,0
2015-06-16,-0.3832855116947604,-0.9802606929907328,-0.9637844179180404,-0.4676640181333215,0
2015-06-17,0.4442169092190641,-1.142350937364341,-0.5393736017645152,-0.3451251581164537,0
2015-06-18,1.2602532029394358,-0.9155366213506888,-0.2806485905740616,-0.0015147599601136,0
2015-06-19,-0.1957665700884086,-0.9244513336999158,-0.2427310371257192,-0.0407432367910111,0
2015-06-22,-1.315781916528978,-0.7477967622787202,-0.5242115010035138,-0.3740683638663313,0
2015-06-23,-0.6841976842470727,-0.9354493720604012,-0.3369830003451735,-0.5369881400343252,0
2015-06-24,-0.2882603487351004,-0.9299617649611996,-0.3945536650684386,-0.5973907850971057,0
2015-06-25,-0.1555112858766532,-0.9332117491609556,-0.4517158066187863,-0.6161893900362987,0
2015-06-26,0.0843841460715677,-0.9318129148274504,-0.4432857780179779,-0.5763334600428301,0
2015-06-29,0.4296811077455049,-0.901000606165918,-0.3183414943985468,-0.4482101713033301,0
2015-06-30,-0.6430516148170695,-0.89060589902918,-0.5547420425467392,-0.5968553034418327,0
2015-07-01,-0.3698031444129356,-0.9308200052029824,-0.4692750314606319,-0.6754335688418973,0
2015-07-02,-0.218838773845253,-0.9800096007901958,-0.3514114575833409,-0.7102918208888629,0
2015-07-06,0.2457386086272184,-1.0011313129282515,-0.164960388922003,-0.6319751585946,0
2015-07-07,-1.1887395184452216,-0.861748492534211,-0.5037079102040954,-0.9184610039277112,0
2015-07-08,0.275153835098561,-0.8557689843700983,-0.4862810924847113,-0.832236206384631,0
2015-07-09,0.2204332522425372,-0.94793339610825,-0.6251698374669805,-0.7507985884118608,0
2015-07-10,0.0943865518093199,-0.9589298185730974,-0.4931520634112839,-0.6980913818882619,0
2015-07-13,-0.4715789762090783,-0.9434424581376084,-0.5903872374404372,-0.7946967839726661,0
2015-07-14,-0.247671110124079,-0.9804521096019208,-0.7426779256167577,-0.8409054917948603,0
2015-07-15,-0.5471957607120213,-0.9679270714732148,-0.7800091302678757,-0.9592005116135068,0
2015-07-16,-0.3858975506510058,-1.0126696824000283,-0.9681338569300272,-1.032040763116679,0
2015-07-17,-1.0383638148844356,-1.2501603868462805,-1.4809795394154393,-1.2674434348414414,0
2015-07-20,-2.7740456904136037,-0.5682254233417903,-2.0423622589203787,-1.92825144836988,0
2015-07-21,-0.3348307644517118,-0.6485023210159307,-1.8304790566788625,-1.9682613146639645,0
2015-07-22,-0.564488828934014,-0.6541823873036654,-1.8044795846746184,-2.064595738693644,0
2015-07-23,-0.4715827024497077,-0.654894440402347,-1.8442825593817604,-2.1312174536667468,0
2015-07-24,0.9503592178518768,-0.4837597835799703,-1.603064141057704,-1.8397526128361057,0
2015-07-27,-0.4882935171631682,-0.5014578397242858,-1.728312775628612,-1.9014161196221029,0
2015-07-28,0.1301714299473973,-0.5403440490192458,-1.7935324528673813,-1.8074760037284965,0
2015-07-29,0.1204397155844391,-0.5236784888530217,-1.6268919239974795,-1.716224443171197,0
2015-07-30,-0.8814094132689557,-0.4978307901356563,-1.7386963350696465,-1.8793869269142236,0
2015-07-31,0.6085341911692227,-0.4111148887418728,-1.557599412053272,-1.6709018043864523,0
2015-08-03,-0.8161392391578266,-0.4267146602740019,-1.7897531732124934,-1.8179379166724852,0
2015-08-04,0.179216379860065,-0.4650439709810168,-1.4902237710040702,-1.7162894920221383,0
2015-08-05,-0.3870880204791335,-0.5010092341206795,-1.6357409697667646,-1.762656968467877,0
2015-08-06,0.4192423513277626,-0.4753560438871035,-1.5921570205384936,-1.6082104192299804,0
2015-08-07,0.2264345706022731,-0.4626958647559135,-1.5631608363263905,-1.5022838095668318,0
2015-08-10,0.9946931844647544,-0.3108432488702736,-1.23859766822294,-1.2040412152592808,1
2015-08-11,0.4870764426394799,-0.2634588980620762,-1.0741601677783403,-1.0366911725199437,1
2015-08-12,1.369787702734114,-0.0735977180414161,-0.6394029790711252,-0.6426341491549622,1
2015-08-13,-0.8513932777312894,-0.0383010914224435,-0.7457415257090046,-0.8269885381839067,1
2015-08-14,-0.0316014096529504,-0.103736561627698,-0.515130972645294,-0.8009462886182325,1
2015-08-17,0.2393777383073874,-0.8111912001575469,0.1891719363768346,-0.7082621284598303,1
2015-08-18,-0.040905461539184,-0.8273020868362394,0.2590119207396506,-0.6870175879992094,1
2015-08-19,1.3127847236186128,-0.7156280512264437,0.7099502572816273,-0.314457990138078,1
2015-08-20,1.7033502442851436,-0.5330056081795547,1.2430883745541863,0.1641923506261715,1
2015-08-21,0.6003813942873116,-0.569253339349708,1.1565138416737328,0.3436232942674402,1
2015-08-24,-0.5634397192253789,-0.5577198770910312,1.1379643072502452,0.2101710274198235,1
2015-08-25,-1.2690671288874396,-0.3520296533356995,0.7951028529560327,-0.1028774437189449,1
2015-08-26,-1.3961778664702469,-0.149585220836049,0.4288594002534466,-0.4406463045360235,1
2015-08-27,0.0334532939165152,-0.2333308307645878,0.6491215860331112,-0.396163332208065,1
2015-08-28,0.8738320245910022,-0.2064173409815183,0.7133725790802948,-0.1253633644844745,1
2015-08-31,0.0880578496423857,-0.2910108130034866,0.9336403415615196,-0.0647599241403308,1
2015-09-01,0.3262338346040466,-0.289725429994324,0.9696433432485096,0.0508274866732305,1
2015-09-02,-0.5546186794579778,-0.2699484245968968,0.928621085274272,-0.0709703222040388,1
2015-09-03,-0.7427089834017613,-0.203739046139891,0.6459849168836163,-0.2399588276550049,1
2015-09-04,-0.3472208612759745,-0.1856632684182569,0.507654073017966,-0.3020386872761078,1
2015-09-08,0.0056516439471255,-0.2555413258319288,0.2710135149900201,-0.2698306384661304,1
2015-09-09,-1.3230374695837968,-0.122731876841173,-0.1560618047408383,-0.5797502294644882,1
2015-09-10,0.2129636678591576,-0.2895453805925563,-0.4249784399634839,-0.4885604373719298,1
2015-09-11,-0.229191362417548,-0.3415695792933496,-0.2807274850621175,-0.5146218169498744,1
2015-09-14,0.0342381139312171,-0.3409203352017223,-0.2654106906715729,-0.4725656759806262,1
2015-09-15,-0.3238630018385877,-0.3433187573857855,-0.3961166503046224,-0.5218637854836986,1
2015-09-16,1.2999865554773529,-0.1854715644860261,-0.0837339270409922,-0.1540821018458988,1
2015-09-18,1.7322731446184834,-0.0800037759226521,0.0148563501108131,0.3282175646296482,1
2015-09-21,-0.6466438339482028,-0.3101556323262628,-0.5321560512825091,0.1732189641591169,1
2015-09-22,-0.7061965353519312,-0.330950849253426,-0.8307741446596589,0.007469164345154,1
2015-09-23,0.3757587360315898,-0.321299505151089,-0.6165153460889354,0.1285883743845105,1
2015-09-24,2.052969097666903,-0.0755796258584593,0.1576971401946741,0.6958928436215842,1
2015-09-28,-1.9128809210818087,0.0606276436133863,0.0355815825380433,0.1885101698199705,1
2015-09-29,-0.4287634655620346,0.0746241040237877,-0.0731233322149708,0.0877197776665325,1
2015-09-30,-1.064557495388018,0.0852897435963953,-0.5235627996449893,-0.1828220207434442,1
2015-10-01,-0.1439308382242687,0.0822849778546947,-0.5768890510032288,-0.2204002211183014,1
2015-10-05,1.870469876201358,0.345526141242776,-0.2195811858823081,0.2714543638690142,1
2015-10-06,0.9745661913079512,0.3903319085144209,0.1397250817329235,0.5174230909993504,1
2015-10-07,-0.1679465385168606,0.3506346037976955,0.2762021481967713,0.4501854284034589,1
2015-10-08,-0.5338679274272067,0.3634538185284232,0.2317968305947977,0.2916077178154943,1
2015-10-09,1.5499422875755753,0.505375398962636,0.6017068891674735,0.6910774250901304,1
2015-10-12,0.3736999780604094,0.3577442612108263,1.0147759849369733,0.7680577083729703,1
2015-10-13,0.4704993108986799,0.3619695982174719,1.0780878815096473,0.8700676045801519,1
2015-10-14,1.705428602921126,0.4820432481284737,1.5589405563324803,1.3035159530964044,1
2015-10-15,-0.4800427748613803,0.5182009514884734,1.4302058412155614,1.1314880941887135,1
2015-10-16,-0.730676494908361,0.5612772360465377,1.3288404532858729,0.8907717055373451,1
2015-10-19,-0.4408007924637347,0.5175892404532795,0.8997189349772899,0.7355336730122182,1
2015-10-20,0.6093743762116235,0.3664117063243823,0.626851593313371,0.8654006482511873,1
2015-10-21,-0.9129910403397542,0.3994566340273814,0.5625770103581497,0.5823916233489274,1
2015-10-23,-0.228246338837591,0.3601538840310307,0.678037578117703,0.4914453580992557,1
2015-10-26,-0.0850234841881339,0.3595212325249172,0.5667148041035882,0.4456334214829963,1
2015-10-27,0.2017888921502269,0.0790550958711179,0.1246144630087816,0.4796918469815613,1
2015-10-28,-0.8311241303437248,-0.1672145781983446,0.3819657697513013,0.2443452724920643,1
2015-10-29,-0.9833916425293128,-0.0961400524566724,0.2496711665411742,-0.0290229161984687,1
2015-10-30,-0.4056461938619061,-0.1843179276881255,0.4069223436339415,-0.1437006323791387,1
2015-11-02,-0.6737481258740953,-0.1413249421864201,0.2803982573349182,-0.3243128256592039,1
2015-11-03,-1.5154998838614269,-0.254870892900135,-0.5125496477775098,-0.7170557806035225,1
2015-11-04,-0.9705279131026066,-0.3080427295833111,-0.9560646483969776,-0.9515994576525028,1
2015-11-05,-0.334040291163914,-0.3067344334872343,-0.9935385000885824,-1.009548827821556,1
2015-11-06,-1.490284450042441,-0.1784470422320694,-1.2081166170029514,-1.3534706822168374,1
2015-11-09,0.2654365626979466,-0.4524877447617242,-1.4930924757959598,-1.251170983998826,0
2015-11-10,-0.2331276822460745,-0.4999219037185173,-1.6264528412938293,-1.281727640674477,0
2015-11-13,-0.61895665968756,-0.5655240327345594,-1.8638568008027376,-1.4146966512124524,0
2015-11-16,0.122449828787175,-1.0548372915013715,-2.2042264068743695,-1.3589830914168666,0
2015-11-17,-1.3516135426484943,-0.9641513797277378,-2.3893422015223016,-1.6662886774325385,0
2015-11-18,0.0656352154933773,-0.9293294126777756,-2.2202746669402043,-1.6143947425901517,0
2015-11-19,1.0745527393616705,-0.6663241121227701,-1.8948013258009833,-1.3093355949650574,0
2015-11-20,-0.4769752450151932,-0.7860756534442511,-2.1286316987340475,-1.399261540770478,0
2015-11-23,-0.8303590642926726,-0.7935844951824542,-2.1109348037505744,-1.578123577146103,0
2015-11-24,0.6403139757886648,-0.6708506435209363,-1.924031739235254,-1.3885762779119435,0
2015-11-27,-1.677073576989745,-0.5348087863601791,-2.2653856236734535,-1.7775381280259464,0
2015-11-30,0.6370910582662418,-0.4582592210256583,-2.1725911634846464,-1.591853119677751,0
2015-12-01,0.330239299872383,-0.4146300689404999,-1.923034198021151,-1.4832985791691022,0
2015-12-02,-1.5885032631213325,-0.3209704942603328,-2.0534239733462223,-1.8523103183524048,1
2015-12-03,1.0344772652193792,-0.1405040820074663,-1.7418044573804026,-1.5656236707721412,1
2015-12-04,2.173654250806611,0.3156610040654539,-1.112301279433788,-0.9949007804854498,1
2015-12-07,-1.3281457224678548,0.2843960215394922,-1.070248973308115,-1.3084524048252295,1
2015-12-08,0.1431432663244485,0.250618362879456,-0.8186483663164774,-1.2357299685449308,1
2015-12-09,-0.2168446735315942,0.248840147109966,-0.7920081647280682,-1.2574152416664923,1
2015-12-10,-0.1099357800774042,0.1138796681319503,-0.4758741099435924,-1.2547964595208394,1
2015-12-11,0.5221683033828537,0.1324678253494217,-0.4165932176402976,-1.0903733013163783,1
2015-12-14,-1.3102811003083554,0.2364103329166655,-0.6642969878295505,-1.378726134008319,1
2015-12-15,-0.2877672612467798,0.2210044008803247,-0.5884201512218756,-1.413388994695928,1
2015-12-16,1.1816756453592645,0.3329510595442326,-0.3440526778970748,-1.0798223771879034,2
2015-12-17,-2.235645546820471,0.5348574293521405,-0.5481807637882616,-1.6140898225523723,2
2015-12-18,1.4979852125522262,0.6906999387953443,-0.2165328524436068,-1.204665538877962,2
2015-12-21,1.0593438430560806,0.6886139453373978,-0.2200793557631579,-0.8981575498798854,2
2015-12-22,-0.5469608409045784,0.6926660953785698,-0.2363920722430672,-0.9987075766225452,2
2015-12-23,-0.3149502971379432,0.6580855646213332,-0.1159890378951985,-1.0382890927815698,2
2015-12-24,0.6982187281821977,0.6630553571830996,-0.1024232601161481,-0.8215793979775198,2
2015-12-28,-0.7817994538585584,0.5221250242938883,0.1083222997471964,-0.9765154304411516,2
2015-12-29,-0.0906913617981133,0.4970247669045521,-0.0631394654454246,-0.94948921585941,2
2015-12-30,-0.7881334831803833,0.525178968002523,-0.3242013459379004,-1.096139056850991,2
2015-12-31,0.0171764779999794,0.361722368096958,0.0515293852212301,-1.0252804348433266,2
2016-01-04,1.3768893699001623,0.4167843315141597,0.1324378627852932,-0.6091587771863257,2
2016-01-05,0.2591245119748648,0.0800436436860949,-0.3164093730281147,-0.4882693475804019,1
2016-01-06,1.4110444245765388,0.0948646334512219,0.3284379044641575,-0.0698116970767006,1
2016-01-07,1.3813728107643066,0.2150292607295053,0.625785666060705,0.3432448881844222,1
2016-01-08,-0.4658553867486792,0.2319386208076132,0.5656921478196508,0.2542990580769891,1
2016-01-11,-0.9154165027763232,0.3023747534646419,0.3723283008349085,0.0481115946529475,1
2016-01-12,-0.5293793632781317,0.3113083431353657,0.1222268926651303,-0.050784989584248,1
2016-01-13,0.4658040952238039,0.1850948925514325,0.546190418731133,0.1165724601181053,1
2016-01-14,-1.6584205438025603,0.3895409039667702,0.2183438303778509,-0.2815015061931738,1
2016-01-15,1.0011013695482178,0.3637490684005529,0.1754864060117356,0.0212227342458717,1
2016-01-19,-0.1183377285638903,-0.0324493269589718,0.6829082502978336,0.0230627474680794,1
2016-01-20,1.3052682854487987,-0.0711696324158309,0.6362769518298822,0.3993731806735299,1
2016-01-21,0.0915344893295124,-0.1440453255072205,0.4034526923878746,0.4382917660971067,1
2016-01-22,-0.4876735647386396,-0.1500295801255598,0.4176506135104678,0.3166204043567443,1
2016-01-25,1.0007468130643766,-0.1030409736061259,0.7349060038364096,0.5937670424428682,1
2016-01-27,1.4835931921166092,0.011124755278956,0.9262838806342388,0.9909961111389024,1
2016-01-28,-1.0955233778472422,0.0657257547126104,0.8496561152829168,0.6822095636387006,1
2016-01-29,0.3617224151856792,0.0617176305488294,0.960235913786356,0.7733641813217985,1
2016-02-01,1.000697894953034,0.022252817605042,1.4023996952072273,1.0333022206320304,1
2016-02-02,0.0147510119761443,0.0223575193381727,1.4017947952694632,1.0200161594699046,1
2016-02-03,1.0448787258423131,-0.0257283652434822,1.3191312363335963,1.2816109631910153,1
2016-02-04,1.1783671862555964,0.0343252968931616,1.5486769395419755,1.5769227723266457,1
2016-02-05,1.5475653885393184,0.0585106002213868,1.5829482047722572,1.978271481027592,1
2016-02-08,1.312745826040296,0.0477933375114029,1.5657147177439656,2.305677562515018,1
2016-02-09,-0.2420406227197475,0.0240809009246222,1.6219623378730417,2.1785539087971113,1
2016-02-10,0.749304067632498,-0.0982004950202151,2.0443039889047823,2.33909973416276,1
2016-02-11,3.916704629530015,0.6342395123341054,3.2073709291262222,3.409407478810859,2
2016-02-12,-0.611726041579464,0.7264373276485105,2.920728909945513,3.137566782473689,2
2016-02-16,-3.101328512168271,1.209329534525701,2.541696882634223,2.1590349794377377,2
2016-02-17,0.5942867626212023,1.1966908879698388,2.435817248294841,2.2569838323939626,2
2016-02-18,2.3811700878314133,1.346917428526183,3.0932133007878937,2.872582865445927,2
2016-02-19,-0.6240781958226629,1.3930971652293198,2.5843317160708064,2.6188993307713084,2
2016-02-22,-1.8151721137210752,1.6455891626407475,2.0909788428001725,2.02545004680729,2
2016-02-23,1.4641379933752667,1.6472709410036988,2.5961167580244005,2.3793230306661663,2
2016-02-24,0.3098043599761954,1.6376893018623409,2.416168872457541,2.394777233246172,2
2016-02-25,0.2409057183433314,1.5896841877848331,2.0956389709251475,2.388130332275707,2
2016-02-26,-0.7112969694198459,1.5391872968682188,2.1943183909753423,2.111907658794533,2
2016-02-29,1.275341596564822,1.5700843050154667,2.430488522485627,2.3990157275990907,2
2016-03-01,-0.7580227291986681,1.626525560612141,1.9777733974682392,2.097573867477211,2
2016-03-02,0.7472345556939581,1.6233045569498306,2.1653558584995016,2.2359432904133816,2
2016-03-03,1.689793841379581,1.67927585944591,2.331654476038292,2.628921514663616,2
2016-03-04,-0.1796953137532811,1.6720210161895055,1.982707572181515,2.483216015451184,2
2016-03-08,0.0109246656058564,1.6117931120242304,1.593550364000414,2.399972675008819,2
2016-03-09,-0.8547594703526098,1.62210300867393,1.0546963717049411,2.0681321069805416,2
2016-03-10,1.570108972099925,1.6905106137801975,1.5044042853894657,2.430703030665865,2
2016-03-11,-1.7568150239577176,1.866629544590904,0.8846262295503093,1.8421488864316355,2
2016-03-14,-1.319890581850385,1.2293573446807855,-0.3613314276770336,1.392698452944246,2
2016-03-15,0.0540546164562653,1.2135402703191664,-0.2065182169819987,1.3345019406834189,2
2016-03-16,2.1821235376550803,0.8880627543642131,1.0592876389954555,1.864454759815958,2
2016-03-17,-0.4043077023836625,0.9002826853296808,0.8148898997658782,1.659911292316293,2
2016-03-18,-0.2972311808450243,0.596250043436691,0.1713021096014467,1.4963232321556823,1
2016-03-21,-0.7256596610946767,0.605464962541561,0.1472310581389011,1.2189817023027545,1
2016-03-22,0.2714450194896021,0.3688913845518262,0.6466247557989012,1.2288894649847089,1
2016-03-23,-2.3105177747826153,0.6024772528344997,-0.2492119406483599,0.5427926111740489,1
2016-03-28,-0.0308189789508962,0.5939676030508879,-0.3284002778985025,0.4878849138301865,1
2016-03-29,1.81270734934316,0.7983023799315402,0.0392739162192471,0.925996387949546,1
2016-03-30,-1.429432958740031,0.8887550133195223,-0.1294291100271009,0.4759271067155011,1
2016-03-31,0.4376934133168493,0.799654023349866,-0.3246825712415967,0.5400758672889889,1
2016-04-01,-0.6274136229277832,0.7897664051972092,-0.2943455106192881,0.30881100941222,1
2016-04-04,-0.6913285597291505,0.7686386570696068,-0.6263099628046094,0.0710423668962201,1
2016-04-05,1.2690081097812669,0.6852554940939238,-0.722511368140773,0.3564515307058876,1
2016-04-06,-0.6358605296935963,0.6990930875203057,-0.8263449287819351,0.1358226509697173,1
2016-04-07,1.3952808843937738,0.8399357681725264,-0.5097654796438916,0.459316960953241,1
2016-04-08,-0.1740685588911347,0.8053845887081876,-0.3524875378490333,0.3548177569672545,1
2016-04-11,1.319288143991645,0.7594642457699067,-0.4105659171044634,0.6563750891474126,1
2016-04-12,-0.0055846189252662,0.5758376428000336,-0.0020031712537294,0.6026837558087136,1
2016-04-13,-1.0938523782636946,0.5403896665046909,0.0512550704954518,0.2531050182290287,1
2016-04-18,-0.8929678555962123,0.5904974880145192,-0.1710762734477499,-0.031479286069729,1
2016-04-20,1.0166808699296768,0.3333633551222756,-0.4418107253444249,0.1983257939629612,1
2016-04-21,0.3551653339334878,0.3382359470858589,-0.2657422025654785,0.2483415076916033,1
2016-04-22,-1.3112993400792212,0.438626165633999,-0.5005347463572752,-0.1381637856007745,1
2016-04-25,0.2656562961556611,0.4183520638097721,-0.2710363012773349,-0.0959095541930327,1
2016-04-26,0.3743654266107291,0.4235279474577538,-0.2470786492408168,-0.018564483854559,1
2016-04-27,0.263694499155953,0.038812431625251,0.3602367325169934,0.0345786877523227,1
2016-04-28,1.8496348916085312,0.256437174712918,0.813868337017084,0.5071378546983643,1
2016-04-29,1.9041998989748423,0.2782658825574977,0.8361579929802299,0.9962933117519506,1
2016-05-02,-0.3542722781575442,0.106217726524743,1.0996256173710233,0.8843737676278719,1
2016-05-03,-0.2496273614878546,0.1187933822731442,0.9308714255370852,0.7998968976638929,1
2016-05-04,-0.633869758187933,0.1195944875268371,0.929291779208801,0.5967953538521663,1
2016-05-05,-0.1368292107738614,0.0671227331446687,1.0653357445448348,0.5349707256967874,1
2016-05-06,0.8826708423466929,0.0159963190840913,0.9704699091910264,0.7613379152078672,1
2016-05-09,-2.0968673387384444,0.3445636841139515,0.6150135231038907,0.18016801780702,1
2016-05-10,0.2508149201358958,0.228769423717737,0.3401760545537878,0.2291547835641489,1
2016-05-11,0.91534688389406,0.2702659819634205,0.6017212723754177,0.4619271781944487,1
2016-05-12,-0.8112079089810934,0.2165525623619565,0.0928843042506235,0.231065323434947,1
2016-05-13,0.4305248215293865,0.2276800831657126,0.1961616433828421,0.3367633163029448,1
2016-05-16,0.0516545195611542,0.1276533306358746,0.4695908056825399,0.3355273416046337,1
2016-05-17,0.3218784348602597,0.0505330763955955,0.7630149452116938,0.4129635137320883,1
2016-05-18,-1.7714813635613782,0.2454256743652552,0.0948457608673861,-0.0704659706738596,1
2016-05-19,-0.2138695113816898,0.2405501938555971,-0.039245776877715,-0.1270750817006061,1
2016-05-20,-0.1557712002816158,0.1120214882419226,0.2338524184157489,-0.158203945907512,1
2016-05-23,-0.3065733584579662,0.1172088482672077,0.0982167652122687,-0.2288246416336022,1
2016-05-24,-1.7709976555516225,0.3246572123136086,-0.4034426569228567,-0.6762146984324791,1
2016-05-25,-0.2953335153907705,0.3184515260419257,-0.532404008987902,-0.7362793011431265,1
2016-05-26,-0.3646599889085198,0.0234453439423261,-1.0361894877817894,-0.8041527567369758,1
2016-05-27,-0.8488557100100249,-0.3520509342187044,-1.647187911047995,-1.0022762843701687,1
2016-05-31,0.357464323484518,-0.3084767223453364,-1.4908380471173774,-0.8960190667794177,1
2016-06-01,-0.1256547982645754,-0.3055842323841208,-1.46349051123723,-0.9140782826845716,1
2016-06-02,-0.2553234200018157,-0.3148616833936503,-1.379775477288695,-0.9531302284010044,1
2016-06-03,2.7142035075823885,0.3555468243342132,-0.7389846848822803,-0.2287126344349934,1
2016-06-06,0.0113877438939403,0.2797954490577702,-0.9367546604481723,-0.215819451368636,1
2016-06-07,-0.1063411636856472,-0.0020588080643216,-0.4823885313712221,-0.2375953154532242,1
2016-06-08,1.4476546936072128,0.1646424537064769,-0.2048054519353705,0.1509263050667266,1
2016-06-09,0.5316862859304464,0.1207104268789686,-0.2941500319423859,0.2798620367820132,1
2016-06-10,0.3809341229572427,0.0871744062333241,-0.0154047799279121,0.3660645114418953,1
2016-06-13,0.7140819472276398,0.1112621431229392,0.05138701046967,0.5494986513484799,1
2016-06-14,0.0836649668514625,0.1115073747724288,0.0589389688018138,0.5525325469189658,1
2016-06-15,0.7160117661994689,0.1404308497412472,0.1521220233687022,0.7278263623895966,1
2016-06-16,-1.078569802201346,-0.0162361326054922,0.3168371257346858,0.4130642764421591,1
2016-06-17,1.2520765546459582,0.0768836432138866,0.6690993172678218,0.726980390355324,1
2016-06-20,-0.6208541218466759,0.1135125643917309,0.556781416594085,0.5369631147315433,1
2016-06-21,-1.9639085447428428,0.4004405599199094,0.1607558121365703,-0.0073890695309581,1
2016-06-22,0.0273845216497895,0.1575305287901012,0.590789189680646,-0.0042917458356424,1
2016-06-23,-0.677610984555205,0.1914892967321349,0.4987295425417871,-0.1872028391365481,1
2016-06-24,4.763609996350078,1.3975826973753869,1.763518141089892,1.09282780558299,2
2016-06-27,0.5158149397703173,1.3180251467373945,2.1111618983775045,1.2127383340940954,2
2016-06-28,-1.1012733809825324,1.4330156667042464,1.7397293623079702,0.8812463294318641,2
2016-06-29,0.391699694798763,1.4203915875587014,1.8708414544998488,0.9589807229482344,2
2016-06-30,0.4769862888959016,1.3984725223916643,2.057593034082597,1.0635598300907885,2
2016-07-01,1.499583506288304,1.1806737623156418,1.7485891341617543,1.4497486020656871,2
2016-07-05,0.7995825898751826,1.1825894577986682,1.948680942216112,1.6289349164510611,2
2016-07-07,0.1860178257445409,1.1709279571501667,2.023301475134787,1.6342910995429956,2
2016-07-08,0.5769650180271076,1.1124992855308218,1.8017114154583,1.7499508662446834,2
2016-07-11,-0.9688012022943376,1.2026708727668791,1.4243379478720897,1.4327650703947277,2
2016-07-12,-1.6907467363702473,1.3976644427217018,0.9125310019953354,0.937840045629714,2
2016-07-13,0.8934316630503161,1.4086839006255405,0.95642102788041,1.172156892924516,2
2016-07-14,-0.7964997591933731,1.4565285302267188,0.7417822638338158,0.9373172734893372,2
2016-07-15,-0.4076936437742799,1.454023485248359,0.470485378193419,0.8128062294962862,2
2016-07-18,0.1352638568951311,1.37949040042203,0.763674375370266,0.8345787833948756,2
2016-07-19,0.1114383458916905,1.3152965024438452,0.4880643010735908,0.8483805641158343,2
2016-07-20,-1.4628193670895755,1.4128553396375263,0.2866298664139178,0.4421730204007747,2
2016-07-21,1.4890360326524763,1.274133654495056,1.123621183159464,0.8279647172874721,2
2016-07-22,-0.771074181151752,1.3233177032654155,0.9274978056541564,0.5973511175246057,2
2016-07-25,-0.7209320954290375,1.3273446406563998,0.9169016860995364,0.3912891269303149,2
2016-07-26,0.3991418093640448,-0.038275903526284,-0.1274303910775237,0.4848560212899512,1
2016-07-27,1.575512332116602,0.1313694086536684,0.121959111894883,0.896832255279683,1
2016-07-28,-0.3115603475324996,0.0408350707618632,0.3095371284401184,0.7903216855862858,1
2016-07-29,1.00610693148723,0.0982633483084288,0.4565036779990782,1.0455802700046135,1
2016-08-01,0.1636030751078373,0.087507067149495,0.381429380789977,1.0562462326079916,1
2016-08-02,0.78678268069049,-0.0311866479363513,0.2115442239511443,1.235775720747175,1
2016-08-03,-0.4991695033547376,-0.0586963749452521,-0.0948963036820037,1.0572542653496035,1
2016-08-04,0.147246378846933,-0.0598317800516111,-0.10398336732179,1.057348362384223,1
2016-08-05,-1.8242095201043127,0.142242067636472,-0.6599461889516376,0.5135390669287606,1
2016-08-08,-0.1084946101013121,0.0877269283149086,-0.4622860279008288,0.4440326601866319,1
2016-08-09,0.3848276189758021,-0.1114702254581471,0.0216499191977135,0.5054563629945242,1
2016-08-10,0.4454052949291907,-0.1611147283435028,-0.0836628506121239,0.5768892355561585,1
2016-08-11,-0.7167115603074872,-0.1710582371111381,-0.0649424174141575,0.3365107346587335,1
2016-08-16,0.6022182783318344,-0.1574092626451472,0.1733057566658033,0.4523062418274386,1
2016-08-17,0.0010966418636699,-0.1580786158776247,0.1415155801806694,0.40299169023512,1
2016-08-18,0.4511894436063525,-0.1446488579935624,0.2221005675243066,0.4879385326206574,1
2016-08-19,-0.9088479406557344,-0.2623237035867732,0.3540848761898493,0.2076431310795195,1
2016-08-22,-0.1707807640488063,-0.4491296271245635,-0.0391911212971514,0.1291548048880483,1
2016-08-23,-0.0378894135331318,-0.5080697506496944,0.133724369765317,0.0943187465388228,1
2016-08-24,-1.1395714502537246,-0.4319015160247921,0.034836479562204,-0.2266411323508554,1
2016-08-25,-0.1093149836993659,-0.4458060916359232,-0.0847118337613535,-0.26867419608819,1
2016-08-26,-0.1648969686682818,-0.7126262817461645,-0.4893444546214179,-0.320863919497886,0
2016-08-29,0.1758300031306991,-0.7105175056720795,-0.3767389558359601,-0.2830289616105609,0
2016-08-30,-1.0325548889755132,-0.7609827957063621,-0.8441137982348047,-0.5558263320772864,0
2016-08-31,-0.2223318526374579,-0.7745106200813988,-0.9315236401442,-0.6183365251409062,0
2016-09-01,0.3855131485223292,-0.8468117005747988,-1.0220494702009344,-0.5166581809682586,0
2016-09-02,0.9938751490952112,-0.7047200155946904,-0.6833734931679687,-0.2616426043843032,0
2016-09-06,1.6538528137473854,-0.4036889834605006,-0.3364551692010619,0.1545432790270805,0
2016-09-07,-0.3645752977360346,-0.7129209627726978,0.0046704878595964,0.031054708302564,0
2016-09-08,-0.5536213915193946,-0.6819311571523327,-0.0998867871977993,-0.1428589347736191,0
2016-09-09,-0.6825645100470354,-0.658138016161143,-0.3487213961095488,-0.3218463858465062,0
2016-09-12,-0.1485187533699979,-0.6873327088712886,-0.4860331178580498,-0.3549676202770553,0
2016-09-14,-0.3465425056292381,-0.7223863700213549,-0.4005480250095161,-0.4443598914388507,0
2016-09-15,-0.6660445730501969,-0.7446819671715017,-0.6921237752007067,-0.6119708190547248,0
2016-09-16,-0.2697428809069306,-0.7456781553354714,-0.7539123528805004,-0.6710746718776561,0
2016-09-19,0.1853754726656695,-0.7740282753060218,-0.8143918615350727,-0.6039124664036499,0
2016-09-20,0.0734365677127251,-0.8343011343597518,-0.590093727484824,-0.5621456937173116,0
2016-09-21,1.425612141554046,-0.5903573218286806,-0.2208336573050951,-0.1682070889146772,0
2016-09-22,0.2131248090215336,-0.5840912413391296,-0.1622334341344284,-0.0928963361962516,0
2016-09-23,0.0404283771923488,-0.7193719735955669,0.1152222951486235,-0.0692086585692362,0
2016-09-26,-0.1005874872593282,-0.7196257070652992,0.1172866342097879,-0.0918756860004215,0
2016-09-27,-0.7538061206897632,-0.6601662810607352,-0.0216062601781707,-0.2799165291798794,0
2016-09-28,-0.3385494352924857,-0.652762536551195,-0.1422538486218073,-0.3592471271835135,0
2016-09-29,-0.1411177560287878,-0.7646070409970365,0.0672276920899758,-0.3875308903090644,0
2016-09-30,-0.3637978280773804,-0.7549607039643998,0.0338593446157543,-0.4719994302180996,0
2016-10-03,-0.2771826656485877,-0.7635431358749505,-0.1218271395490282,-0.5313708487230754,0
2016-10-04,-3.5538967739410547,0.1584915982617181,-1.1628349608751856,-1.4274346165381355,1
2016-10-05,-0.1793826932032407,-0.1361237931877006,-1.56926105210871,-1.441280254171983,1
2016-10-06,-0.953572802424392,-0.1067132348304998,-1.698267024368193,-1.650368534991932,1
2016-10-07,0.044563509652959,-0.0969664781318108,-1.5672427435986738,-1.6106918238447718,1
2016-10-10,0.3277947057468847,-0.0745717278183898,-1.344149007568073,-1.4987518374304385,1
2016-10-13,-0.130460891253537,-0.074137838982368,-1.3401411714876763,-1.494111139196847,1
2016-10-14,-0.58182017457785,-0.0677012752224568,-1.3923029737055668,-1.602500224517424,1
2016-10-17,0.2454076069228731,-0.0579280935355734,-1.1895459360771945,-1.497418150121444,1
2016-10-18,0.5939681283574607,-0.0039147970789991,-0.995695712006408,-1.304933413458496,1
2016-10-19,0.548933762853197,0.028318514423605,-0.9135969458496004,-1.121057684445202,1
2016-10-20,-0.3281229761363564,0.0236065506161636,-1.0042599358497757,-1.163238954076397,1
2016-10-21,0.052247984001588,-0.1955928755015746,-1.3115959691916592,-1.106980710137199,1
2016-10-24,-0.2458801167184996,-0.2171901630231234,-1.4133758336561175,-1.135817666323419,1
2016-10-25,0.7294940591482946,-0.1393591659699206,-1.2604061557053576,-0.9169307976725884,1
2016-10-26,-0.5834457290865362,-0.1346018031849415,-1.367709154689546,-1.0325195577127346,1
2016-10-27,0.1596672540712592,-0.1384443208943661,-1.1642746748631585,-0.9541665560675971,1
2016-10-28,0.4475344515534175,-0.1018756412516993,-0.9877160658154795,-0.8067230382358058,1
2016-11-01,0.9188888111310198,-0.005044441928868,-0.747423962847166,-0.5360813873065814,1
2016-11-02,0.7162452820596847,0.0462076979974392,-0.4999550432258515,-0.3202122748259554,1
2016-11-03,0.5099761765595043,0.0702023445986978,-0.3179024626074514,-0.1579155896466322,1
2016-11-04,0.0501091439492426,-1.2156483916025234,0.5341782005505226,-0.123186606751893,0
2016-11-07,-1.83885802566663,-0.7617014301347691,0.1380175522201684,-0.5807675246303401,0
2016-11-08,-0.4405048279527493,-0.8481368797022317,0.2597988893475056,-0.6646416001606008,0
2016-11-09,-0.0880137960866774,-0.845733266809018,0.2282705522205621,-0.6616709677110584,0
2016-11-10,-1.521933382433342,-0.603557773236341,-0.2072814630424589,-1.0246741536319384,1
2016-11-11,-2.2593232252346733,-0.1721340519800793,-0.6986864399359382,-1.5597171336208913,1
2016-11-15,-0.0051678157907125,-0.1878493821448506,-0.5666095671553895,-1.517753528796091,1
2016-11-16,-0.3214392658029381,-0.196764394957406,-0.6964469457379594,-1.5596105357828185,1
2016-11-17,-0.5372324746290625,-0.2357409902837011,-0.9533604299662556,-1.6543757081606172,1
2016-11-18,-0.9038587752656114,-0.250960553603942,-1.2790767384987527,-1.8344164578540632,1
2016-11-21,0.3503670929173546,-0.2196093055004101,-1.1275481791421789,-1.695969342663176,1
2016-11-22,-0.0568476699624271,-0.2241058737489863,-1.1519821728822086,-1.6505434350639558,1
2016-11-23,-2.0235044936487028,0.020274477584807,-1.5463799233932054,-2.0893175990868045,1
2016-11-25,-0.5887856807315988,-0.0710023408570503,-1.8343680646877665,-2.1686922201109757,1
2016-11-28,1.0286206434357987,0.0759365361288485,-1.4816808962737256,-1.854639690237102,1
2016-11-29,-0.4889169300873923,0.0589424113900418,-1.6242620083712114,-1.9164059742749395,1
2016-11-30,-1.3728187213688137,0.0768474823220712,-2.019531764475253,-2.1923712420787944,1
2016-12-01,-0.2102789722568358,-0.0688999781863273,-2.2611256047141346,-2.182299795172587,1
2016-12-02,0.5140643976031951,-0.1055691873065806,-2.304096392959316,-1.9963503688578927,1
2016-12-05,-0.558552277106331,-0.1965547979487007,-2.529759787361119,-2.072644046055345,1
2016-12-06,-0.1208807931660717,-0.2120148820147835,-2.565647941259783,-2.0392129953428983,1
2016-12-07,0.3359693578987274,-0.3001824913709092,-2.1045782806811295,-1.885805246953526,1
2016-12-08,-0.2549375491585754,-0.2965396652463009,-2.06477106257423,-1.877007786413328,1
2016-12-09,-1.076110041336395,-0.2786067966616596,-2.2758856069818627,-2.067234163792588,1
2016-12-12,0.3573454320631534,-0.3203693146505892,-1.872564871685259,-1.9027094219755925,1
2016-12-13,-0.3565723929562436,-0.6679091856544311,-1.456408426853671,-1.918001872683613,1
2016-12-14,-1.4993548379717774,-0.5458566856717046,-1.7838732251343272,-2.211280457130323,1
2016-12-15,-1.4003728524058765,-0.4529664922188466,-2.017306726301484,-2.471211810212529,1
2016-12-16,0.6368222139702846,-0.3522385738336261,-1.7631721215230307,-2.2362192195847563,1
2016-12-19,0.4761137104316186,-0.3185193205803795,-1.460623875748211,-2.0423195481307994,1
2016-12-20,-0.7614455179095864,-0.3459735957838926,-1.7047066250200116,-2.1694260545305246,1
2016-12-21,0.0333842315585602,-0.3401682603264224,-1.684998544412685,-2.100768562799962,1
2016-12-22,-0.2635350450005729,-0.6171532578446708,-1.297014474120881,-2.109086554164916,1
2016-12-23,0.2931746523193911,-0.5975994394139656,-1.1000026287873834,-1.9802613856249625,1
2016-12-27,0.5595813057837419,-0.6992435674175542,-1.2049927599891674,-1.7848468799878197,1
2016-12-28,0.2536340012797689,-0.6800188093248573,-1.038551815570455,-1.6668865429270685,1
2016-12-29,1.2823979886420107,-0.619601420567137,-0.4331744307631463,-1.2958157647184014,1
2016-12-30,-0.6405105247650908,-0.590955244616479,-0.5323601377347299,-1.4089185560276694,1
2017-01-03,0.7590436117843614,-0.5545990736436822,-0.4759348936154766,-1.1648040822667256,1
2017-01-04,0.3300576515377537,-0.561539356524496,-0.2700999805916947,-1.027983159452954,1
2017-01-05,1.5168563564704356,-0.3414961251427588,0.1140874582388475,-0.5898552359027072,1
2017-01-06,-0.7619926010988447,-0.2994489617879126,-0.1441718978505358,-0.7420592780262657,1
2017-01-09,0.7973870245221354,-0.2496189125091911,0.1032961729584751,-0.4906581853689288,1
2017-01-10,0.4027405123602339,-0.3544332547830091,0.4554998179783485,-0.3396619134347804,1
2017-01-11,0.2865020216620412,-0.3572957247880496,0.4385086396595652,-0.2235572353327778,1
2017-01-12,0.3382260853553103,-0.3729407100479451,0.6056712321342569,-0.0939515807569568,1
2017-01-13,0.2406872010201664,-0.6452726877761245,1.0294444202849329,0.0113792524479606,1
2017-01-17,1.4030369029123888,-0.8208877818396485,1.7278990696374017,0.4302620643864339,1
2017-01-18,-0.8714871129662686,-0.675618321413247,1.3496785247414214,0.2413751601310245,1
2017-01-19,-0.1093141338181035,-0.6650533648279706,1.2044082953656643,0.2634564931626585,1
2017-01-20,0.221352469465052,-0.781949180871331,1.4487692369754148,0.3746407159216254,1
2017-01-23,0.6186872351250299,-0.7809232342117318,1.5954433050263763,0.5807257844010305,1
2017-01-24,-0.4722034094805614,-0.7487774583024805,1.5430535015001332,0.488429532738264,1
2017-01-25,-0.8495424518371122,-0.6104033868079501,1.2580857390783964,0.2980090313257514,1
2017-01-27,-0.7506921965200375,-0.524417162973439,0.935317052827079,0.1309238013409103,1
2017-01-30,0.3996763414219773,-0.5208935580931092,0.9710835361969448,0.2601825755185705,1
2017-01-31,1.3541236038440796,-0.5053884489678508,0.9886686320480188,0.6437950850229534,1
2017-02-01,-0.3255106615666924,-0.5487347671982024,1.066047260390992,0.5681738769716272,1
2017-02-02,0.531595683244942,-0.5679692123109471,1.010151001814873,0.7221520999726797,1
2017-02-03,0.2277090295677415,-0.5693301799462602,0.9850398690493232,0.7863611146663778,1
2017-02-06,1.32020071827753,-0.6176898712364476,0.936862700760512,1.1494776472410602,1
2017-02-07,-0.226292999665445,-0.6970188963786381,1.0683225414104045,1.0828114596897214,0
2017-02-08,0.5971248469819831,-0.7174678380162198,1.0190960489034893,1.231723355071672,0
2017-02-09,-0.7863996146691828,-0.6225491650289894,0.7288158160980279,0.9946359805840356,0
2017-02-10,0.241622717007802,-0.6235442256395219,0.7179278316705046,1.049382040566465,0
2017-02-13,-0.704617347014886,-0.5576544146297373,0.466299389506246,0.8421714268170846,0
2017-02-14,0.0889574645397381,-0.5596378294427105,0.4299066642623885,0.8475054555657182,0
2017-02-15,0.4213353113000795,-0.7314464147642071,0.1957734279936062,0.941546000716236,0
2017-02-16,0.5125533983919612,-0.8115625609629041,0.5265296687613321,1.061250116125764,0
2017-02-17,-0.3614647237710215,-0.7919217662394838,0.4659294017889115,0.9364560530006576,0
2017-02-21,0.0372023661342759,-0.7932043699172542,0.421768417695029,0.9219279557285004,0
2017-02-22,0.1135044307173619,-0.8258925018485925,0.3010375316782576,0.929818078056118,0
2017-02-23,0.8472299868315163,-0.8000580543885518,0.6176504869888184,1.1361188713201058,0
2017-02-27,0.1289301634846185,-0.918676901762032,0.855159397949793,1.1354474693653018,0
2017-02-28,0.0700281749545898,-1.0303277902832448,1.0561769987030725,1.1198788729203757,0
2017-03-01,-0.1648862960615075,-1.0168145948750729,0.9177225927159932,1.0377744494723649,0
2017-03-02,-1.27270014011151,-0.9574091187844028,0.2836992255647272,0.6487995492147165,0
2017-03-03,-0.0817762192099592,-0.9740475833630672,0.3418295000295147,0.5835226814463602,0
2017-03-06,-0.6965813168079431,-0.9349869254447816,0.0503482141432571,0.3577795080097949,0
2017-03-07,-0.8305929414201224,-0.8615474941829984,-0.1979605208639354,0.1047574683144469,0
2017-03-08,-0.6458554146833544,-1.0685697797106564,-0.6523349233537729,-0.096838254421986,0
2017-03-09,-0.5361708202913211,-1.0491393457481346,-0.7231389401223031,-0.2647200830566636,0
2017-03-10,0.1958456960733415,-1.108910877285848,-0.8145017321672734,-0.2396707364123351,0
2017-03-14,-0.5464592611746651,-1.1420439398622813,-0.7599164676760908,-0.4073311614559693,0
2017-03-15,1.826411647426885,-0.6995870431017135,-0.3960754822558554,0.0503934544522762,0
2017-03-16,0.389679739173581,-0.7242964812169115,-0.1414554999206245,0.1246738318748107,0
2017-03-17,0.2001684554532311,-0.7202750895504171,-0.1154226704360641,0.153433714941887,0
2017-03-20,0.4211148187346878,-0.720296114514893,-0.1154743131053024,0.2364691021637692,0
2017-03-21,0.8501767803081794,-0.6703841047931928,-0.0362642517341494,0.4358984130352952,0
2017-03-22,0.2220227605958815,-0.6804291370613464,0.1012604140995488,0.4651095846917289,0
2017-03-23,-0.1569406193555023,-0.6770859106447586,0.0554128853657172,0.3997328591211809,0
2017-03-24,0.1376865705948184,-0.6765321224451074,0.0611187268924467,0.4100163162880829,0
2017-03-27,0.5396796216271379,-0.7214714913100188,-0.0113458681993199,0.5314237683834436,0
2017-03-28,-0.4328917231601388,-0.7044753573961295,-0.1431473377692085,0.3916063584440823,0
2017-03-29,0.2209980220001137,-0.6990648570392094,-0.1078030818523007,0.4307074840965022,0
2017-03-30,-0.7453122239856617,-0.6473182491389027,-0.2433979176831563,0.2129118069346381,0
2017-03-31,0.1884899121727895,-0.8163300231525923,0.099464179684238,0.2491091059658743,0
2017-04-03,0.5068411393679415,-0.7934280477560649,0.2390030258197324,0.376641393345648,0
2017-04-05,0.2036569549384937,-0.8603697416684181,0.4540109278758604,0.416106029253355,0
2017-04-06,-0.3906372755951244,-0.9362364946839804,0.5597939271470308,0.2953404380777256,0
2017-04-07,0.2123428832210209,-1.013627154432629,0.767483840143264,0.3386610913939152,0
2017-04-10,-0.0222439397515679,-1.075019316479974,0.8927139388662517,0.3216514162429024,0
2017-04-11,1.415094612230953,-0.8958310311169435,1.1924001308237464,0.6874415208348016,0
2017-04-12,0.6600724977630366,-0.9619509282200828,1.4925804846392263,0.8397680514084344,0
2017-04-13,0.4518110704318017,-1.2879526355150446,1.150872017387112,0.9283756455258034,0
2017-04-17,-0.3162198212709744,-1.247245517706668,0.977211771730778,0.8079499881212638,0
2017-04-18,0.4509599068655014,-1.238914126971035,1.038769256725014,0.9049924910382728,0
2017-04-19,-0.9133938297029948,-1.0759751591460456,0.7129786003803485,0.6282333067726829,0
2017-04-20,0.1664564081113362,-1.1452176878299205,0.5477407875856687,0.6516873841214152,0
2017-04-21,0.2642311323081385,-1.1437788205757484,0.5579087796727142,0.7018519988252216,0
2017-04-24,-0.7029370627605904,-1.0639696019994778,0.4267091412833022,0.4973941942394927,0
2017-04-25,-1.0395930331810237,-0.910822370742604,0.1462425309496967,0.207702423572443,0
2017-04-26,0.4670406167944815,-0.91904401816798,0.1290454832568908,0.3283414281829062,0
2017-04-27,-0.3952099705750906,-0.9231232611273212,0.1379649556099356,0.2129686438615237,0
2017-04-28,0.2927963255879005,-0.9192825297624004,0.1549693069277486,0.2839168330727802,0
2017-05-02,-0.9536502952535636,-0.8754225402948689,0.1056612365719136,0.019334473685929,0
2017-05-03,-1.427360601279987,-0.6581740131070415,-0.2732982208049316,-0.3604525782508301,0
2017-05-04,-1.0356872951144909,-0.6032824049292812,-0.6293915128193253,-0.6247845629325871,0
2017-05-05,0.1658917638079209,-0.6057165483113862,-0.6380408998173992,-0.5706400965720574,0
2017-05-08,-0.2446248012642586,-0.6113437880247806,-0.6045814519467159,-0.6249417123510497,0
2017-05-09,-0.6234245838993075,-0.6012136505480158,-0.7954424685180996,-0.7747511472807723,0
2017-05-10,-0.030860359458036,-0.6014602077375375,-0.7974018689801683,-0.7687858695366451,0
2017-05-11,0.3732596043469217,-0.8470413568655415,-1.033077953157476,-0.6546063481578177,0
2017-05-12,0.2605281688521868,-0.91215036621143,-1.1228102822839188,-0.5702462733958477,0
2017-05-15,0.2426602736319554,-0.9422283431975588,-1.1696399519441112,-0.4912126186674277,0
2017-05-16,0.41204982719851,-0.893029283900097,-1.0061533086886705,-0.3701303377168118,0
2017-05-17,1.779786143129903,-0.5230717285072393,-0.7047632942540494,0.1015842701563204,0
2017-05-18,-0.843446102703621,-0.533134978553586,-0.6887872425387741,-0.1248127009764164,0
2017-05-19,0.4729625735183963,-0.505839213410943,-0.6186493117373827,-0.0041972769483322,0
2017-05-22,0.3955079736960533,-0.494276268565007,-0.588543339740427,0.0895436096424051,0
2017-05-23,-0.6579205182960721,-0.4991486499113988,-0.5782105022016608,-0.0996315782057905,0
2017-05-24,0.371348440629935,-0.5685477001842169,-0.2519814495264895,-0.0172886210207012,0
2017-05-25,-0.1309523928371649,-0.596497005566361,-0.3908080368197867,-0.0678917097948806,0
2017-05-26,0.860735853356093,-0.5263108247462501,-0.0982723587944987,0.1406535878286404,0
2017-05-30,-0.3545303347920151,-0.526480432968007,-0.2495070260935547,0.0335185857676856,0
2017-05-31,0.3763686645562016,-0.5990838636102707,0.0622893486270143,0.123354444947562,0
2017-06-01,0.0605988276092184,-0.8364780585713155,0.4160636262760206,0.1288556853588086,0
2017-06-02,0.7120585343705645,-0.9609018629931392,0.8383853886060036,0.3091473819222133,0
2017-06-05,0.076354087610899,-0.9596472962490143,0.8165697767034884,0.3214455637181316,0
2017-06-06,1.096548265625107,-0.889060411435459,1.1453974888712073,0.6076948969965721,0
2017-06-07,-0.551500165957173,-0.9033299337351556,1.1631568027727226,0.4454323531210708,0
2017-06-08,-0.6775011307651716,-0.8151446087790092,1.003948659464588,0.2544333384329357,0
2017-06-09,-0.9385922060217426,-0.6816212591449211,0.684106909382821,0.0025361153406735,0
2017-06-12,-0.1716358343634497,-0.6731315591620198,0.5796570433517616,-0.0434786778101405,0
2017-06-13,0.0773775683655534,-0.674443427590614,0.5398290280289648,-0.0218958409003487,0
2017-06-14,-0.5713853271675176,-0.6387767995297459,0.3042083110933531,-0.1749049647633917,0
2017-06-15,-0.4402753632390389,-0.9683770899626968,-0.2192491388355858,-0.2889013732187341,0
2017-06-16,-0.005491888917232,-1.0548756918419036,-0.0230365613397971,-0.2844047417309802,0
2017-06-19,-0.7874441547107323,-1.0137500817102767,-0.317547366412879,-0.481782928598797,0
2017-06-20,-0.2334943637165383,-1.0397004422138338,-0.4631390277213156,-0.5330657220392474,0
2017-06-21,0.2649443988523507,-1.0700563105755203,-0.2492140358743034,-0.4531957171028687,0
2017-06-22,0.3145767030652162,-1.075988073318243,-0.2624311104156669,-0.3617001260124551,0
2017-06-23,0.4055631919360598,-1.0511527813426111,-0.1372242587630625,-0.2402589697531606,0
2017-06-27,-0.5425638359485673,-1.1337840055361328,-0.4632984491142718,-0.3642324261269513,0
2017-06-28,0.0534576045456639,-1.1412899299689714,-0.3689688323781636,-0.3277683722489636,0
2017-06-29,-0.5110869860746895,-1.148456772435952,-0.5736637422667326,-0.439866101563946,0
2017-06-30,-0.2760366811937437,-1.150263951360856,-0.6508358129584111,-0.4856740773964698,0
2017-07-03,-1.6705497151599222,-0.9714146252783168,-1.1896714176786922,-0.8923978921611292,0
2017-07-05,0.3473555865386316,-0.9406327230035556,-1.1290287326463266,-0.7724553485041474,0
2017-07-06,-0.0651465273316388,-1.1815847832085034,-1.387829968087555,-0.7580881174397972,0
2017-07-07,-1.0488940123400063,-1.113589565337353,-1.497722680356372,-0.9978231888666704,0
2017-07-10,0.1423857218323032,-1.105592184414612,-1.3162865872918783,-0.9343840752937824,0
2017-07-11,0.1075352604763666,-1.1514636534304064,-1.0826136419800023,-0.877905986924593,0
2017-07-12,0.3316216357902916,-1.1100066076523372,-0.969327167331144,-0.7666405879238483,0
2017-07-13,-0.2033366374413699,-1.1214862918152229,-1.0325880590044307,-0.7921268226031434,0
2017-07-14,0.794383763791222,-1.0140161396328111,-0.7231253262181891,-0.5655788774180326,0
2017-07-17,0.4219482784437908,-0.9876374780579876,-0.525570087517207,-0.445428747103317,0
2017-07-18,0.674221389471548,-0.9163407257460944,-0.3686266295249635,-0.2667086539191774,0
2017-07-19,-0.047638025992149,-0.982272300829685,-0.1965907706880418,-0.2782580150890876,0
2017-07-20,0.113118856905833,-0.985044633566202,-0.1155496771272389,-0.2489306830312239,0
2017-07-21,0.8364364855429661,-0.9069605900567012,0.0186850996150115,-0.0339190399910723,0
2017-07-24,0.0196551833332291,-0.9187263287761618,-0.0506832897871747,-0.0374502774230311,0
2017-07-25,-0.3495532719087457,-0.928384260043426,-0.2273639857693395,-0.1360022861609891,0
2017-07-26,0.7815215581608118,-0.8870435452128821,0.0833273886084689,0.0658760025473243,0
2017-07-27,-0.097320039221266,-0.8855870447688728,0.0477400390719057,0.0336773460379649,0
2017-07-28,0.7260234518263978,-0.8676419398019524,0.3413221524044418,0.2218598817818175,0
2017-07-31,0.0274398684137913,-0.8825703853592418,0.4138976581914259,0.2309502567166853,0
2017-08-01,-0.1050661173678967,-1.3141407777995404,0.7917981220751321,0.2001525733527785,0
2017-08-02,-0.2296032495692823,-1.2965823155572656,0.6518338656722739,0.1395545870882445,0
2017-08-03,0.1353840474811359,-1.3035589104508425,0.7003889502387812,0.1790207992752197,0
2017-08-04,-0.8045431165121185,-1.3893718447820045,0.7596861855462186,-0.0340120074690715,0
2017-08-07,-0.1392822804836317,-1.3748072761564238,0.6913458668608817,-0.0649455785476937,0
2017-08-08,0.270095392947002,-1.3729179706520922,0.7307638783927393,0.0117998534460988,0
2017-08-09,1.1798531805946102,-1.220498579835798,0.9374883798783996,0.3333128025181978,0
2017-08-10,0.7166823351922179,-1.2114583065056757,1.1637003008977536,0.5255126550141173,0
2017-08-11,0.4510757892392276,-1.2506829092509468,1.0790450324944794,0.6454461363196937,0
2017-08-14,-0.733066582801249,-1.132213807879629,0.796358406709322,0.4450951017337708,0
2017-08-16,-0.0632459239912802,-1.1637067574214308,0.6175663410045802,0.4327096910477197,0
2017-08-17,0.4850382316673581,-1.153052777858165,0.7465763763122634,0.5680396792537405,0
2017-08-18,-0.1774249844099904,-1.1379666432607802,0.6761237122294563,0.5291768854402636,0
2017-08-21,0.3530534593144524,-1.2011507285149954,0.5593631138931631,0.6307488418190591,0
2017-08-22,-0.4711375672794943,-1.1540870508548746,0.4413889270577916,0.5050305275156999,0
2017-08-23,0.353329335945039,-1.176670611895824,0.6105236608460889,0.5982090212394883,0
2017-08-24,-0.3323970565365658,-1.2151664225806995,0.3430309324162698,0.5043109091367496,0
2017-08-28,1.920671554191474,-0.8101885458288709,0.8298267059268613,1.021595470810018,0
2017-08-29,-0.2389495521938977,-0.8299142732302299,0.5958221798310744,0.9398146597236056,0
2017-08-30,-0.0704618785298071,-0.8265687435307821,0.5722071161040074,0.902996837283508,0
2017-08-31,1.144553427716287,-0.7253413847062756,0.8753734882568501,1.1984889307432345,0
2017-09-01,0.1682601673816637,-0.7451250664482036,0.9726959974849436,1.2162240258774994,0
2017-09-05,1.0818632015829417,-0.6683866665934336,1.2057796519469508,1.4841132761911977,1
2017-09-06,-0.5333496351717152,-0.722242782631639,1.272972571949174,1.3007100772447748,1
2017-09-07,1.0129762941875051,-0.6876904013773426,1.5605060831515407,1.550283314808126,1
2017-09-08,-0.1471578794862807,-0.6652929542478866,1.4560021254412938,1.474628610502328,1
2017-09-11,-1.422508549608386,-0.4768796472670424,0.8139748468515193,1.0464156000475364,1
2017-09-12,0.2704378177954984,-0.5052590388761243,0.7055510235210083,1.092764034300252,1
2017-09-13,-0.77546311054167,-0.4386699608470968,0.4100207713369556,0.8495606871457232,1
2017-09-14,0.4145255751673199,-0.4998212126202648,0.6864197059249058,0.9334958224394696,1
2017-09-15,-0.5227039415024486,-0.4618995318682869,0.5753776819733961,0.7517195444949811,1
2017-09-18,-0.9583606445395308,-0.3741375524315737,0.2298379761182127,0.4591221431309833,1
2017-09-19,0.1865429002381399,-0.3779998006321232,0.3164995198220938,0.4795723026283082,1
2017-09-20,-0.8276614971781743,-0.3184024577733282,0.0365133420008308,0.2231119600982253,1
2017-09-21,-0.7853013048400255,-0.2832230420490915,-0.0374298349822859,-0.0145524486828916,1
2017-09-22,0.4330412813123576,-0.2777124840565836,-0.0186904202458591,0.0743352354902481,1
2017-09-25,1.018720139230288,-0.2058311780901169,0.3012262965687343,0.3184116211878325,1
2017-09-26,-1.144356139441504,-0.421926768488196,-0.418337187413493,-0.017021766720623,1
2017-09-27,-0.9684190266832106,-0.3547675707769127,-0.5863658986700885,-0.2924436000894964,1
2017-09-28,0.1660700277155032,-0.3477890360175248,-0.5320165305947475,-0.2637018563033921,1
2017-09-29,-0.5389151342885792,-0.4904064205754929,-0.9160524228206626,-0.4157406155903491,0
2017-10-03,-0.6408335574773432,-0.4869047259651073,-1.098335949704335,-0.5906107115106197,0
2017-10-04,0.2586547249003498,-0.6388729841976575,-1.2822914711265565,-0.5292658715476803,0
2017-10-05,-0.5599528912396683,-0.6373801339641431,-1.288211047490115,-0.675860344756674,0
2017-10-06,0.4494399592013326,-0.7605211569609907,-1.413235927417021,-0.5596592965769306,0
2017-10-09,0.7917487936778457,-0.6392821520168991,-1.2045403056558406,-0.3582898090899195,0
2017-10-10,0.2394520002095566,-0.7731814477859748,-0.8302879404403979,-0.2997152939166832,0
2017-10-11,0.2957743159947579,-0.7706060511247868,-0.8245341965228926,-0.2280842646252835,0
2017-10-12,0.059135390021413,-0.8091442980787333,-0.6341851420592562,-0.2159201649255604,0
2017-10-13,0.731439394539626,-0.7597093722504796,-0.5614884746462515,-0.0276918143073755,0
2017-10-16,-0.7108689936885352,-0.7391972221427509,-0.6046793331354475,-0.2218907643896218,0
2017-10-17,-0.707464277536822,-0.7787486419070444,-0.5470712324594349,-0.4112490623701328,0
2017-10-18,-0.399480959474435,-0.7814802810941341,-0.6814024764604606,-0.5154661438187246,0
2017-10-19,0.5675881622991166,-0.7886453047484348,-0.3602773099949899,-0.3713622302724168,0
2017-10-23,-0.5053169764258012,-0.8254652958173527,-0.2952955229932652,-0.5088145508536673,0
2017-10-24,-0.4087457066851778,-0.8431802100995127,-0.4901188455796762,-0.6167326041176718,0
2017-10-25,-0.0057693873355614,-1.0000562114752654,-0.725024249667375,-0.6125781630373767,0
2017-10-26,-0.8660664833446279,-1.0620807667062635,-0.6614531218998557,-0.8252348291520621,0
2017-10-27,0.4501829665036989,-1.122068135434099,-0.3346299366735079,-0.6939156871256958,0
2017-10-30,0.1677506421236563,-1.121960246762889,-0.3342399930470308,-0.6407890444246792,0
2017-10-31,-0.4026012070616741,-1.1373086366193998,-0.3025899900752095,-0.7352603189783598,0
2017-11-01,0.3416088509212227,-1.168854324943888,-0.0732010529710372,-0.6341483612405786,0
2017-11-02,0.0437702107347738,-1.179091610797936,-0.1235668938266886,-0.6121021973090962,0
2017-11-03,-0.4935376857527437,-1.1887495291402514,-0.1080116825388714,-0.726464422284413,0
2017-11-06,0.8277781172512845,-1.1199437063696769,-0.019203113971016,-0.5009457043933588,0
2017-11-07,-0.3844786684092173,-1.1969083747103992,-0.2942046595486292,-0.5900461800475928,0
2017-11-08,0.32355059738059,-1.188718668273182,-0.2746496609376209,-0.4962099492016624,0
2017-11-09,0.3878644912498084,-1.1783328400429738,-0.2532175449022378,-0.3768449141350357,0
2017-11-10,-0.8441501640781558,-1.0978297426974983,-0.4625883991900351,-0.5796133585768335,0
2017-11-13,0.1261990082984845,-1.1886778457192446,-0.6018211717095571,-0.5275171221454241,0
2017-11-14,0.1835614829095774,-1.2308527830423146,-0.3957633446958641,-0.4549729517232384,0
2017-11-15,-0.1456713174259485,-1.292339833984939,-0.2653923115508943,-0.467584903723217,0
2017-11-16,-0.0304799466748016,-1.3122453929272877,-0.1793615256249687,-0.4436976443240325,0
2017-11-17,1.1728331329476145,-1.1525659883504569,-0.0375621997804244,-0.108837089797228,0
2017-11-20,-1.2914630505142812,-0.9707590711703318,-0.2215774152605809,-0.4168695687554257,0
2017-11-21,0.1424380460858971,-0.9851942800892364,-0.0927121283698539,-0.3453180231998378,0
2017-11-22,0.894970223658552,-0.8890184928547065,0.1194136957261808,-0.0853861530130351,0
2017-11-24,-0.2752736875462735,-0.9777052350854852,0.2595880281237429,-0.1345306343195319,0
2017-11-27,0.3936965866076657,-0.9828579689974128,0.2461499541898896,-0.010905566946302,0
2017-11-28,-0.0385261811780332,-0.9835241929863971,0.1971412721831399,-0.0005478074944093,0
2017-11-29,-0.6509978130071764,-0.9484863973808084,0.1382595298137868,-0.1536591861177398,0
2017-11-30,-0.7952185868473365,-0.8846599558591314,-0.1293630966858581,-0.3451640816010695,0
2017-12-01,0.3814325158878245,-0.8666087046824048,-0.0501908796436368,-0.2246626758094437,0
2017-12-04,-0.3599007943302627,-0.8799545200795934,-0.0187828886152663,-0.3038314274082496,0
2017-12-05,-0.7342340739269848,-0.9115846218662876,-0.3832848958906633,-0.4820508869576732,0
2017-12-06,-0.2301725661080531,-0.9202977501645252,-0.3475299228581627,-0.5231427692684093,0
2017-12-07,-1.3464538520675997,-0.7656834365063798,-0.7315762660549585,-0.8438415231521789,0
2017-12-08,-0.0306764817804372,-0.7976858804077892,-0.8268257381386642,-0.8260871257550111,0
2017-12-11,-0.4195976585748943,-0.8431234584450397,-0.7302052842908411,-0.9123935987071868,0
2017-12-12,0.0962811688433763,-0.8449562521314063,-0.7370274895374541,-0.8642368378408761,0
2017-12-13,0.8370813499643088,-0.7494513785498768,-0.5875386778229669,-0.6294336547922446,0
2017-12-14,-0.2237734484389668,-0.7484004467904871,-0.6054555387043292,-0.6740498377623728,0
2017-12-15,0.187675688074035,-0.7389154471990338,-0.5553749105172765,-0.6104003680762111,0
2017-12-18,0.438035999516053,-0.8961344861985698,-0.7236227301046853,-0.4858439412751361,0
2017-12-19,0.0528697667567125,-1.065377885431994,-0.414866946396569,-0.4604917452617517,0
2017-12-20,0.2443814391186948,-1.0579770594308524,-0.3912835859076699,-0.3815226794356587,0
2017-12-21,0.1191106959491836,-1.1871140758420984,-0.5701656978849705,-0.3349112782715714,0
2017-12-22,0.4998733755798378,-1.140929904258322,-0.3914484893636541,-0.1878871090499073,0
2017-12-26,0.6614781294926226,-1.0968731950535655,-0.3293862608636536,9.964149387577928e-05,0
2017-12-27,0.3546901131053099,-1.0743183402888608,-0.237950900213288,0.1086358405915829,0
2017-12-28,0.4835479209912212,-1.0944455974716627,0.027892138722323,0.2459467223887328,0
2017-12-29,0.6266396044048025,-1.145435499152369,0.365345566243229,0.4155833475641934,0
2018-01-02,1.1831712375024148,-1.0003227175652258,0.5577512743597193,0.7305510651908426,0
2018-01-03,-0.286192456109745,-1.008711598713496,0.5755177865655074,0.6467741387703063,0
2018-01-04,0.4890196650763472,-1.09833441420932,0.8722891774713802,0.7710998510825762,0
2018-01-05,-0.1258808636768079,-1.1087386508157784,0.8977596030525519,0.7242749074169914,0
2018-01-08,-0.038201367869369,-1.4821840002424684,1.2195324390299858,0.7018823407326219,0
2018-01-09,-0.4860169326155594,-1.401686839067353,1.107060549968212,0.554462857376512,0
2018-01-10,0.2179059894198581,-1.4801479418071433,1.2646715339948147,0.6017200422865426,0
2018-01-11,0.3050386638658496,-1.4855426232997069,1.3165018013621677,0.6722405991757026,0
2018-01-12,1.181818589966461,-1.3981036500536073,1.4023303944240904,0.9770252409464764,0
2018-01-16,0.1429720528971917,-1.441469643325734,1.4939638528939962,0.9953438299773956,0
2018-01-17,-0.8352191226148482,-1.240035324204306,1.2392241479080173,0.7473493566338268,0
2018-01-18,-0.2443939264155933,-1.2102867237668349,1.0707169631150777,0.6624388301243049,0
2018-01-19,0.4215634632825853,-1.2102146790437642,1.1616127987986864,0.7632989466592476,0
2018-01-22,0.1594682848648009,-1.209179861385014,1.1406490264699232,0.7889347474942705,0
2018-01-23,0.4737953186739483,-1.2044167252074571,1.2283335658732042,0.9008043837553228,0
2018-01-24,1.1878019315575288,-1.095090919154105,1.399291540662307,1.2081034208747576,0
2018-01-25,-0.6918137658064545,-0.9977685553532556,1.06409873792158,0.9896820165222352,0
2018-01-29,-0.5077561398030663,-0.937449107065388,0.8528372595582507,0.8275170987687457,0
2018-01-30,-0.4549172953291404,-0.9044932616289776,0.6250157015913034,0.6844584552301453,0
2018-01-31,0.6456504787304036,-0.9022176130765066,0.6296095845143741,0.8409526931963776,0
2018-02-01,0.3061396766870088,-1.0399876097864915,0.4185861537060243,0.9019888845830872,0
2018-02-02,-1.342288599627335,-0.8140109355962822,0.1669225222930433,0.5221735104903568,0
2018-02-05,0.2305392377258873,-0.8332925162956233,0.1057315599929925,0.5674596071917734,0
2018-02-06,-1.0770950689534522,-0.7055003552036383,-0.1180950939916513,0.2625979971992459,0
2018-02-07,-0.4937696863459432,-0.6827277610798557,-0.2245412434911695,0.1255447682141898,0
2018-02-08,0.1298491559080209,-0.7024765993383919,-0.0805250797962778,0.1549882512856918,0
2018-02-09,-0.1903635212779479,-0.7056467943350464,-0.1760952688698829,0.1011343972560462,0
2018-02-12,0.4573391621224177,-0.6922924062457018,-0.1404894848577593,0.2195488811128197,0
2018-02-14,2.232642365690038,-0.3422881335050773,0.1066627074880843,0.8094971375721309,1
2018-02-15,0.0946345934993425,-0.3430937546831573,0.0952367139951746,0.8093095456493932,1
2018-02-16,-0.3498333118254187,-0.3988642770087341,0.2102232508817297,0.690473856554978,1
2018-02-20,-1.3750961566753672,-0.2316351876176454,-0.0567749395886488,0.2980467849189835,1
2018-02-21,-0.4825924740817867,-0.2315210422542349,-0.2681153348572418,0.1500538788240006,1
2018-02-22,0.4856106692164799,-0.2110668139424196,-0.1921020348177419,0.2603991583235227,1
2018-02-23,-0.1489689458545874,-0.2338730382968858,-0.3370333475631233,0.1927660315931249,1
2018-02-26,0.2231324998433986,-0.3699072278585373,-0.5597588082747772,0.2245685979440046,1
2018-02-27,-1.0712843763476425,-0.3181473424991348,-0.6467846775959127,-0.0886967168672104,1
2018-02-28,-0.1261543245266501,-0.3312488793500695,-0.5592691151125302,-0.1458252172257356,1
2018-03-01,-0.246422206563513,-0.340257093555315,-0.5113120837440189,-0.2293108855400596,1
2018-03-05,0.3457847831655237,-0.3733185795983779,-0.5802542395349564,-0.1577926799528131,1
2018-03-06,1.050083673069194,-0.2698137083059569,-0.4088333398553185,0.0984772207383816,1
2018-03-07,-0.6642580058320665,-0.3835361039656776,-0.2514852707621544,-0.0996507888689712,1
2018-03-08,-0.2610803339683436,-0.3876741010698799,-0.3656799353321568,-0.1873089458827003,1
2018-03-09,0.0733603172644925,-0.4865778582099396,-0.0975659346395966,-0.1847342532868465,0
2018-03-12,-0.0222439397515679,-0.5097420147329144,0.0132178882071718,-0.2069163563646439,0
2018-03-13,0.1686846536931764,-0.508680150770942,0.0223655058557064,-0.1765053500051529,0
2018-03-14,-0.0858483182085794,-0.5117380912502791,0.0470014945051758,-0.2101143047428691,0
2018-03-15,-0.6605051168401775,-0.4925598830531345,-0.2151624452933475,-0.3909171216373754,0
2018-03-16,-0.262650241451605,-1.1055280057925447,-0.7899055781187759,-0.4618161751279058,0
2018-03-19,0.1941489528714189,-1.0972277302137086,-0.7672579477312096,-0.4097412828254209,0
2018-03-20,-0.4715788019363283,-1.0891249796819369,-0.7949618928738148,-0.5248347756674019,0
2018-03-21,1.7077796763282185,-0.8898726122268884,-0.0829388805080733,-0.0722459859853851,0
2018-03-22,-0.4182196061265218,-0.8966058428083198,-0.0678359921359121,-0.1803270748104208,0
2018-03-23,1.2628984204360725,-0.7431978677657978,0.1152977182286073,0.155045542162252,0
2018-03-26,0.5012501834281595,-0.7247053767352893,0.2695908775305252,0.284080608009269,0
2018-03-27,-0.6397907651574266,-0.6787633420918251,0.0650417361521389,0.1051482765511882,0
2018-03-28,-1.4119111649345852,-0.5905565822023611,-0.0152163555685929,-0.2699947595067107,1
2018-04-02,1.186915387211341,-0.4628539536400409,0.2956781423586231,0.0457700149744588,1
2018-04-03,-0.7792208936005991,-0.4061406330187853,0.1690352934365305,-0.1543739360975375,1
2018-04-04,0.0964074937403791,-0.4147859206102113,0.1099913976037038,-0.1196145424063359,1
2018-04-05,-0.5374364971817245,-0.495387910361063,-0.2624446889571321,-0.2556146112795742,1
2018-04-06,0.4455049421655557,-0.5138996787747174,-0.0027143871371643,-0.1331044672459545,1
2018-04-09,0.3172866010671753,-0.5128491544034066,0.1337945661455218,-0.0438880514925062,1
2018-04-10,0.2139589849371783,-0.5099229067795048,0.1670988447424575,0.0175372576524029,1
2018-04-11,0.7532800291108134,-0.4642723763430161,0.3516450323154223,0.2232645900809771,1
2018-04-12,-1.1917460591302038,-0.3246571294976521,0.0288565528083904,-0.0823120427172476,1
2018-04-13,0.6309072644282276,-0.2936604939287305,0.1983730968242292,0.0954081198213454,1
2018-04-16,0.1188432004949593,-0.3404754160467145,0.3840776572326423,0.1322747650220847,1
2018-04-17,0.0717056430212423,-0.3519186311525176,0.4641934612043421,0.1535853902358642,1
2018-04-18,0.0559770062530558,-0.3525678365007832,0.431053264837315,0.1738712242895329,1
2018-04-19,-0.2179141722743837,-0.373168368883538,0.4919292591117934,0.1230252949118211,1
2018-04-20,-0.7850921184592753,-0.5710344731665424,-0.0996777277907348,-0.0830824494373275,0
2018-04-23,-0.822779582887384,-0.5234289718228665,-0.1943039704654728,-0.2920342290074403,0
2018-04-24,0.462017254475312,-0.6729229187549207,-0.3805037673593481,-0.1666365462647338,0
2018-04-25,-0.6737613938823223,-0.6778153530564792,-0.6510008787990325,-0.3426150234188715,0
2018-04-26,-0.3735991558717029,-0.6992159398195366,-0.589999680712521,-0.4355949533956014,0
2018-04-27,0.4008241944896434,-0.8734368978680688,-0.1702406835942362,-0.3266138944690914,0
2018-04-30,-0.7497544169703831,-1.0152791535076624,-0.6184210458816961,-0.5157240645074035,0
2018-05-02,-0.7793318117695814,-1.015260638377313,-0.6184464665009243,-0.6954760763769995,0
2018-05-03,0.4857997078441498,-0.974879231063298,-0.5290301949100097,-0.5450917896704941,0
2018-05-04,0.186677160680831,-0.990290996540872,-0.3618228189784474,-0.4757394564444309,0
2018-05-07,0.001833091572814,-1.0250847231329931,-0.4644161525802718,-0.4623908558558942,0
2018-05-08,-0.0061978470860532,-1.046796812478085,-0.5389312223025885,-0.4536699879616429,0
2018-05-09,-0.2310749823452542,-1.0600646339535211,-0.6410521337229453,-0.5005235618980431,0
2018-05-10,0.6588740982621014,-1.081170935317953,-0.6626568567747,-0.3162963636985087,0
2018-05-11,-0.1660943958567144,-1.245496203247333,-0.4268404454028762,-0.3483537598471892,0
2018-05-14,-0.4309489638862849,-1.3151333488600805,-0.6709368319949615,-0.4538202168144533,0
2018-05-15,-1.649480792406488,-1.0232641704230092,-1.0717236780055035,-0.8696978307280504,0
2018-05-16,-0.1774438939618,-1.0349589014426643,-1.1276252292141815,-0.8999849808588223,0
2018-05-17,0.034962043060908,-1.0365231277393947,-1.132333977268019,-0.8734774640502578,0
2018-05-18,0.0186001138036136,-1.0281829374888352,-1.0792818991965685,-0.8458130152747105,0
2018-05-21,0.0349059780910065,-1.0637265286086897,-0.8943746632819147,-0.8175103019385743,0
2018-05-22,-0.0793938575941424,-1.1199708558563368,-0.7254274634178947,-0.8199106986033697,0
2018-05-23,0.0838638531559529,-1.1657245805122345,-0.8115263225422001,-0.7797963714928938,0
2018-05-24,0.8306912037628823,-1.0783135621782611,-0.4670508957422612,-0.5481838447066343,0
2018-05-25,-0.330084732731951,-1.081309403474309,-0.4570100262704727,-0.618318115105877,0
2018-05-29,-0.0384697691360017,-1.1152136332255251,-0.5581758849451279,-0.6120679494581521,0
2018-05-30,0.1237185301491649,-1.1686897516600248,-0.3565843285910647,-0.5673026254359623,0
2018-05-31,-0.2412707399126484,-1.2395022029769236,-0.2315239652970744,-0.6185544523642054,0
2018-06-01,-0.5188488457073128,-1.2555258479300229,-0.4644886402967506,-0.7386435802098031,0
2018-06-04,-0.120223678771332,-1.2681602865050183,-0.5351892926008687,-0.7561410890174193,0
2018-06-05,0.3691125605701253,-1.236464429795274,-0.4505536642929916,-0.6385592533084516,0
2018-06-06,0.0347013504386753,-1.2351863533520977,-0.4411096257723076,-0.6107813356954729,0
2018-06-07,-0.0710504285451413,-1.2383025362230535,-0.4041211809563713,-0.6036460239317908,0
2018-06-08,0.0997338333372109,-1.3199472894598887,-0.5331045710202462,-0.5494027545073829,0
2018-06-11,0.156387175446971,-1.310090283452642,-0.4588020618511805,-0.4843561132287316,0
2018-06-12,-0.3554058002069882,-1.3172805462339965,-0.4413615933630495,-0.5598298943025588,0
2018-06-13,0.278462705934028,-1.8011799180476142,0.0082276516949185,-0.4633828232228039,0
2018-06-14,0.1318168462374054,-1.8070338291189103,0.081156513090532,-0.4102842981125734,0
2018-06-15,-1.6889594822426772,-1.2747805964854744,-0.3225116134542353,-0.8261840826356623,0
2018-06-18,-0.2119093922170069,-1.2728885546320725,-0.3759613003303517,-0.8559261067210975,0
2018-06-19,-0.2784534219917413,-1.2692185611290812,-0.4484245419735502,-0.8991409169969414,0
2018-06-20,-0.47012281263715,-1.2486654724747106,-0.5384616062728519,-0.9878568829585992,0
2018-06-21,-0.1969613463614635,-1.2538476114609425,-0.6029561453040597,-1.0035752450694224,0
2018-06-22,0.2189477128470429,-1.3827096416995006,-0.7428240110307917,-0.9086020015688058,0
2018-06-25,-0.3967625115070808,-1.3781307705904424,-0.7580174259722643,-0.9774967560553572,0
2018-06-26,-0.5489396586360674,-1.3575843614379253,-0.8739995895411535,-1.07934503578765,0
2018-06-27,-0.5938751111679473,-1.3499083419863644,-1.0360434405121923,-1.188706783037661,0
2018-06-28,-0.3262011036411578,-1.3482150771766528,-1.0551451757023935,-1.2270253153894506,0
2018-06-29,0.3407084760394872,-1.316862593241374,-0.8610706085495803,-1.0953166087524409,0
2018-07-02,-1.0299355969870598,-1.2141911641857317,-1.066417854711994,-1.3115528103803031,0
2018-07-03,0.985447717483924,-1.0619764483509475,-0.9274981456360826,-1.0191712108762538,0
2018-07-05,0.3142082688197642,-1.0353609553210763,-0.8642154659974535,-0.9042551290625214,0
2018-07-06,-0.1819189988777967,-1.0370440793296174,-0.8893382021800638,-0.914451715754066,0
2018-07-09,0.2213659365437322,-1.026166978090165,-0.8617749732822952,-0.8245152194120313,0
2018-07-10,-0.2069974984943756,-1.0417593495398014,-0.9440226362561112,-0.8468686172259111,0
2018-07-11,-1.1124916152051465,-0.943157072579754,-1.1144224107034857,-1.0958088961723638,0
2018-07-12,0.393280708205548,-0.9271641927710524,-1.0886628908417402,-0.9610717236923496,0
2018-07-13,-0.4632641426137647,-0.9389210896687236,-1.2218497134126598,-1.049461383453547,0
2018-07-16,-0.0732545648208823,-1.224167365671372,-0.8583799543196533,-1.0340604549354833,0
2018-07-17,-1.108168698501944,-1.1081913964231884,-1.060728179874778,-1.278270291359482,0
2018-07-18,0.0035431937735498,-1.101971557672808,-0.9972573721652624,-1.2368010162065322,0
2018-07-19,-0.452917924780495,-1.10314022829791,-0.993379158360861,-1.3099229727864374,0
2018-07-20,0.6230732564837197,-1.0159235949987904,-0.807756100027448,-1.1114293923809433,0
2018-07-23,-0.5036842767822229,-1.024362169810896,-0.9714107054269716,-1.1961395427119643,0
2018-07-24,0.0122225926962608,-1.024009465599338,-0.8789330944473951,-1.149122225855398,0
2018-07-25,0.527597489429934,-0.9835053261298302,-0.633695676900625,-0.9737946003424252,0
2018-07-26,-0.8049637567912018,-0.9539234042258652,-0.6819904878490671,-1.1469857230744855,0
2018-07-27,0.0295573739540988,-0.9552499662753536,-0.6005378317469653,-1.1059875078603818,0
2018-07-30,-0.1777152879208116,-0.9835157719860952,-0.7191370467871281,-1.117240537868042,0
2018-07-31,0.2712178160550482,-1.0714776431430268,-0.4203042773401461,-1.0139118552899185,0
2018-08-01,-0.7575265679641503,-1.1883834160664914,-0.8197275995983584,-1.1718215826607097,0
2018-08-02,-0.5620028633801728,-1.2062319147385263,-1.0179066667509635,-1.2763977300873732,0
2018-08-03,0.3263208216643452,-1.1659869813289798,-0.9031659697864854,-1.1542819125275838,0
2018-08-06,-0.5367985172781051,-1.177193017516962,-1.074116285739229,-1.2465012947232197,0
2018-08-07,0.2048320108127484,-1.151873705609071,-0.9814181672528164,-1.151082949736851,0
2018-08-08,0.2565401761414027,-1.2529867699955497,-0.6705055045245298,-1.0433831942237208,0
2018-08-09,-0.1702528551965633,-1.2988207623148558,-0.7990020713641912,-1.04408645014277,0
2018-08-10,-0.0658122341339572,-1.3121213126632485,-0.7084506488371534,-1.0187144731743467,0
2018-08-13,-1.5416650792682798,-1.050294014900477,-1.041214000827123,-1.3674517024057784,0
2018-08-14,0.0750575662300121,-1.1545478351513798,-0.7734606168984387,-1.302460249920832,0
2018-08-16,-1.779320571800015,-0.84608199014658,-1.1757013350861674,-1.6976246881237904,0
2018-08-17,0.9002802371414942,-0.7127911298883253,-0.871056706277769,-1.417823332264363,0
2018-08-20,0.4757780525607427,-0.7363139839413076,-0.9044175389584884,-1.2465166029682475,0
2018-08-21,0.2700678519911663,-0.7270771232263092,-0.7286203410006878,-1.1277670119622654,0
2018-08-23,-0.7501899726523653,-0.6946588268105113,-0.9018509917755948,-1.26629879923417,0
2018-08-24,1.7090038910427092,-0.3956111695254925,-0.632855121906871,-0.7806981531263437,1
2018-08-27,0.3535856609248375,-0.4221181360095978,-0.3659582153228956,-0.6439122182227245,1
2018-08-28,-0.8192901161984676,-0.3750444388177179,-0.5618112230029867,-0.8087734745339202,1
2018-08-29,0.4339879137075824,-0.3496142323518036,-0.4208415847898684,-0.6575211956555302,1
2018-08-30,-0.5136579779494503,-0.34730491286636,-0.6015631771778845,-0.752477571166695,1
2018-08-31,-0.1366665881391943,-0.3855218420603729,-0.4587244117268292,-0.7495890674628012,1
2018-09-04,-0.5343591549101195,-0.3878347824889104,-0.4523438826905864,-0.8501406987719664,1
2018-09-05,0.3223965392472251,-0.3881353422899717,-0.4532497657974459,-0.7299987813471428,1
2018-09-06,0.1716471329561266,-0.4022431982786682,-0.2891342305873286,-0.6484985503719778,1
2018-09-07,-0.2955589298321954,-0.4044710223200381,-0.4051732548885196,-0.6899188900065627,1
2018-09-10,-0.0929004845166827,-0.4156633406986408,-0.4858636527584928,-0.6807197883900868,1
2018-09-11,0.0395815834039547,-0.4145380587266108,-0.4374439859476575,-0.64017541786967,1
2018-09-12,0.8130587734161951,-0.34363722150075,-0.2335350119067243,-0.4016231489383732,1
2018-09-14,-1.034297366773675,-0.4615468816820683,-0.1150006567498788,-0.6424708677963916,1
2018-09-17,0.4982660094313429,-0.4378825176595468,-0.0156668758410863,-0.4879895203101252,1
2018-09-18,-0.1719410194882159,-0.7710767113786049,0.3654658300268763,-0.5035731857469069,0
2018-09-19,0.3647471510302502,-0.8394785205757586,0.237801914622264,-0.3775390592548081,0
2018-09-21,-0.3651867610956749,-0.8435909455799225,0.0387022852555385,-0.443512798212157,0
2018-09-24,-0.0398595742367956,-0.8514789212703437,-0.0342521325474986,-0.4219895630331348,0
2018-09-25,0.1362119780104305,-0.9201515483808972,0.1750028167967685,-0.3556381490833513,0
2018-09-26,-0.5514077643046574,-1.2838978782352692,-0.3549727160880733,-0.4743897372931959,0
2018-09-27,-0.9104584543929534,-1.2170457577602838,-0.6461573398407423,-0.6799277590652792,0
2018-09-28,0.6091990013124237,-1.2197640710337805,-0.3168198680602299,-0.4916884568605248,0
2018-10-01,-0.1908335395375697,-1.2570469312220354,-0.4614513574059561,-0.5131344690170461,0
2018-10-03,0.7297623821813243,-1.194191963104572,-0.1727354621095944,-0.3009111081040977,0
2018-10-04,0.0306303842050722,-1.195413934521676,-0.1336151446316037,-0.2736676466332402,0
2018-10-05,0.2592565363810258,-1.2264673348514268,0.0528565383947715,-0.1893035391213846,0
2018-10-08,-1.1352690548354831,-1.0690421629689444,-0.288509903423071,-0.4659338614176689,0
2018-10-09,0.031036946960245,-1.0750849626284296,-0.321176520887473,-0.4360850642039292,0
2018-10-10,0.2260344150380488,-1.0728637057067802,-0.1997684823839386,-0.3556686781102414,0
2018-10-11,2.513595996639631,-0.4002533365383596,0.4165129676466134,0.3294493139242611,1
2018-10-12,-0.4982578312527967,-0.3697889262219043,0.28802682972092,0.2028800792543284,1
2018-10-15,0.6435452926992055,-0.3904975030602089,0.2476742848872163,0.382878524852177,1
2018-10-16,-0.1947484898575696,-0.5002670502272053,0.4481996552312324,0.3351985341545143,1
2018-10-17,-0.0308789622032289,-0.5154578938430958,0.3216177884168883,0.3338064804777509,1
2018-10-19,0.1675150236317116,-0.5209915690206119,0.4027452770905242,0.3812982954594551,1
2018-10-22,-0.2810967645595273,-0.5169835171906034,0.2486295070690992,0.3051780132843193,1
2018-10-23,0.5635241753753378,-0.5136302102436954,0.470559147520147,0.4577361347385912,1
2018-10-24,0.2093953546265785,-0.5148614962757007,0.5304741797782824,0.5098891444077736,1
2018-10-25,-0.2452927239017606,-0.5028923592422347,0.4388300145995918,0.4402166433616559,1
2018-10-26,0.2950152447409309,-0.5437655711473436,0.642629602034112,0.5180366424768403,1
2018-10-29,-0.4168311897922894,-0.6249755734437343,0.7622829734007841,0.4026855785326525,1
2018-10-30,-0.4615456156818641,-0.6109908419815261,0.5034856750946581,0.2778751184254368,1
2018-10-31,-0.5849583841720885,-0.5719946658577743,0.4089220938868884,0.1152018325988384,1
2018-11-01,1.2544327344539816,-0.4806406777183239,0.5348901439479496,0.4447999247715906,1
2018-11-02,-0.0050990074986948,-0.4799306013292835,0.526290884114631,0.4229338226277167,1
2018-11-05,-0.2624885518820742,-0.4695441772012679,0.4010680929163978,0.33725693030863,1
2018-11-06,-0.3061354071051331,-0.6053462542859248,0.6003730050805481,0.2442503288835702,1
2018-11-07,-0.0308611021873686,-0.6037167585983715,0.5854369552992721,0.2276518910638524,1
2018-11-09,-1.3666724141606736,-0.4005076875120508,0.2042788700880221,-0.1447936663317671,1
2018-11-12,-0.7408727527382322,-1.04936696390368,-0.5559337867258403,-0.3338018096250778,0
2018-11-13,0.0129253460226061,-1.068345376650035,-0.4381585581393097,-0.3203412101589609,0
2018-11-14,0.800832102794908,-1.035024842425865,-0.4017987728883593,-0.1054520769455058,0
2018-11-15,0.0910514926606434,-1.03337856133514,-0.3355841720037092,-0.077786391059619,0
2018-11-16,0.715407011369481,-0.959530347590924,-0.161788253319784,0.1112032586873909,0
2018-11-19,0.0209739847212626,-0.964164969611082,-0.1960173421811916,0.1126858570862592,0
2018-11-20,-0.0222439397515679,-0.971978712639857,-0.1355204556695801,0.0997856012834059,0
2018-11-21,0.1418311025885709,-1.0132541540458786,-0.2339947928415361,0.1320962554375456,0
2018-11-26,-0.2122488137282614,-1.0191138918556193,-0.3320432638682636,0.0709828058000305,0
2018-11-27,-0.6205204845284604,-0.9850138867914254,-0.4189510487726902,-0.0977125278295998,0
2018-11-28,0.351014199999177,-0.979296247904426,-0.4060016389523028,-0.0080574918178008,0
2018-11-29,0.2891832911950692,-0.9791854098601336,-0.2421164223973413,0.0638856712854661,0
2018-11-30,-0.195136345046961,-0.9985498811646624,-0.1799741687167446,0.0109555060269034,0
2018-12-03,0.7276827157751518,-0.9747379363287694,0.1286405403554955,0.197283135701694,0
2018-12-04,0.5856207987065573,-1.133758322317579,-0.0291099923562997,0.3456609563809991,0
2018-12-06,-0.0051772431343573,-1.1337582389052066,-0.0291283838787707,0.332802216979887,0
2018-12-07,0.7852186052079899,-1.0666516512688875,0.2184601868441461,0.5332502191209914,0
2018-12-10,-0.3699258302212665,-1.0601155140099705,0.2033112756749545,0.4183023371639698,0
2018-12-11,-0.1412427066967046,-1.0562993768232067,0.1771207435478324,0.3666186127317313,0
2018-12-12,0.1901555110505924,-1.3605301231267102,0.5491992013688027,0.4049375823779454,0
2018-12-13,-0.2431505794183504,-1.4669127327086178,0.6693813029401773,0.323652883174564,0
2018-12-14,-0.4228159446384576,-1.415159433876124,0.5641327704799552,0.1914869900917373,0
2018-12-17,0.6671088822142742,-1.443626539182352,0.5319252808266457,0.3545749243362629,0
2018-12-18,0.2149469714048308,-1.4421810734836398,0.5617642732684929,0.3929177033649052,0
2018-12-19,-0.6333079132388597,-1.4196745823552614,0.2389210983450036,0.2081147786428255,0
2018-12-20,1.5068485826919973,-1.1156313033232892,0.5948409752935945,0.5979597586061262,0
2018-12-21,-0.4591497178197753,-1.073252776185987,0.4896368526040379,0.4550597442249015,0
2018-12-24,1.0664641385095237,-0.960943931205746,0.7128269932425155,0.71857090276747,0
2018-12-26,-0.32254238154084,-0.949533912355289,0.6860955047062588,0.6024979818397189,0
2018-12-27,0.7351203856832074,-0.9918489888933736,1.016713145501584,0.7747878525527367,0
2018-12-28,0.3832033938120456,-0.9906297787644752,1.0246181613629977,0.8619538331261046,0
2018-12-31,0.1345316534702889,-0.990542648847972,0.9866620946306336,0.8768208377061201,0
2019-01-02,0.0436940136750274,-1.0082414109710538,1.0453027910666486,0.869798056645928,0
2019-01-03,0.8799981876968396,-0.985928973124411,1.0827744726409068,1.0894455765998543,0
2019-01-04,-0.8338939072955137,-0.87587443165161,0.7357579982284455,0.8367194396246468,0
2019-01-07,0.3228968032046331,-0.8765045475009295,0.8155221633376296,0.9047508564024848,0
2019-01-08,-0.2933282621241043,-0.9015346277175588,0.5542779211265,0.8021032989813164,0
2019-01-09,0.6173155933295903,-0.9068027420820542,0.7932969088646008,0.9515500493092096,0
2019-01-10,-0.6124629866436994,-0.8472559741412392,0.6789162670790467,0.7646648018475417,0
2019-01-11,0.1502687605048886,-0.8474791529470146,0.6692591698792939,0.7869678097253682,0
2019-01-14,0.2154864328123711,-0.8656968782976711,0.780534020484219,0.8277425681917848,0
2019-01-15,-0.1943402699295347,-0.8917156963410927,0.8361577530022607,0.7540028871329378,0
2019-01-16,0.297128984326211,-0.9193952378904208,0.7461476891547739,0.8119715413403928,0
2019-01-17,-0.15314227884318,-0.9086735390244324,0.6569275570707103,0.7432042773306666,0
2019-01-18,-0.9186049527723448,-0.847307102422238,0.5880008344953939,0.4765279227558797,0
2019-01-22,0.3323258531535465,-1.0872035442167516,0.306303224002384,0.5513852152619165,0
2019-01-23,-0.1622708099993471,-1.1184332935210717,0.3771944278068664,0.4903233192877513,0
2019-01-24,-0.1789807238926676,-1.2583661400794284,0.0812026033427013,0.4242112310868046,0
2019-01-25,1.428436096213428,-1.021129647804948,0.498395462178343,0.7911012857785469,0
2019-01-28,0.3270249296601105,-1.067125534676813,0.4005074437174289,0.8467203622646643,0
2019-01-29,0.535674652100215,-1.0523908681311496,0.4370332863625948,0.9534511629068796,0
2019-01-30,0.5486114160206945,-1.0271228972297604,0.5365113168951147,1.061152418981561,0
2019-01-31,0.0258464171749388,-1.0267431545643082,0.5322151288188408,1.027303719168602,0
2019-02-01,-0.2227813965402942,-1.0964890004234906,0.2682416640026937,0.9261631236919884,0
2019-02-04,-0.4567833956878348,-1.1713367977097104,0.3581835463552059,0.7671511493466014,0
2019-02-05,0.2354881893666128,-1.176339634730725,0.3373061370608962,0.7987105571938836,0
2019-02-06,-0.7002108527010388,-1.1124533983090636,0.24036277398546,0.5762654445495642,0
2019-02-07,0.2204126156093268,-1.153455739063482,0.1461765561362602,0.606905777969721,0
2019-02-08,0.356744457633594,-1.2055415389885116,0.3768323137663568,0.6719935136783481,0
2019-02-11,-0.51440000190804,-1.1579970426404036,0.2184110636057145,0.4975203953707618,0
2019-02-12,0.1878253585054456,-1.1591761414533517,0.2118409549150665,0.5165776654314995,0
2019-02-14,0.1390441946788299,-1.167251765674732,0.2911482526384144,0.5230635178628631,0
2019-02-15,0.5722831407433985,-1.13932689750069,0.3568029277532185,0.6442746789360432,0
2019-02-19,1.488229156893453,-0.9081538271561554,0.752228007372496,1.0156010955590842,0
2019-02-20,-0.1959725151201543,-1.0414141797484122,0.9283874296078842,0.9243564963760827,0
2019-02-21,-1.1589325882917951,-0.8321417329523682,0.5662488157959616,0.574568980502187,0
2019-02-22,0.3368483983308438,-0.8377682720089598,0.6868544322694609,0.6397975361077473,0
2019-02-25,-0.1258478141090324,-0.8414787955225069,0.6997288023490233,0.5766928554265757,0
2019-02-26,0.1450656407859913,-1.0520333275178866,0.3906671529880153,0.5864763062350585,0
2019-02-27,-0.7332499208924681,-0.9802750677554216,0.1383075715577828,0.361246416697722,0
2019-02-28,-0.5850408227854165,-0.9716215469021946,-0.1255438656057373,0.1798920946549655,0
2019-03-01,-1.7380896202000646,-0.6999242180668497,-0.6548161958977728,-0.3010953530761462,0
2019-03-05,-0.1535614109230545,-0.7028746425776515,-0.6958314090490892,-0.3526090948521473,0
2019-03-06,-0.1126276116154564,-0.7034722135665576,-0.6706573909217093,-0.3914965726816783,0
2019-03-07,-0.1044801751948198,-0.7148187047633413,-0.5899572175956839,-0.4308342316365228,0
2019-03-08,1.066014919712783,-0.5846203058932051,-0.3985837170683157,-0.1572571636015945,0
2019-03-11,-0.5117224930758425,-0.6048829307806841,-0.3549296199462584,-0.302881506601825,0
2019-03-12,0.5811082416393556,-0.5711477713436248,-0.2711623342007971,-0.154999032877627,0
2019-03-13,0.6743935337652511,-0.5357637675899171,-0.1971413949983988,0.0134505416788234,0
2019-03-14,-1.1832994164137995,-0.4335424286578161,-0.3527399152707692,-0.304751939300439,0
2019-03-15,0.4340432040871687,-0.4162621795167394,-0.2955860854859037,-0.1915625046504843,0
2019-03-18,0.0346457950421431,-0.4191364860405673,-0.3198369718912091,-0.1841393724433311,0
2019-03-19,0.2536162816621119,-0.4481142964087449,-0.3937042115807636,-0.1193383164168178,0
2019-03-20,0.623861208144224,-0.6462188629771062,-0.5928838967433747,0.0463796669533952,0
2019-03-22,-0.1914413605294596,-0.6462859588332676,-0.5918442490319815,-0.0101370684631517,0
2019-03-25,0.7409016314834498,-0.7000303667397594,-0.1517596513956267,0.1821624239271748,0
2019-03-26,-0.5196336389619787,-0.6922508523016624,-0.351193951427288,0.0358910957738059,0
2019-03-27,-0.5463772556408415,-0.6695048237325113,-0.4484917707059859,-0.1105419639997683,0
2019-03-28,-1.4471819567524975,-0.5023705141593023,-0.8132032887694965,-0.4903878775656652,0
2019-04-01,-0.3261376407884157,-0.5316937781394733,-0.7205044116168153,-0.5692647129601771,0
2019-04-02,0.3472362322405104,-0.5301655556784145,-0.5067988023468859,-0.4714600052361975,0
2019-04-03,-0.1698709252981629,-0.8250827250288258,-0.1427899597695771,-0.5100526545177069,0
2019-04-04,0.2318646876205712,-0.8202312056936124,-0.0524487524528968,-0.4423143741611164,0
2019-04-05,-0.1287255815771121,-0.8198120695265388,-0.0562289792714926,-0.4698781002714666,0
2019-04-08,0.4111720754241496,-0.8025280328807309,0.0651627956795277,-0.361629379239607,0
2019-04-09,0.4986347668911454,-0.9052485346910386,-0.0683719315269114,-0.2305554082502836,0
2019-04-10,0.2857465996630858,-0.9289894896576832,0.1195313240889412,-0.1581286015123497,0
2019-04-11,-1.3091237759471297,-0.7764263773089507,-0.3234314303402064,-0.5032725067786021,0
2019-04-12,-0.120657751768072,-0.8415690734863452,-0.5072583133469205,-0.5248121518419795,0
2019-04-15,-0.2111521005913441,-0.9862579876738377,-0.2822848936096746,-0.5673291994207025,0
2019-04-16,-0.922375024767645,-0.9342138001581864,-0.5955843668249681,-0.7883238028706961,0
2019-04-18,-0.1384465692151393,-0.9374124941868308,-0.635259493574569,-0.8003671559962673,0
2019-04-22,-0.0222439397515679,-0.954661148010648,-0.6983485999056616,-0.7818478714171243,0
2019-04-23,-0.230086100366264,-1.0332911941235936,-0.8925460029463079,-0.8174944996110093,0
2019-04-24,0.2686129753844919,-1.007789401816979,-0.7881305125862356,-0.7268172568775655,0
2019-04-25,0.0607019353332035,-1.11245308840434,-0.9423412092620888,-0.6893549826176347,0
2019-04-26,0.6388696148037395,-1.0413609949183793,-0.6790624197476252,-0.5068685794738309,0
2019-04-30,-0.1623694583926052,-1.063794167368891,-0.5911182424910566,-0.5329022964508519,0
2019-05-02,-1.066949399349806,-1.1835146137343586,-0.5037051665316267,-0.7884448761911311,0
2019-05-03,0.5677831961808326,-1.132711140125119,-0.2968839798334162,-0.621535653667864,0
2019-05-06,0.1102373655586535,-1.1520783067030818,-0.3518972973270607,-0.5736882921682548,0
2019-05-07,0.3082026760483349,-1.1350599871923093,-0.2407905850978363,-0.474414749635718,0
2019-05-08,-0.2699717110697315,-1.1406378419498302,-0.3574060415855017,-0.5230067786218368,0
2019-05-09,0.2172342341223088,-1.1303497104663585,-0.2770754831464733,-0.436142008408231,0
2019-05-10,0.1672870921152217,-1.1541105830029723,-0.3337335567508772,-0.36415814029916,0
2019-05-13,0.993413868323321,-1.0468532162924342,-0.2186446640472634,-0.0832215455469909,0
2019-05-14,-0.1935258756350582,-1.0594234402583864,-0.3301352525475364,-0.1157627777434218,0
2019-05-15,-0.0794031959041176,-1.290505480636871,-0.0429946653986169,-0.1180138465195191,0
2019-05-16,-0.7436203125184558,-1.2131338419115631,-0.1888982748228444,-0.2925676523195563,0
2019-05-17,-0.7322935385561562,-1.1499649181132383,-0.3102579196079479,-0.4631096894874413,0
2019-05-20,-0.0305318293291118,-1.2636602714274523,-0.1021860505247151,-0.4508016179236296,0
2019-05-21,-0.2545335612883069,-1.257440213568771,-0.1293749783672511,-0.505518850492509,0
2019-05-22,-0.1219648232357037,-1.25602473718391,-0.1527055759874413,-0.5253996458314535,0
2019-05-23,0.7479861951468911,-1.1806582206096177,0.0771316366721581,-0.3198309388367006,0
2019-05-24,0.0849554237452738,-1.1890985491545236,0.0338022928850219,-0.2904449159679427,0
2019-05-28,-0.4103419679003275,-1.1655478842758684,-0.0769653531213712,-0.3846482510413735,0
2019-05-29,0.0108450716803006,-1.2295759781818596,-0.2238380618556792,-0.369929769028569,0
2019-05-30,0.6536626296887296,-1.166196149190953,-0.0328172877644328,-0.1845978691110409,0
2019-05-31,1.3160118920224937,-1.121633422951546,0.5340066535522966,0.1771097733766195,0
2019-06-03,1.4102609946420364,-0.936239867878486,0.737657803847183,0.5551178110367235,0
2019-06-04,0.0097132813039972,-0.9338670583499116,0.7132679661249384,0.5540742827952413,0
2019-06-06,0.559171330889487,-0.9172238170327924,0.7742055393752858,0.7011144185682557,0
2019-06-07,0.5400192864090576,-0.927415566932146,0.9719259586648308,0.8419622352397781,0
2019-06-10,-1.0222442720087503,-0.7613459080896009,0.6700149112964487,0.5611087739163498,0
2019-06-11,-0.1419624141120523,-0.7528295859228381,0.5952698830143095,0.5228657338819976,0
2019-06-12,0.4954997746571676,-0.8228707799019418,0.475409766848717,0.6609275610500644,0
2019-06-13,0.5876295091248511,-0.8099400088531902,0.6637198651103027,0.8188841014155099,0
2019-06-14,-0.0538350850092073,-0.8111666042979342,0.6699083745424954,0.7969621136820431,0
2019-06-17,-0.0854501655224357,-0.8995158850706357,0.8297579822041115,0.7587818889552953,0
2019-06-18,0.4823264232522513,-0.999236308105619,1.1275298838393322,0.8731611418841302,0
2019-06-19,0.5814592247657033,-0.995930366203959,1.2789397202608024,1.0142063090320532,0
2019-06-20,2.463573124695193,-0.5340413344305925,1.962728158006038,1.672554124755166,1
2019-06-21,0.6389130275270826,-0.5590384944917658,2.157494905674169,1.815728354878525,1
2019-06-24,1.4514420009452755,-0.4714026746700258,2.3388865667729744,2.1849972626723897,1
2019-06-25,0.1716182973093894,-0.4772460568077346,2.3613217166107066,2.1862245151056645,1
2019-06-26,-0.9427136447184976,-0.3634048249532419,2.223808900632928,1.8743040380617448,1
2019-06-27,-0.1200304399527383,-0.3513570068627552,2.1901154525042084,1.803027402787402,1
2019-06-28,0.248305780717893,-0.3521903688905641,2.0860371836984264,1.828539371677704,1
2019-07-01,-1.9775586710574715,0.020893396853264,1.2558535598189964,1.233109993953072,1
2019-07-02,2.0905587484128274,0.1716472940111615,1.4250966515578063,1.778602759397499,1
2019-07-03,0.1424734195504325,0.1672384297546001,1.458258971367666,1.7654436526327937,1
2019-07-05,-1.1431700150361053,0.302811943954591,1.036349113315738,1.3929615695055866,1
2019-07-08,-0.6673763301619835,0.3454599755274669,0.7414322748180336,1.1622489686651194,1
2019-07-09,0.3274059083356919,0.2427778944432957,1.0713311627778357,1.2082375933269411,1
2019-07-10,1.5436694702280285,0.3449902814123827,1.4896595796572285,1.5906527992441204,1
2019-07-11,-0.8699149689571591,0.4314150695261176,1.1502586602088367,1.2960869716211088,1
2019-07-12,0.6010802596959306,0.4320479592659481,1.1535795531475737,1.417529218014688,1
2019-07-15,-0.0222439397515679,0.4308479845712405,1.1613809355445013,1.362340140186736,1
2019-07-16,-0.8718275546784572,0.5043606783125525,0.9679175394448036,1.0684603199984954,1
2019-07-17,1.6103550390636363,0.6221623060809733,1.245908846402919,1.4659075818540246,1
2019-07-18,1.3792279919173245,0.6917035447900481,1.4444132453920957,1.7949724047836275,1
2019-07-19,-1.5054592593332383,0.5535685292623287,0.4723005904841816,1.314277500740512,1
2019-07-22,-0.0371166520817612,0.5348824023464267,0.3105372314239554,1.250363189889466,1
2019-07-23,-0.5889273878026455,0.4238379129179558,-0.1711103935183735,1.036931892173275,1
2019-07-24,0.4849378743906034,0.4386447619528456,-0.0977858531419399,1.1222180389560654,1
2019-07-25,-0.73152800529312,0.415179932961638,-0.048233370497582,0.8779088354357982,1
2019-07-26,0.142461090714005,0.4155345217511634,0.0135035953781053,0.875360733665513,1
2019-07-29,0.6413029683915136,0.4381062229404711,0.1062385399586808,1.007458244149192,1
2019-07-30,0.3115862524622145,0.1423783485335741,0.6537113307647876,1.0423528050755904,1
2019-07-31,-1.3417907696860447,-0.0248032530163797,-0.1625126799700172,0.623086186376228,1
2019-08-01,2.3508140541011273,0.3708752274336763,0.3594178090361955,1.2147808386136043,1
2019-08-02,-0.4040565863572602,0.2811685606023988,0.5366947406681339,1.040986536888127,1
2019-08-05,1.3658109783530883,0.3326125029583904,1.0311726879953518,1.3548937392193598,1
2019-08-06,0.7870490513589271,0.3533589300073266,1.1443600848698685,1.5070285425390155,1
2019-08-07,1.4848206480787955,0.3430155604334174,1.1298394609218405,1.8512596406406456,1
2019-08-08,0.4798002400800181,0.2543211759837323,1.465033987651963,1.9041252345280997,1
2019-08-09,-0.3543056701016488,0.2759676764510479,1.227301506919384,1.7201780877478785,1
2019-08-13,0.34508074189298,0.2704114648542658,1.3184356290881365,1.7383148877225465,1
2019-08-14,0.6593667876881829,0.1773253354830985,1.7019566091481242,1.8497193942983865,1
2019-08-16,-0.0012379883397404,0.0589130849146262,1.2984598894464687,1.779527877707432,1
2019-08-19,-1.1983904553059646,0.1052588656221343,0.6664688679579095,1.376901297137622,1
2019-08-20,0.7540220310242576,-0.0983630077885937,1.2195733685863008,1.5275142045502217,1
2019-08-21,-0.3390859137997773,-0.076945633501788,1.1449277795039174,1.3736673313179266,1
2019-08-22,-0.2764360700428216,-0.1115888115441523,1.2221784460535123,1.234636303658797,1
2019-08-23,1.91717666931242,0.0924730503956822,1.5793469058412484,1.7042081829126827,1
2019-08-26,-0.0083738823122643,0.012879372333248,1.7616389212986403,1.6305540811948345,1
2019-08-27,0.92997315662646,0.0312985901058481,1.9616599222549551,1.8226722339343224,1
2019-08-28,-0.3042047011295814,0.062250059953652,1.721698880788419,1.6636091258527097,1
2019-08-29,-0.7410486053089756,0.1487257081405718,1.4572062890980757,1.3859558134458856,1
2019-08-30,-0.2792186275202514,-0.0372156575688514,1.724209087953028,1.2448491612970547,1
2019-09-03,1.3590269288586894,-0.2890760680453474,1.4749050296504214,1.5614893810459445,1
2019-09-04,0.5999744340822798,-0.3311492407425775,1.7273022995566485,1.6741162698455616,1
2019-09-05,-2.4508477915606877,0.1659982586679241,0.7812047863176219,0.9441538311358076,1
2019-09-06,-0.8779353164605801,0.207801728824898,0.3796597045248348,0.675246415207762,1
2019-09-09,-0.3962718331287629,0.0662007452105034,-0.0660304128632207,0.5438023966016831,1
2019-09-11,-0.2771020990024536,0.0512113178562546,-0.2430116233542142,0.4420974894473062,1
2019-09-12,0.1831150225657565,0.0469162820575525,-0.1174882990554125,0.4646375200551573,1
2019-09-13,-0.8533410035579206,0.0842390381387887,-0.3964766049783614,0.2112027557424046,1
2019-09-16,0.8088531240547849,0.1025385569203748,-0.3618590180663362,0.3949794627843093,1
2019-09-17,0.1756275052576981,0.1066714856003525,-0.3208341388375282,0.4167054918435076,1
2019-09-18,-0.6525556582761782,0.0338712823906877,-0.1937662747055943,0.2176327012153453,1
2019-09-19,0.3818908156776706,-0.001642444494468,-0.2804719725005965,0.2915377348350544,1
2019-09-20,1.152495635215827,0.0956632671873835,0.0690173831090572,0.5664055005592945,1
2019-09-23,0.5356550797519258,0.1066433619292478,0.2615005973514055,0.6723982834527742,1
2019-09-24,0.5048858996003495,-0.1580956223464885,-0.0722414204038161,0.7756018158532052,1
2019-09-25,-1.893592940085332,0.1079915581076888,-0.510457854072209,0.2277474384561071,1
2019-09-26,-0.0504476620603507,0.0228415975789499,-0.7351097104980092,0.1881516122805859,1
2019-09-27,-0.5382509825062097,0.0323221543999136,-0.788413681270329,0.0200013809786561,1
2019-09-30,-1.5864520828353637,0.1570468434411146,-0.9799178769744638,-0.4216653306881617,1
2019-10-01,0.523370137468545,0.1934913992640351,-0.798151223728873,-0.296122717255259,1
2019-10-03,1.5898821420340814,0.2479793662667858,-0.7455973700923619,0.1148319684576963,1
2019-10-04,-0.0222439397515679,0.2067474671728748,-0.8869676798868131,0.0863288398733526,1
2019-10-07,-0.8783324912620699,-0.1633637407691169,-0.5279810773721476,-0.1670963932949736,1
2019-10-09,0.9394695463776968,-0.1350485165164733,-0.1059931439222325,0.058917818121413,1
2019-10-10,-0.8987307172172752,-0.0843852482161493,-0.2234287082061045,-0.2003962912464702,1
2019-10-11,-0.5775425628553206,-0.066134374150053,-0.2933667077252686,-0.3728750294775483,1
2019-10-14,0.3767429385056876,-0.0558068586341306,-0.2483171385064268,-0.2931221298949613,1
2019-10-15,-0.7215194881819369,-0.071507251234187,-0.2175975165925679,-0.4972322023358911,1
2019-10-16,0.5489640625035479,-0.1020870584507498,-0.2781231682014916,-0.3665346653909445,1
2019-10-17,0.1200468276732715,-0.1039320511053077,-0.2910469595896059,-0.356518048742946,1
2019-10-18,-0.1289403084851235,-0.133679352073753,-0.1690088101978153,-0.3999130224658777,1
2019-10-22,-0.2074690121107187,-0.1466491274460194,-0.3063247957047204,-0.4649358812039285,1
2019-10-23,0.212783324953788,-0.2691642461349646,-0.5236024429251736,-0.4130343545989017,1
2019-10-24,0.686600337366469,-0.2504081486189221,-0.488838845428671,-0.2347015388103964,1
2019-10-25,0.2105772698567283,-0.2742257392724164,-0.556571320000781,-0.1757877782757099,1
2019-10-29,-1.163288984858199,-0.4649051023245131,-0.3881312305129886,-0.4730836973456861,1
2019-10-30,0.5251012625464275,-0.4321412108263783,-0.2545146891421415,-0.3273394656122156,1
2019-10-31,0.9723210833084428,-0.3682653912766682,0.0998532065353616,-0.06454889239332,1
2019-11-01,0.0689614709674769,-0.6331914838074459,0.4943989079901438,-0.0393768431013845,0
2019-11-04,-0.3101665980208858,-0.6363993928614184,0.2949199429629711,-0.114126957620908,0
2019-11-05,-1.6529533161947445,-0.6246003791279318,-0.4655122331481289,-0.5421346835189492,0
2019-11-06,0.4057254425667331,-0.600434705150097,-0.3665623707604635,-0.4226850286235354,0
2019-11-07,-1.586062168051138,-0.442471465098478,-0.5299664108361863,-0.8201551245653159,0
2019-11-08,-0.6605122982124776,-0.5312823438349709,-0.8951417358682228,-0.9712145766338364,0
2019-11-11,-0.2626491325261656,-0.5828879311719181,-0.7506637979739632,-1.0074487131437588,0
2019-11-13,0.646536018093259,-0.5435312330967615,-0.4700296114638852,-0.8110943599596709,0
2019-11-14,0.3970924666300853,-0.5415912906529168,-0.4653351474266572,-0.6756637339229049,0
2019-11-15,-0.2750738267785369,-0.5784770902130063,-0.3621030862303414,-0.7160777255686765,0
2019-11-18,0.273863452947334,-0.6058247292090798,-0.4257693715778213,-0.6180902112326474,0
2019-11-19,0.0282301477675982,-0.6088748528174213,-0.4469794568653535,-0.5859911347500433,0
2019-11-20,0.0281936831076078,-0.607698773672188,-0.4106689022235081,-0.5466385239760009,0
2019-11-21,-0.5712773169694755,-0.5857561301893071,-0.4946509793716448,-0.6585108031981697,0
2019-11-22,-0.2107629003883715,-0.5954317582008841,-0.5920387975377739,-0.6877711671882882,0
2019-11-25,-0.502407666666101,-0.6552385634853094,-0.8632378026403232,-0.7952078714024339,0
2019-11-26,0.457919787162965,-0.6290440763368303,-0.8070872307701934,-0.6561135895584348,0
2019-11-27,-0.5534747223075118,-0.7196899540677324,-0.6680550171171685,-0.7800327885659412,0
2019-11-29,0.5960380692932382,-0.7090173640350267,-0.6518269222682457,-0.6053097393852083,0
2019-12-02,-0.0730219894531183,-0.8517702749744319,-0.8898067478800872,-0.6098044820348183,0
2019-12-03,0.930875220705146,-0.7230109265765706,-0.6937661438038407,-0.3500131118875251,0
2019-12-04,-0.1588777271326682,-0.7260806761347843,-0.659181066611284,-0.3760861790376756,0
2019-12-05,0.0353094167187903,-1.0088128297337122,-0.269667364409305,-0.3543658194949993,0
2019-12-06,-1.0196940262110483,-0.9311224771207088,-0.5989697299266095,-0.6037509896368475,0
2019-12-09,-0.0512994953386646,-1.23215731872912,-0.2442123077874919,-0.5912246996981603,0
2019-12-10,0.2607351288272958,-1.2810787544167097,-0.0286371596886618,-0.4949818754648284,0
2019-12-11,0.6637292772457871,-1.2310930970791756,0.1901511960561309,-0.292219901653881,0
2019-12-12,-0.3754789653847273,-1.2667106847223413,-0.0511089803711111,-0.3730180465064324,0
2019-12-13,0.4244998425396991,-1.2632419598759377,-0.0446712395557288,-0.2439549559117738,0
2019-12-16,-0.0294405678171944,-1.274767854120887,0.0131046179962933,-0.2381618126410823,0
2019-12-17,-0.0438149864895714,-1.286037444428628,-0.0615902131349075,-0.2444390401672362,0
2019-12-18,-0.0150457586877254,-1.2862497701808076,-0.0717471966820844,-0.2401944570234665,0
2019-12-19,0.2362942773316387,-1.2774411626840694,-0.0228650805829195,-0.1616237700664698,0
2019-12-20,0.0781177964730155,-1.3309280729307753,0.1303314767211637,-0.1256834020260413,0
2019-12-23,0.2853775844202698,-1.3321359449489034,0.2480467014877143,-0.0404546984973605,0
2019-12-24,0.9162335071443878,-1.2813034392359717,0.5878776748884719,0.215498289034956,0
2019-12-26,0.7601638184466198,-1.237968892340435,0.6609045485560237,0.4220574820694791,0
2019-12-27,-0.0573582627158887,-1.3079821901991755,0.7812537093183352,0.403479209876154,0
2019-12-30,0.1882465294870042,-1.3383473389405185,0.6822869489659379,0.4529431776889446,0
2019-12-31,0.1668096786040309,-1.346622998846357,0.7404426956512917,0.4917314952009197,0
2020-01-02,0.7096163382087238,-1.3952961267177952,0.6867856013618595,0.678701825429506,0
2020-01-03,1.2954593807293897,-1.220178256231541,1.041659222385647,1.02307069539234,0
2020-01-06,1.0209078795923383,-1.1406416276258735,1.2851074033044851,1.287579893645924,0
2020-01-07,0.3703727510223901,-1.409046979769071,1.632566965832233,1.3669598852487683,0
2020-01-08,-0.7749824063574973,-1.2396909834134693,1.4510731337140854,1.1299340280161931,0
2020-01-09,-0.5888303915891822,-1.1307100630156222,1.239678758618901,0.9539033051758932,0
2020-01-10,0.5783738936950612,-1.1392691293752892,1.218539226719756,1.1013478898275542,0
2020-01-13,-0.7667192725287825,-1.0527594878455382,1.1218733806566408,0.8719025254784852,0
2020-01-14,-0.1114094166122081,-1.0432515530529145,0.9900759201325732,0.8287652581916971,0
2020-01-15,0.5592982086805242,-1.0372257778706255,1.1349041707909302,0.9740010912588776,0
2020-01-16,-0.179267622420826,-1.0250002666220224,1.101507580781902,0.9155055247340952,0
2020-01-17,0.1620693844070671,-1.032534443218872,1.1451853933284106,0.9492402483110824,0
2020-01-21,0.0868194004241979,-1.0295482376916871,1.1083187656290348,0.9523643862636852,0
2020-01-22,0.011804874286044,-1.0263201789627543,1.0919809265273994,0.9368220818043976,0
2020-01-23,0.202243838668311,-1.02662585771625,1.071514162686554,0.9643812503736162,0
2020-01-24,0.5604242496120222,-1.075126547820107,0.9841092524965482,1.0850893176402392,0
2020-01-27,0.6577502193544861,-1.0888808938344976,0.9590088510218449,1.2284027282390064,0
2020-01-28,-0.9186428054953304,-0.9407351948821384,0.7489322410685001,0.9397068256017218,0
2020-01-29,0.5179074029212761,-0.9259995515846644,0.8291263616004575,1.0513386397511415,0
2020-01-30,-0.0155142073532527,-0.9216765527764038,0.7847411191023717,1.0129517993174375,0
2020-01-31,0.5551414423770539,-0.9392496602470536,0.7471987791281932,1.132228604571459,0
2020-02-03,-0.673722433806534,-1.0380373385771025,0.273673380284513,0.9127248317071476,0
2020-02-04,-1.3312542829837082,-0.9435582352713036,-0.2798564430745722,0.5220417739489281,0
2020-02-05,0.1005721661817154,-0.9633427997381168,-0.3425194768888175,0.5226800567502309,0
2020-02-06,0.5149769195696171,-0.9936830466662776,-0.0413829851257476,0.6330575947727968,0
2020-02-07,0.2419075555509856,-1.0341893864667966,0.1546170595394594,0.664611028901642,0
2020-02-10,0.2344685065081451,-1.0682352549758312,0.0732801723091904,0.6952865231295567,0
2020-02-11,-0.3669224664809778,-1.1329302588755576,0.1678623632743769,0.559785515480405,0
2020-02-12,-0.1035256788553913,-1.133253581267545,0.1697312693742309,0.5006708862502679,0
2020-02-13,0.5453041263753848,-1.1352385917067822,0.1664139562772881,0.6160127268590404,0
2020-02-14,0.3945943926453671,-1.1267978376326315,0.3028302489431124,0.6930118727473902,0
2020-02-18,1.2510821423526983,-0.953609141343534,0.5638692080351203,0.9998940848596513,0
2020-02-19,0.5589979069164929,-0.9318613158995837,0.6779383052910597,1.1128613556366955,0
2020-02-20,0.3852591154580874,-0.9280158618060372,0.7685399106911601,1.169887863344499,0
2020-02-24,2.3628357920882648,-0.4406260733145286,1.2994045897971631,1.773577370122317,1
2020-02-25,-1.8252582545758684,-0.0889470351101761,0.7138914578088151,1.2027458269982096,1
2020-02-26,0.413714061951718,-0.1043147537787217,0.6547821629175796,1.267341164905651,1
2020-02-27,-0.0027685711958401,-0.1995342166640676,0.8773683447136595,1.2130201274343773,1
2020-02-28,-3.738652043405032,0.8092206697903095,-0.1400412131738027,0.1542824821160812,2
2020-03-02,0.5286874567748069,0.8265828798995388,-0.0123676928527174,0.265970854711844,2
2020-03-03,3.0718012219491753,1.3145037094250496,0.5871819096926033,1.0619540379563346,2
2020-03-04,0.1529988045997453,1.2791698641865747,0.7874500508044764,1.053510498505219,2
2020-03-05,2.114164931374413,1.3279911923794916,1.6401474050540974,1.5865184736582425,2
2020-03-06,0.0158326801616594,1.330461614791269,1.6188210244664278,1.52811604521923,2
2020-03-09,0.142590584326707,1.33043776086794,1.5253165596010472,1.5065899175288529,2
2020-03-11,-2.5108301902095933,1.7071376491515702,0.8448157909680682,0.7621808295785065,2
2020-03-12,-4.09149725354289,2.4598961494422356,-0.1874484367041078,-0.3587195243034018,2
2020-03-13,-3.120404016795937,2.8110696387560763,-0.8215985158612487,-1.170587783251904,2
2020-03-16,-1.1730869000679836,2.8462764189062604,-1.0632556235619344,-1.4612072882111002,2
2020-03-17,1.3237663336926602,2.91230817598392,-0.887625839417313,-1.1192529940456195,2
2020-03-18,-2.033908444613747,3.013929215148383,-1.4310321310217742,-1.620961518166115,2
2020-03-19,-1.930280331164168,3.0026863225084535,-2.12321567134981,-2.071998319875416,2
2020-03-20,1.4657164178110769,3.0979343414592395,-1.9281760500070515,-1.675692235878327,2
2020-03-23,4.299517454716663,3.800746447225009,-1.065598633923639,-0.5573329221953046,2
2020-03-24,4.715186346392875,4.3334561281735136,-0.5307325543673886,0.6946768901958911,2
2020-03-25,-1.400222128746479,4.295544107403375,-0.4327402158447331,0.2982672251858778,2
2020-03-26,1.2514184106232558,4.339910287379949,-0.238382906570505,0.6230563016876507,2
2020-03-27,-0.6701807208269968,4.350626597982672,-0.3933621926033469,0.4219676448870874,2
2020-03-30,0.4167140862065626,3.927323138250086,0.588602178887661,0.515446174309507,2
2020-03-31,-3.257686832154385,4.249715274058049,-0.3078067719784269,-0.3616014470111253,2
2020-04-01,0.9186331501403192,3.974025788544856,-0.8026200137824315,-0.1223200599309404,2
2020-04-03,2.095656844729829,4.1221229090062055,-0.3566548687789253,0.4278993760795352,2
2020-04-07,2.173516987541212,4.130079412745338,-0.3428928481227438,0.999120329094632,2
2020-04-08,-0.9167448062456136,4.150291582384766,-0.5581889355809502,0.722002085338642,2
2020-04-09,2.555744897744769,4.351709538469972,0.0030675070045312,1.3987610084777715,2
2020-04-13,1.6767208764662138,4.2211106790779365,1.00975673597633,1.8316646532140832,2
2020-04-15,0.2498970051198547,3.612162367419941,2.0989206089337715,1.86069672522247,2
2020-04-16,-0.1087530491558296,3.178054190199404,2.882752623620854,1.782375563801828,2
2020-04-17,-1.98246095782747,3.2988775867134223,2.66977394793203,1.1886789754174274,2
2020-04-20,0.6876134146018413,3.2777812873184384,2.5035827635831285,1.3465654783583605,2
2020-04-21,-0.7068913546543483,3.0990959767284445,2.851460074738754,1.1197311078401837,2
2020-04-22,1.925119430495953,2.9098242861131314,3.888749190020684,1.619728317161924,2
2020-04-23,0.9680023565593772,2.892881254957889,3.752580483227337,1.8391961705350448,2
2020-04-24,-0.45157902459364,2.4148230323084614,2.486298675039124,1.656073104222412,2
2020-04-27,-0.6882889935858901,1.6338365136106323,1.117422290397832,1.4141701354282412,2
2020-04-28,-0.4687521463754894,1.5254533348504715,1.3481472982545553,1.2401206823152042,2
2020-04-29,0.5293981092378025,1.4806739619748557,1.169115758091693,1.3455450204242252,2
2020-04-30,-1.8499252271280255,1.6510563331805506,0.8793555650257052,0.7943965143612991,2
2020-05-04,0.9425431293756708,1.6750692638475158,1.008083527004812,1.0160037623271088,2
2020-05-05,0.4008271259710194,1.0207464131985704,1.9227144471518651,1.0882128266353033,2
2020-05-06,-1.3157223782297682,1.1539869544832366,1.3601506769407117,0.6933389564787673,2
2020-05-07,1.5006792833566975,1.0541294515970838,1.2124556483497533,1.0782282117356885,2
2020-05-08,-0.6248931331374461,0.8659264289844066,0.5294580494373826,0.8793008879459834,2
2020-05-11,-0.6473578440423385,0.8371806041160316,0.5943778041903166,0.6814085393704391,2
2020-05-12,0.3657838717745957,0.4567618344559236,0.0716526216109244,0.7743797547759015,1
2020-05-13,0.9351130761693408,0.3251573696873394,-0.1027832390409273,1.010413234187124,1
2020-05-14,0.8585858769749424,0.3718632901052604,0.0402930929544317,1.2242349025901331,1
2020-05-15,0.540370123401412,0.3883606402303338,0.193836729507928,1.3465739112463748,1
2020-05-18,-0.7812899449949664,0.1395804695723764,0.4806046422847146,1.0817221119509954,1
2020-05-19,0.9378416993602524,0.1654901403431543,0.5407791156332493,1.2967825447521275,1
2020-05-20,0.2148265975874998,0.1124276717426351,0.7637360768953071,1.3246923205128178,1
2020-05-21,-1.4901340463910342,0.0406268430914832,-0.0521868398290167,0.8851487753292557,1
2020-05-22,0.5675066942153129,-0.0081965006614076,-0.1460542251602332,1.0288576989059568,1
2020-05-26,-1.45347004957312,0.1298641625269949,-0.3792349753659272,0.6207353360602591,1
2020-05-27,0.1577791924636103,0.1032430321888698,-0.18247417570849,0.658397234234521,1
2020-05-28,0.3121231426641912,0.095731964534323,0.0006091105801806,0.7231051064630233,1
2020-05-29,0.7106677607308143,0.1123817263123786,0.0433143358423067,0.8724806060182347,1
2020-06-01,0.4369289582479365,-0.1689743662248268,0.5887769450327975,0.9279357546520774,1
2020-06-02,-0.6718245663580834,-0.1817800988084177,0.2024233349456634,0.6745989725853643,1
2020-06-03,-1.883897085676742,0.0849077246234166,-0.3338072025704507,0.1117923574140101,1
2020-06-04,1.024545220105408,0.0356698013500265,0.215612707268362,0.3248531014917218,1
2020-06-05,-2.0699551730875414,0.1678689126843984,-0.6175404946313463,-0.2932149640192731,1
2020-06-08,1.0538106578871091,0.2410622395612331,-0.2295456369554524,-0.0718965439056387,1
2020-06-09,0.9370124669707623,0.2747447289477199,0.1426711777153123,0.1356227101665418,1
2020-06-10,1.3996136219228403,0.3925778452877183,0.3887492315843692,0.4874000640354096,1
2020-06-11,-0.7460346793019396,0.38118115247017,-0.0101166055584796,0.2524958853755863,1
2020-06-12,0.1192421161568871,0.3298117015478248,-0.183419382258903,0.2590832672174895,1
2020-06-15,-0.2006715410198806,0.3068125118751726,-0.3558387670675992,0.1766940401731226,1
2020-06-16,-0.0715237121242207,0.2695263129666607,-0.1907221504625166,0.1319592245153144,1
2020-06-17,0.1685741451135955,0.202397635149778,-0.3696276845236507,0.1347219845495305,1
2020-06-18,-0.2192201788295315,0.1971686354745311,-0.4699663593301159,0.0388068197863666,1
2020-06-19,1.0746613385411896,0.1307543750947159,0.129306304294511,0.2971613910132781,1
2020-06-22,0.6216919250418902,0.1352792363264839,0.1421334384428992,0.4419935644489521,1
2020-06-23,0.8159267126406843,-0.0069851776996174,0.6856536203723597,0.6315513925800024,1
2020-06-24,-0.3711314729725788,0.0130129902568751,0.5578746509126897,0.5113817384780689,1
2020-06-25,-0.0825145097241755,0.0128505783125763,0.4629739877838569,0.4800569527254262,1
2020-06-26,0.4229350001586139,-0.008367644642217,0.3940170949652165,0.5861645436673278,1
2020-06-29,0.0317721454041903,-0.0183445218700247,0.2972547039880904,0.5843311531253117,1
2020-06-30,0.4207224220302857,-0.0565916313479675,0.5590841951235348,0.676301044244439,1
2020-07-01,-0.4712157337078762,-0.3786137638488182,0.9019039843986636,0.5295738760837951,1
2020-07-02,0.193514548858097,-0.446107186982055,0.6996487336604443,0.5604883492469802,1
2020-07-06,0.5746523358359397,-0.9987294531058062,1.349172115503129,0.703491021501665,0
2020-07-07,0.606597498838357,-1.0633288624755497,1.2381245737839777,0.8579819608043648,0
2020-07-08,0.5967925761756411,-1.1102949942429,1.1539766345143403,1.0046353040517482,0
2020-07-09,-0.2929633705474486,-1.282406599108854,0.7395748521441511,0.9018024825434262,0
2020-07-10,-0.2818870473593365,-1.3843417132044384,0.8525170320913723,0.8014922385181233,0
2020-07-13,0.1017550284681564,-1.383922160451314,0.8482523432697314,0.8098335899097246,0
2020-07-14,0.442879471432998,-1.4005570222895347,1.0056917717267593,0.9001755198136986,0
2020-07-15,0.065822158217773,-1.4108445114339505,1.0394237379923446,0.890738127117433,0
2020-07-16,-0.9716029226966024,-1.198551047380057,0.7607972803954516,0.602652932460496,0
2020-07-17,0.7979188900178807,-1.169387043603883,1.009203604162626,0.7912072955167719,0
2020-07-20,0.4584606837773448,-1.27230058822776,0.8584130325396353,0.8922085081299715,0
2020-07-21,1.175267647785707,-1.1585322568537293,0.9938361799623568,1.1837049777846878,0
2020-07-22,1.4860658403330962,-0.993707518129036,1.15878120392234,1.5540544410375638,0
2020-07-23,0.8561325524917615,-1.0041019465961465,1.463736122553641,1.7453741510770524,0
2020-07-24,0.8317099005317636,-0.9936181557582842,1.693351470810689,1.931141827629354,0
2020-07-27,1.933247620973917,-0.7163945116460503,2.077309785089476,2.4318605802771143,1
2020-07-28,0.8081429305001071,-0.7209632781624912,2.276951106246066,2.6058472397552035,1
2020-07-29,0.7257327262773795,-0.71444169407802,2.3558087475316185,2.747319997445228,1
2020-07-30,-0.7647833128523251,-0.6465138912564776,2.279905176972838,2.4597702886990382,1
2020-07-31,0.8821539882042042,-0.6388689877088137,2.4583092938402316,2.652904528880489,1
2020-08-03,0.0909095379505856,-0.6232135371257727,2.332858871497901,2.6041764138881685,1
2020-08-04,2.0825315133715145,-0.3854456355700752,2.7175244148688784,3.1369552653574986,1
2020-08-05,0.9015010653883816,-0.374821611251577,2.7976488498286645,3.3065024596951154,1
2020-08-06,1.2960067192771805,-0.4054236828178515,3.219456006070468,3.589281549416554,1
2020-08-07,-1.6230126515344472,-0.0459108869509429,2.8630009981448983,3.0034764437835677,2
2020-08-10,-0.3686280226863049,0.0060450480689819,2.7391073130671755,2.8054752176881625,2
2020-08-11,-5.539444396987493,2.0019342156503033,1.2132446335186569,1.1595335383758036,2
2020-08-12,-0.4900069277983018,2.0242265489477496,1.0760552265264731,0.9751918873034312,2
2020-08-13,2.3113539123246993,2.1269713027827772,1.8975167439094336,1.5540251791210855,2
2020-08-14,-0.4539579915862881,2.1473388055937894,1.5810858756029935,1.3619570772640628,2
2020-08-17,2.123261766404535,2.2768347456436513,2.0027616930387153,1.8793049959901391,2
2020-08-18,0.8742354538039215,2.2612501227775583,1.9259925357947292,2.043218256064647,2
2020-08-19,-3.228652270756339,2.69654954859237,0.7533258595312603,1.0636194554032894,2
2020-08-20,0.6665485742007184,2.687743419763374,0.7073184984802239,1.1924959128921235,2
2020-08-21,-0.826302217421929,2.7016159159506534,0.3086563425559238,0.9053708784979853,2
2020-08-24,-0.5895087936324233,2.571174191717408,-0.2853865941609445,0.6904420229350778,2
2020-08-25,0.099190879817958,2.5416420976222085,-0.449645507947275,0.6646538327344642,2
2020-08-26,1.1513458166146917,2.57589088758279,-0.3511739026493337,0.9229251037893176,2
2020-08-27,-1.1847991828054985,2.60534958463467,-0.4483532304724549,0.5436610749902192,2
2020-08-28,1.700295382482023,2.6918056620516895,-0.2586816574262609,0.9501170866614156,2
2020-08-31,0.2160212450220996,2.693737513005283,-0.2295396441549725,0.9511291074939844,2
2020-09-01,0.0966760334569109,2.5097755087384797,-0.6878234407104591,0.9217391221457224,2
2020-09-02,-1.3436805600887285,2.513632720700335,-1.1951058433359965,0.5073114302402555,2
2020-09-03,-0.835708129136326,2.4212884600233737,-1.6663209076138998,0.239203803322906,2
2020-09-04,0.253316874848181,2.3647452306914993,-1.2520899291242205,0.2658536179346533,2
2020-09-08,-0.2150600902431041,2.364401863019515,-1.2178417923525382,0.1690038385489709,2
2020-09-09,0.9435892419209406,1.0105123431391896,0.2770390361624442,0.3814229245004484,2
2020-09-10,-0.3449751256629323,1.0025814759873717,0.3116021420266629,0.2480427095061087,2
2020-09-11,-0.0277283338541077,0.6905484447693859,-0.2397626486024471,0.1988962018086009,1
2020-09-14,0.7636639416081364,0.7161571048658435,0.0456431381090909,0.3613009565974319,1
2020-09-15,-0.2617285401691801,0.417065225439124,-0.5101444229636511,0.2496835436379885,1
2020-09-16,0.2607224975296898,0.3596322310567266,-0.6509834663015376,0.281669375216772,1
2020-09-17,-0.5725792693472056,-0.4088613656933172,-0.0349728241126207,0.0943559673144242,1
2020-09-18,0.1087988843205031,-0.4511046700374376,-0.1656901784209213,0.0893580663322891,1
2020-09-21,-2.050771288549759,-0.152597990452807,-0.4501183445132899,-0.4819159266187285,1
2020-09-22,-0.5078975228020577,-0.1588332061234192,-0.4312692827350035,-0.6364244880298453,1
2020-09-23,-2.205876058425459,0.1681271331832432,-0.9577749184286474,-1.2159006516841322,1
2020-09-24,0.3488271751207456,0.0508809789595761,-1.1382494624352022,-1.1349661526294952,1
2020-09-25,-0.3075569003959828,-0.02078968952029,-0.9408968317895332,-1.2257507196965545,1
2020-09-28,0.9784636274185292,-0.2045348749721962,-1.103412963115233,-0.9865805662009012,1
2020-09-29,0.8171912585539324,-0.1304704608569636,-0.968144855421671,-0.789167817911169,1
2020-09-30,-0.6243474390952115,-0.1256420459841725,-1.1302838415023695,-0.9573876722528756,1
2020-10-01,0.865567250364658,-0.1450110479195847,-0.6297619750048041,-0.7351445007001571,1
2020-10-05,0.3741592046426927,-0.1712753004402016,-0.3509335246569778,-0.6377647635231876,1
2020-10-06,-1.2049120025734483,-0.0827349633756206,-0.6865835967554828,-0.942137399547341,1
2020-10-07,-0.0673619256529852,-0.082777472725441,-0.6528093522833855,-0.9396137613365236,1
2020-10-08,0.3325048297222241,-0.1619426179176708,-0.7922231740996396,-0.8306619723775368,1
2020-10-09,1.777018104651362,0.1158517215667105,-0.3044273825087012,-0.3462410012729657,1
2020-10-12,-0.3097329627576312,0.1201358388837582,-0.3698516773813859,-0.4130879457764396,1
2020-10-13,-1.607118257461449,0.2204721163574038,-0.912629632936079,-0.8069667172862661,1
2020-10-14,0.2866562358411588,0.2355879645322931,-0.7882217948537583,-0.7051891420606433,1
2020-10-15,0.3415881315314814,0.2409732425593878,-0.7698186241108586,-0.5790300721106757,1
2020-10-16,-0.3692551086876642,0.2317963393569908,-0.7234808658730215,-0.6324336061027017,1
2020-10-19,0.0282017919353349,0.2292275760983491,-0.7418602911384217,-0.5743144213847586,1
2020-10-20,0.4585334405218722,-0.0372131055295365,-0.1626278032767131,-0.4138780079815307,1
2020-10-21,0.7278346526780296,-0.0159510381120955,0.1280086482162569,-0.1865874045199279,1
2020-10-22,-1.0068307383956123,-0.3527962163093706,0.4134717067441754,-0.4447208037767201,1
2020-10-23,-0.1285138065171488,-0.355399635304125,0.299418234380349,-0.4714390838136955,1
2020-10-26,-0.0726190567327704,-0.3666686233153293,0.3554850531500806,-0.4707765765395833,1
2020-10-27,0.240558061591619,-0.4415727836624873,0.1798294218175013,-0.3910100413639602,1
2020-10-28,-1.649238206853561,-0.2642131932011029,-0.3979734023930331,-0.7883057492361992,1
2020-10-29,-0.4374447031619817,-0.2790751431586415,-0.3546857386130172,-0.8595124643663007,1
2020-10-30,0.4326750370464613,-0.3352042019036719,-0.454822653723315,-0.7234177412617325,1
2020-11-02,0.9432588098884374,-0.2610805143692902,-0.3230883649077885,-0.4534071550811053,1
2020-11-03,0.5436686099166007,-0.3573591210799331,0.08639432807312,-0.2943371845590934,1
2020-11-04,-0.078127395568804,-0.3571723061237755,0.083851294010996,-0.3027436293853447,1
2020-11-05,2.2494035399783976,0.0331288923324331,0.5410083732657861,0.3023835482781358,1
2020-11-06,0.1197457468191711,-0.2002956437295513,0.145256988486515,0.3414993695382129,1
2020-11-09,-4.548875526293707,1.1279196847651565,-0.837681020883122,-0.8447304945810639,2
2020-11-10,0.3083805138482391,1.017319644495957,-0.3986888848637595,-0.7331801094018913,2
2020-11-11,-0.4557029265942028,1.016103553752764,-0.5698210119839582,-0.8173968523878958,2
2020-11-12,0.5818007821219305,1.0315726679706825,-0.5145850769823892,-0.6330018507764666,2
2020-11-13,0.6571943226137267,1.0572454553169826,-0.2770560982508422,-0.4380665818135055,2
2020-11-17,-0.3953664220164748,1.062836422737348,-0.3753689700206155,-0.5228356084983182,2
2020-11-18,-0.5959380444568775,1.058950642909298,-0.618316784036224,-0.6555125539346609,2
2020-11-19,-0.2104064675782248,1.015863904958735,-0.8323413814307442,-0.686839422990663,2
2020-11-20,0.2797819878648742,0.9837755822244262,-0.5383360576982152,-0.5860178583793877,2
2020-11-23,-2.010637658510934,1.173649565390902,-0.9671465622479604,-1.0738262346390204,2
2020-11-24,-1.566450943259737,1.2655563511291594,-1.3017908525792177,-1.4323563350670203,2
2020-11-25,-0.0694135918060181,1.2533645212370108,-1.370605618899306,-1.4032451293176451,2
2020-11-27,-1.0417896686715402,1.1843656368374216,-1.2355490179473234,-1.6170506506244935,2
2020-12-01,1.3916518834023557,1.318928648459638,-0.8238868629511149,-1.2177105837850757,2
2020-12-02,0.726853940238063,1.341648977152159,-0.7569720848262083,-0.99130365953377,2
2020-12-03,0.7617710749094929,1.3225668211227577,-0.7982770714357901,-0.7570158988779475,2
2020-12-04,-0.3060982637727772,1.2953411494181066,-0.9906819988081504,-0.8097998768990899,2
2020-12-07,1.4576752320540518,1.4312402877445425,-0.641746665305958,-0.4100889359742138,2
2020-12-08,0.3258284072142637,1.1350074318634598,-1.0779397917773903,-0.3199829695593006,2
2020-12-09,-1.745870926136278,1.2426272189094072,-1.4930476088903488,-0.7648978066881444,2
2020-12-10,-0.2136710820539944,0.0682689048488628,-0.5163948685917793,-0.8066351559089872,1
2020-12-11,0.1633909782474046,0.0606193164035581,-0.5497478848537478,-0.745759199874615,1
2020-12-14,-0.5743525134160992,0.0678447065325035,-0.5770057604462605,-0.8699678226303993,1
2020-12-15,1.3667088833796068,0.1934283505420244,-0.3960831259016654,-0.4968888559210736,1
2020-12-16,0.5279714150986898,0.1806801149161579,-0.4259669914914105,-0.339972759396625,1
2020-12-17,1.0239610064726292,0.2555246783323918,-0.0956082483056091,-0.0528889243511401,1
2020-12-18,-0.1920761965206768,0.2330708156890454,-0.0007460985569865,-0.0957703186569714,1
2020-12-21,-0.3400335604467854,0.2382178351813517,-0.0312356710541539,-0.1766412383852421,1
2020-12-22,-0.8154398706373036,0.2754536052297114,-0.2872706007289551,-0.3773795610716124,1
2020-12-23,0.6401312017904772,0.0017475212806058,0.3372667820181831,-0.1848907502468755,1
2020-12-24,0.3753630752613466,-0.2269351538937087,0.8053943158210525,-0.0657706433457688,1
2020-12-28,-0.3857016224798707,-0.2057363665500792,0.7285231295602534,-0.1568881522240766,1
2020-12-29,0.3412137429767348,-0.3366965570182867,1.0664513385923569,-0.0537833698609429,1
2020-12-30,0.7401138479736719,-0.4391967946657497,0.9066696003188116,0.1551427286783289,1
2020-12-31,0.3483635345247395,-0.464502451228242,0.814326524408216,0.2552800452518575,1
2021-01-04,2.1784750446957237,-0.1480488904877369,1.1617723702086635,0.8462994442452714,1
2021-01-05,0.273386008282634,-0.1747892263369886,1.3053155953076994,0.916899565469008,1
2021-01-06,-1.6591565523869996,-0.0239033217396952,0.5429560490554666,0.4680179745428797,1
2021-01-07,-0.2559038569897767,-0.0175334228892854,0.4032810287645249,0.4022113191131883,1
2021-01-08,-3.5020056559692105,0.6380221813923447,-0.0134733298131145,-0.5143993443925127,2
2021-01-11,-0.2185177015897631,0.6381549794399627,-0.0146133971740617,-0.5494454425549992,2
2021-01-12,0.6228582572656963,0.6600157326029865,0.093712942318611,-0.3643521898218922,2
2021-01-13,-0.4537731063151285,0.6518491285172799,0.1222239277064556,-0.4701603376823328,2
2021-01-14,-0.0741507290139548,0.5321668724327141,-0.2162277034640225,-0.4774812489181487,1
2021-01-15,-1.2703676306768232,0.5980640014474551,-0.631863098058573,-0.7897024041972542,1
2021-01-19,0.8212228817576327,0.5706298097311967,-0.6782530490920795,-0.5528452992095126,1
2021-01-20,1.5923528854491722,0.7481694078106746,-0.2666968246425433,-0.1137949281196393,1
2021-01-21,-0.0849611906659824,0.7429937815334237,-0.207265173686171,-0.1197561918094398,1
2021-01-22,-0.8124203282754774,0.7427089864039561,-0.2065607142251319,-0.3028542561310145,1
2021-01-25,0.0639529252970593,0.7141316681576894,-0.3405985362765872,-0.2521351797733328,1
2021-01-27,-0.9049039396397514,0.7399383912503752,-0.6356792945904092,-0.4782642551733757,1
2021-01-28,0.0704194680158956,0.7378785926712346,-0.5309838676508971,-0.4447878485389139,1
2021-01-29,-0.0627719552610561,0.7251204277079197,-0.6237366005472353,-0.4485640821030589,1
2021-02-01,0.9116083894919492,0.7450222619623179,-0.5844082463133364,-0.1954384695700999,1
2021-02-02,-1.2460938276988238,0.8004718215678642,-0.9474712653693484,-0.504581675936716,1
2021-02-03,-0.1733725963456727,0.4245074172523351,-1.4725345549128308,-0.5303479790722946,1
2021-02-04,-2.198108708956375,0.6123597714251936,-2.011159029942713,-1.0754314703527894,1
2021-02-05,0.959815476035425,0.6211600735489441,-1.4399711777436952,-0.8049158039376022,1
2021-02-08,0.9794095339270452,0.7197924693291095,-1.165316020667926,-0.5299638646568123,1
2021-02-09,0.3036106712743646,-0.0417446790857296,-0.2975376382513848,-0.4435568586305604,1
2021-02-10,0.3430817746058099,-0.0322112144597316,-0.1666582665516792,-0.3563653277448699,1
2021-02-11,-0.8942652121659487,-0.0161227215909822,-0.5185373647678156,-0.5916470582868345,1
2021-02-12,-0.3263314970293934,-0.021882768075047,-0.489183788071627,-0.6801408993239109,1
2021-02-16,-1.4675292939717113,0.1143372219169211,-0.8080970365398691,-1.0501014642109685,1
2021-02-17,-1.163655923048513,0.0974919410430382,-0.7838299772205941,-1.32802153885368,1
2021-02-18,-0.028251032609792,0.0218449030321802,-0.976291097527969,-1.3104937871120497,1
2021-02-19,0.3916201589211794,-0.2180789418007443,-1.2455606303569966,-1.1888358427451062,1
2021-02-22,1.4631021180945598,0.0132139499494325,-0.8977957063859673,-0.788476623575025,1
2021-02-23,-0.2525096220846716,-0.0180835434609983,-0.7706824230098333,-0.8293214983965097,1
2021-02-24,-0.093198980533839,-0.0218218375486887,-0.8064316087917475,-0.8372892948659908,1
2021-02-25,-1.92121476591872,0.166663041891128,-1.0362717710879832,-1.3081566687342483,1
2021-02-26,-2.469469304514538,0.4898815101788199,-1.6005576819593683,-1.8952043936657332,1
2021-03-01,-0.1953799211614373,0.4860112664897329,-1.629627168165813,-1.909539540198102,1
2021-03-02,0.5208964313654731,0.4298641035239864,-1.7150527510232965,-1.7401305254164614,1
2021-03-03,-1.1301608962291698,0.4171063240858578,-1.689739906830528,-1.9757839131738717,1
2021-03-04,-1.0104860670051805,0.4399850817166173,-1.8718580345413736,-2.169822343447189,1
2021-03-05,0.0405972167225598,0.2142755358416662,-1.381381541218992,-2.1045084600419037,1
2021-03-08,-1.064140770331153,0.1263024584010235,-1.8252835234170977,-2.308536779050145,1
2021-03-09,2.081886198820543,0.4230750744307598,-1.5845987901279988,-1.7463682947620929,1
2021-03-10,0.4861255335353157,0.4410519187958325,-1.544496751386994,-1.5769934539282804,1
2021-03-12,-0.1274233246571594,0.4123293029360911,-1.6477270844615743,-1.5595416420586763,1
2021-03-15,0.4163019531685184,0.4275594480171096,-1.3589719310607633,-1.4079824547200814,1
2021-03-16,0.0701677038355269,0.4357802599107409,-1.27086339408631,-1.3424657401366282,1
2021-03-17,0.689485521907514,0.3861317483528048,-0.7853696834870272,-1.1171756125628511,1
2021-03-18,-0.6047535861232186,0.3297440163062184,-0.6578556510251834,-1.21895075829887,1
2021-03-19,0.395061496626988,0.3478939084027798,-0.5608009728584109,-1.0535147529440547,1
2021-03-22,-0.1693310311505598,0.3291860409520988,-0.6893242217343112,-1.0306884321163312,1
2021-03-23,-0.7547494953496477,0.1534419479297824,-1.190466926598143,-1.1640646406379498,1
2021-03-24,0.3231310405062315,0.1767800497805217,-1.061462407793715,-1.022574724336378,1
2021-03-25,-0.3861541941030947,0.1770599069582658,-1.1272082489730255,-1.0809304255598498,1
2021-03-26,0.2616023058827115,-0.0371050552476269,-0.6326721827946465,-0.9744039546045904,1
2021-03-30,-2.941996448163751,0.1483985575260764,-0.7406449436223558,-1.6695725534407573,2
2021-03-31,1.4826702067604434,0.3303494434464104,-0.3548862958113866,-1.2464290079771998,2
2021-04-01,1.2322549441302952,0.4208056886299207,-0.189391137507134,-0.8878378366248796,2
2021-04-05,-0.0592790088502665,0.3350568203361408,0.0619773441772909,-0.8687117095703794,2
2021-04-06,0.7771609513021004,0.2902534337262942,0.4876384198351529,-0.6305567146534137,2
2021-04-07,-0.3043835255782671,0.3014362752910248,0.4049003915755118,-0.6646509764136663,2
2021-04-08,1.0468762271210068,0.2562061526729143,0.915694676409304,-0.348627962084025,2
2021-04-09,-0.778603678094472,0.0325405048422811,0.2261324254971483,-0.5146261826166154,1
2021-04-12,-0.6302553855807402,0.0491991571421657,-0.0376795281862667,-0.6370511183475774,1
2021-04-13,0.6836781539015298,0.0815076733125838,0.15369893990164,-0.4221700575898605,1
2021-04-15,1.145356713015751,0.1605568914266492,0.3270487150976535,-0.0878475026555929,1
2021-04-16,0.5805187245402332,0.1784525820740911,0.4491510109422881,0.0944993541643187,1
2021-04-19,-0.2990674925531375,0.160952667871245,0.2132024304642228,0.0472053315712883,1
2021-04-20,0.332666257005791,0.1318637226840336,0.4368892003455962,0.1613668288479769,1
2021-04-22,0.3134590349076807,0.1287088859330576,0.4173337952054268,0.2681072042542278,1
2021-04-23,-0.4059979510894287,0.1418931542207596,0.3607085793645792,0.1699375368484271,1
2021-04-26,0.2417468292719856,0.0877795769527235,0.6000402586755746,0.2511956792929574,1
2021-04-27,-0.2742174926661708,0.0960293606073941,0.4562868493684768,0.1997520201372082,1
2021-04-28,0.2716680970420808,0.0786419458182757,0.6146413585468922,0.2965107800560558,1
2021-04-29,-0.4363656633247065,0.100152633541943,0.4466564619101885,0.2056672135467949,1
2021-04-30,-0.3596057928772688,-0.7345642967314006,1.074080516084102,0.1327653455311134,1
2021-05-03,1.2668275083144385,-0.7895646649478246,1.021015886315744,0.4926451720168583,1
2021-05-04,-0.7576764033837892,-0.8210296045266202,0.537153748517034,0.2976927095504285,1
2021-05-05,0.3909846611883885,-0.8172404785958739,0.645796118363198,0.4070375764887203,1
2021-05-06,1.6314251483271518,-0.6245407611108055,0.8532679490560618,0.8491185299070936,1
2021-05-07,0.8731271878388573,-0.6071723080828643,1.1421671567356515,1.0827578972827316,1
2021-05-10,0.2802510812055135,-0.6773664376355374,0.953691350055014,1.158541352566394,1
2021-05-11,-0.0048210515188927,-0.7806873230090021,1.1439336519161227,1.1531099085044678,1
2021-05-12,-1.0202716983228928,-0.6907365674885855,1.047860135509469,0.8700419278930117,1
2021-05-14,1.2946811896321944,-0.5953777941056686,1.1985363511006282,1.2142022519456377,1
2021-05-17,1.1345950584535198,-0.5973148357988356,1.195874501374486,1.4964160227981511,1
2021-05-18,0.1721217474213408,-0.6084422473190555,1.0950707201271583,1.505010882502263,1
2021-05-19,0.0462722480322266,-0.6345082938056825,1.180283317976638,1.4806024817322867,1
2021-05-20,0.4332969126800106,-0.6317849299548292,1.20516937406194,1.5572002964818423,1
2021-05-21,0.0231883834883883,-0.6270540507935977,1.1334532013186518,1.5117798992789582,1
2021-05-24,0.1536483095640719,-0.6714021727049984,1.2719096307123323,1.502819228256825,1
2021-05-25,0.8806563853935748,-0.6344239212966293,1.430926260241618,1.6897530567907586,1
2021-05-26,-0.1965447333640029,-0.6430754520855546,1.4503274205460233,1.5826112145288591,1
2021-05-27,0.0171453067098325,-0.6349961930722413,1.3868087200725872,1.5391618574189154,1
2021-05-28,0.3539439859440125,-0.6934404631432144,1.584568079549291,1.5887088170005474,1
2021-06-01,-0.2916147382684685,-0.7030034966791869,1.601654645698127,1.4590618879947956,1
2021-06-02,0.4654521006458216,-0.8003105246787067,1.4010009585742151,1.541936197654063,1
2021-06-03,-1.998851107796728,-0.387452907377122,1.0933849658754904,0.947050052003744,1
2021-06-04,1.049974972533113,-0.3309910505983254,1.2562352112949915,1.1981845419579282,1
2021-06-07,0.3775895481799233,-0.5114181430617275,0.9473053142191282,1.2618150052681347,1
2021-06-08,-0.3318312706439844,-0.5346736202501918,0.6540470351435341,1.1274183866514789,1
2021-06-09,-0.2141166554761341,-0.5253007514220388,0.5347485537262309,1.0237599470514398,1
2021-06-10,0.4061316108099079,-0.5194168994259921,0.6338763074879102,1.092789503104633,1
2021-06-11,-1.153498351497641,-0.4878553613205951,0.6016954524338141,0.73293253382646,1
2021-06-14,-0.6098718251065605,-0.5850189099836429,0.1463094685266497,0.5310734427661891,1
2021-06-15,-0.4006087151963169,-0.7029204286868966,-0.2145005483673373,0.3749145897689492,1
2021-06-16,-1.7252972593181557,-0.4410866063247343,-0.6528513598043345,-0.1199981029809793,1
2021-06-17,-3.143523925415582,0.2496646169820341,-1.3712791274624332,-0.9536013589728344,1
2021-06-18,-0.5783358282248157,0.2136134297048024,-1.594379484640778,-1.1063557282769256,1
2021-06-21,1.1946902669749584,0.3662649232848926,-1.335815355226551,-0.8023516826023444,1
2021-06-22,-0.442275876074113,0.3533344855625468,-1.467721402419335,-0.922171067981072,1
2021-06-23,-0.0884103658932693,0.2531841569648514,-1.680549527327682,-0.9442659317172232,1
2021-06-24,-0.08243660364837,0.256813110799212,-1.655595932423742,-0.968241298459063,1
2021-06-25,0.3083497870839607,0.2781043720814152,-1.5917849951415357,-0.895558037451397,1
2021-06-28,-0.0282416571488553,0.2499987618787622,-1.6754943363782346,-0.9066579232582654,1
2021-06-29,-1.0780082757711775,0.2835743020665114,-1.8467330647814515,-1.1777073356850356,1
2021-06-30,0.4617769440851726,0.2831244581177783,-1.8475301791170964,-1.0509103288250303,1
2021-07-01,0.3211907049542613,0.1169233368206145,-1.3384550554989991,-0.96304334365275,1
2021-07-02,0.6312390659314195,0.0445459262570151,-1.4312120775601735,-0.7956934656929695,1
2021-07-06,0.4725159236424039,0.0552061194370666,-1.410218337177312,-0.6696978447365226,1
2021-07-07,0.3575914122140329,0.086675738420905,-1.257147282186549,-0.5772490948743679,1
2021-07-08,-0.0874259411060713,0.0888929420594508,-1.228903412587463,-0.5999215942943311,1
2021-07-09,0.3091557533709463,0.0797318285744603,-1.2505259956747046,-0.5213064240925501,1
2021-07-12,-0.1463912451329299,0.0167546688895925,-1.0249471416283762,-0.5603976672283222,1
2021-07-13,0.1078078641890832,0.0110292017573971,-0.8628038417499159,-0.535370665325859,1
2021-07-14,1.04718827254834,0.1147533635928914,-0.5321430764450445,-0.2689565609240414,1
2021-07-15,-0.0047031486567007,-0.099615002332692,-0.132900105414047,-0.2743820064807959,1
2021-07-16,-0.9970346519619004,-0.9921164352926178,0.374897342309627,-0.5409874387533506,0
2021-07-19,0.0957035248622975,-1.0514790123523043,0.5366182579786537,-0.5170934043229887,0
2021-07-20,-0.1519965098372225,-1.2145907868945809,0.2145937754464975,-0.5492069137640786,0
2021-07-22,-0.1994519279063542,-1.2417070886356425,0.2723385721504819,-0.5881578072667257,0
2021-07-23,-0.336077219445011,-1.2219699212576998,0.2134435333877042,-0.6596689337348007,0
2021-07-26,-0.2597502594389697,-1.2106918076478697,0.1713679811059166,-0.7097171567785473,0
2021-07-27,0.144071525189352,-1.2198051390235551,0.1324522013625161,-0.6601100701633152,0
2021-07-28,0.4809507461424191,-1.19299467831527,0.2532828719944101,-0.5174868747592595,0
2021-07-29,1.0818037241637282,-1.263666474229176,0.7727005520664431,-0.2140326716923357,0
2021-07-30,-0.813800509863098,-1.1482626446731117,0.4645784726652685,-0.4080545849626714,0
2021-08-02,-0.1459450267689552,-1.147827700132596,0.3527194414606709,-0.423645511836857,0
2021-08-03,-0.0929939179445309,-1.1905834718978556,0.18032670444861,-0.4223791200955411,0
2021-08-04,0.0013419510187311,-1.2187878574392828,0.0688395624815522,-0.3960166509001174,0
2021-08-05,-0.4181090067886275,-1.211878390562851,-0.1135625150164351,-0.4774870312348532,0
2021-08-06,-2.552301691721486,-0.5001660936621769,-0.683860210037461,-1.09658741311438,1
2021-08-09,-1.8111509194613904,-0.2832692786237494,-1.1633094207918664,-1.5061421503317198,1
2021-08-10,0.0086608762674225,-0.2784887635588048,-1.1285922219572004,-1.4507509037664514,1
2021-08-11,1.346399236953321,-0.0833589225566894,-0.8493217752790353,-1.056896886936598,1
2021-08-12,0.0021314076324841,-0.2097830798824402,-1.0851829411835254,-1.0083871853102715,1
2021-08-13,1.3997160199048566,-0.004994296180068,-0.7676451226852005,-0.5997330671435992,1
2021-08-16,0.4751854041077573,-0.0367706616557942,-0.4299534582870715,-0.4436259339028728,1
2021-08-17,-0.1718114112548928,-0.0391457265552952,-0.4916852205375155,-0.4512760905342725,1
2021-08-18,0.0555619932848044,-0.0375882716698514,-0.443803374834963,-0.3969582211055062,1
2021-08-20,-0.2618370463038835,-0.036213868157974,-0.45820550152048,-0.4270026351595278,1
2021-08-23,1.1877681285705417,0.0776038435869106,-0.1038287242638758,-0.0789272525488697,1
2021-08-24,-0.069654068018739,0.073202721007457,-0.0592408662384778,-0.0626685722051649,1
2021-08-25,-0.7181813609715332,0.1068220265070351,-0.2608077087288143,-0.2223617461137543,1
2021-08-26,0.09110319015024,0.0864367809263827,-0.3513722946835644,-0.1697654106795047,1
2021-08-27,1.469049364809454,0.1636822125193858,-0.2614133251477012,0.2437856625111399,1
2021-08-30,-0.5168709622094276,0.1363657187798301,-0.1921987776257687,0.115694450556059,1
2021-08-31,0.1782558632023416,0.1384929666483635,-0.1163921107500474,0.1574675690464203,1
2021-09-01,-0.0163561425335101,0.1380750185692446,-0.0984362346985157,0.1436997575949393,1
2021-09-02,-0.2876829228806165,0.1432191071355686,-0.166081550576639,0.0647247767232007,1
2021-09-03,1.0411590866764766,0.20857237252155,0.1774631608120616,0.3370334349527647,1
2021-09-07,-1.999410891946362,0.0151248881353163,0.3089417370074673,-0.2004869170699672,1
2021-09-08,-0.2729178358178116,-0.2764286120268286,0.6785858417148835,-0.2711991950922141,1
2021-09-09,0.4189877709327589,-0.2723702418488444,0.7781539472080314,-0.1581793125939611,1
2021-09-13,-0.1949218048790521,-0.3959651752475711,0.4062501154419645,-0.2079345301463136,1
2021-09-14,0.6193407363993105,-0.3727586601010649,0.5544879586627732,-0.049090418360399,1
2021-09-15,-0.6102079471435916,-0.494891931536517,0.0750994192881956,-0.2132644250798175,1
2021-09-16,-2.311732793417857,-0.0696864812642429,-0.5738628268696128,-0.8097823362092887,1
2021-09-17,-0.1808229948249194,-0.0696030701496013,-0.5759320581132336,-0.8401731231245655,1
2021-09-20,0.6894030333519685,-0.0215939376656959,-0.4299342850833251,-0.6443942645648147,1
2021-09-21,0.642232273924649,0.0145090528839851,-0.2200842903939935,-0.4610424951443854,1
2021-09-22,-0.3962237668351779,-0.1059371116226312,-0.5865103411519484,-0.5494819348545035,1
2021-09-23,-1.1832276372175032,-0.0206956919837465,-0.8406605276676535,-0.8355553765625681,1
2021-09-24,-0.1507125022315967,-0.0451273567441941,-0.711501235162324,-0.8513017639383611,1
2021-09-27,0.1856763395566839,-0.0408452075663964,-0.6899044565403126,-0.7798014501108491,1
2021-09-28,-0.9983244979359024,-0.2200330457219681,-1.2467220712754543,-1.005424725569232,1
2021-09-29,-0.4735922605970996,-0.2217281594854306,-1.237073218893247,-1.091855176900322,1
2021-09-30,1.7588823641665137,0.0817505870989468,-0.8817998807801615,-0.6124100509209257,1
2021-10-01,0.2027349025897512,0.0908335814763645,-0.8321105852088847,-0.5374656779401026,1
2021-10-04,0.4443470094820521,0.1167301132474558,-0.665296033706023,-0.4015693831593129,1
2021-10-05,-0.488834888985188,0.0109051996404123,-1.012564035673608,-0.5105460032368078,1
2021-10-06,0.2446460660842814,-0.2537169664204095,-0.5013946105391363,-0.4289304157546492,1
2021-10-07,-0.5506425962999352,-0.239218522801307,-0.5652809232871879,-0.5556257704386578,1
2021-10-08,0.0203697764073057,-0.2631220731615706,-0.656667232674311,-0.5311107974036419,1
2021-10-11,-0.2111198271532243,-0.2629359105698766,-0.6603730575538302,-0.5638468317443337,1
2021-10-12,0.4280385572236296,-0.2852106028632477,-0.7040942660901965,-0.4244782702376,1
2021-10-13,1.740963132861277,-0.0293297614299219,-0.1608964468361169,0.0530617348381332,1
2021-10-14,0.2220256826741132,-0.5060037677178396,0.438965776936595,0.1241182904380289,1
2021-10-18,-1.871998035327972,-0.1766900971753184,0.03689857502042,-0.3559438153643112,1
2021-10-19,0.2985049491212579,-0.2091226758624556,-0.0550714088730614,-0.2577189564562659,1
2021-10-20,0.8500536815896377,-0.1828292514742244,-0.0062202378812499,-0.0182795464105817,1
2021-10-21,-0.1121259983861312,-0.1955246868697364,0.0607252203687651,-0.0492121116223098,1
2021-10-22,0.5873936799894756,-0.305871660052761,0.4822738816907961,0.0951261513389541,1
2021-10-25,0.6665713345231995,-0.2869421659007722,0.6793853251941201,0.258106135114664,1
2021-10-26,-0.7647081606659344,-0.2189329637597955,0.4503251534909488,0.0455730722535236,1
2021-10-27,0.2397342726154487,-0.3293278657112834,0.7491505576612496,0.1029443268823413,1
2021-10-28,-0.0460276662920609,-0.3626601852461997,0.8532128915794224,0.0910605838370982,1
2021-10-29,-0.8763995012410694,-0.5237387572830443,0.2188531591247406,-0.1363713388054241,1
2021-11-01,0.4982893062322222,-0.5069082045367932,0.2891686909800262,0.0013454170753919,1
2021-11-02,-0.2373061721478429,-0.5141522208548921,0.1273087757309053,-0.0565637016862075,1
2021-11-03,-0.8569906332478916,-0.4648123267044178,0.0403473874610581,-0.2764407524035118,1
2021-11-04,1.1051064665073853,-0.3623983715997713,0.2440967394184291,0.0284819616048507,1
2021-11-08,1.6335786004599613,-0.1975984384224536,0.7692460854023537,0.4715798984687892,1
2021-11-09,0.4691988642337911,-0.1924466807704667,0.8785859081147251,0.5936912090547835,1
2021-11-10,1.0574340785382232,-0.1492605679256673,1.1902876964043203,0.8735166018348033,1
2021-11-11,0.5362219761727715,-0.1451724952534155,1.217053401235858,1.0157174522514276,1
2021-11-12,0.1670414085002541,-0.3453684319243262,0.8304891013537756,1.0514738739552405,1
2021-11-15,-0.1770886935248817,-0.3348935873752818,0.7334278204727563,0.9932951843275636,1
2021-11-16,-0.7480264070478175,-0.6601991212587239,1.0077623711876935,0.781179504116844,1
2021-11-17,0.8870332288175864,-0.6158637651346314,1.1526431178911802,1.016183507915249,1
2021-11-18,-0.3435722683531607,-0.6254582711474667,0.8596892954079649,0.9171671495641048,1
2021-11-22,-3.0564018094211773,0.2210774063462542,0.1518506022311403,0.0835658744068367,1
2021-11-23,-0.8909702375609818,0.2532788425581732,-0.1957805582157934,-0.1494924025519118,1
2021-11-24,-0.1179091897256423,0.2160287865821666,-0.3781707098469831,-0.1721328622253548,1
2021-11-26,-0.1838766459602489,0.181176618178009,-0.2432661818458494,-0.2124050250711352,1
2021-11-29,-0.1601496958317642,0.1755058828230757,-0.3362276717159159,-0.2421300802448867,1
2021-11-30,-0.6964820059578244,0.2028284119028225,-0.4866474211287847,-0.4136510464909326,1
2021-12-01,0.3756289360389926,0.1695298544391779,-0.1962377788160079,-0.3149678400446051,1
2021-12-02,-0.5772862346649001,0.1656791499246248,-0.445938788465499,-0.4665615248466501,1
2021-12-03,0.8151689777519147,0.2198608855329683,-0.2016289456632415,-0.2499547243882413,1
2021-12-06,-0.2685243689730409,0.1736870337978745,-0.0639036513069054,-0.3159915143748643,1
2021-12-07,0.3319628893781839,0.0876883232559895,-0.2446841565637785,-0.2262162289495609,1
2021-12-08,0.0316755971927861,-0.145501727635977,-0.6148294388998943,-0.2226468181725397,1
2021-12-09,-0.635060021633363,-0.1587359249396967,-0.866554365899833,-0.3935736544626128,1
2021-12-10,0.3987229073642052,-0.2627117488498853,-1.0153942958136983,-0.291239292525638,1
2021-12-13,0.2294878916351541,-0.2952913277567512,-1.0843688241638991,-0.2400014697501134,1
2021-12-14,-0.96046320240504,-0.2680744208901176,-1.3360969541691543,-0.5015914421789456,1
2021-12-15,0.4058537471494242,-0.2290402404833559,-1.2063029801532734,-0.3945859938472532,1
2021-12-16,1.1798670066840329,-0.0921307850114063,-0.771620685153786,-0.0858721565557256,1
2021-12-17,-0.2364867900769223,-0.187830243232863,-1.0259594384264834,-0.1509526301591031,1
2021-12-20,-0.4461322530118766,-0.18481687895435,-1.0490345680593565,-0.2718715145412438,1
2021-12-21,-0.064128104220325,-1.051626749480569,-0.3659717252928541,-0.2893083731238947,0
2021-12-22,0.9130675029875058,-1.033085070185865,0.055834560918073,-0.0537309762197891,0
2021-12-23,0.202831911339734,-1.0316139967076483,0.1316280183755729,-0.0084744869391348,0
2021-12-27,0.2141251823188028,-1.0344633202521782,0.2260174785482339,0.0376337062445349,0
2021-12-28,-0.4540432727742912,-1.007807871882343,0.156281878810055,-0.0909499938365802,0
2021-12-29,-0.0518895798905175,-1.0798879175128815,0.3095006649359097,-0.102066889467592,0
2021-12-30,0.6926845879774386,-1.0417245483847193,0.3852276403614262,0.0841855171341643,0
2021-12-31,0.6583732781658533,-1.066542555805538,0.6826607232590017,0.2487701106279404,0
2022-01-03,-1.5720762057509694,-0.7953171730543599,0.1113220840184835,-0.1773251912670171,0
2022-01-04,0.7114718590985112,-0.7585029705860459,0.3442146417015538,0.0106851157201036,0
2022-01-05,-0.3233669193662357,-0.7503029084604323,0.1882251300108772,-0.0774623444487648,0
2022-01-06,-1.253818715892021,-0.5817699928412252,-0.1148093525478748,-0.4028912464598752,0
2022-01-07,0.4316915060169231,-0.6052896568151491,0.1363845456439571,-0.278778838011844,0
2022-01-10,0.281217945747003,-0.6127071624948801,0.1085834503444184,-0.199814234682977,0
2022-01-11,1.1766166803523417,-0.4902363124128752,0.3336020523946111,0.1148350359438494,0
2022-01-12,0.241585028327261,-0.600804289820664,0.622271384905003,0.1775762796951746,0
2022-01-13,-0.3624118064212456,-0.5861016748933225,0.437373979099223,0.0745323608521347,0
2022-01-14,-0.3105342512629476,-0.7022724680230475,0.08270809884983,-0.0098614829938023,0
2022-01-18,-0.1873527309113181,-0.7047537552712437,0.0943162793163864,-0.0612466310041472,0
2022-01-19,1.5528251829017683,-0.5096141933607294,0.5714510727827764,0.3439264869109245,1
2022-01-20,-0.27236472232217,-0.4979851716169383,0.5213003455014297,0.2631126777001273,1
2022-01-21,-0.3489161986814548,-0.547188947604861,0.2195949224435984,0.1725915728845261,1
2022-01-24,0.5254961853072009,-0.5278021684808376,0.2963729933324328,0.3187109935195673,1
2022-01-25,0.2968570175204287,-0.5247854932405093,0.3160990095164141,0.4074304704213491,1
2022-01-27,-2.9493720210200904,0.1892185637028412,-0.2717491852296729,-0.3588360479795784,1
2022-01-28,-0.3209232328637376,0.1941792628028938,-0.3342561223684819,-0.4148672171500409,1
2022-01-31,0.5682720100288614,0.1814652938209025,-0.3631051489826701,-0.2390021427028323,1
2022-02-01,0.0609830139770578,0.1420864108715182,-0.5011301488666445,-0.2020045365901233,1
2022-02-02,0.3395832244645013,-0.0220346231680195,-0.0565286470530696,-0.0873752669877499,1
2022-02-03,-0.1644400096137923,-0.0641959709080486,-0.2612982106485542,-0.1084598948986857,1
2022-02-04,0.1317956889085426,-0.0683062782616708,-0.1551148129230894,-0.0675954276951265,1
2022-02-07,0.7150509644724418,-0.1619194463920239,0.3098060827086157,0.1216330356073658,1
2022-02-08,0.2828788444474509,-0.1691481326359673,0.2743452872907367,0.1928200871521999,1
2022-02-09,0.3169885207958056,-0.1677397196303976,0.2828642933326001,0.2707177518903581,1
2022-02-10,-0.402500371944232,-0.265265647037813,-0.090325218504282,0.1550985582860538,1
2022-02-11,1.864710726227423,0.0090236525271183,0.2933494349972134,0.6426774338344169,1
2022-02-14,0.5112298774862165,0.0070798996987532,0.5024543869584402,0.7617292404784458,1
2022-02-15,-0.9764634659194596,0.0826108373614145,0.3428996705936454,0.4739976842202701,1
2022-02-16,1.0006006366421951,0.1360757149572956,0.628275146502082,0.7282101185380019,1
2022-02-17,1.3348709497361015,0.0931962355817209,0.575662869524796,1.0688309534636862,1
2022-02-18,-0.0955927808821041,0.0847950537914209,0.6183253042390748,1.0144366813564996,1
2022-02-22,0.1863749341573399,0.0661378931663144,0.7479744138606242,1.0378378886795636,1
2022-02-23,0.4273216664796491,0.0613765664336783,0.7241442372608345,1.1226827512535509,1
2022-02-24,-0.6691384920661327,0.1079872585250412,0.4909092488012753,0.9077512323866136,1
2022-02-25,-0.3557605363814148,-0.7340188740011554,1.1222581998354375,0.784286723834459,1
2022-02-28,1.0086243236937458,-0.7130443271179112,1.4523093172272932,1.028467331413541,1
2022-03-02,0.7314706929540614,-0.701074468411049,1.4931255883985812,1.194888375445388,1
2022-03-03,0.5711418395574038,-0.7020708972420872,1.6211477486591042,1.320245449275119,1
2022-03-04,1.5576094275159993,-0.5562806213473861,1.9294612227609456,1.7160951050218238,1
2022-03-07,1.452631833153757,-0.4914088945422485,2.344630828811811,2.075619699049269,1
2022-03-08,2.676032266818566,-0.1045511952015481,3.011590822062947,2.7827604422759267,2
2022-03-09,-3.0374249411171936,0.767522265487598,2.0337920695198837,1.8448310248251336,2
2022-03-10,0.2892926774598698,0.7674188910306109,2.0354322311025728,1.8764653905055932,2
2022-03-11,-0.727287070837055,0.8421482594465359,1.7697688618841596,1.622842137612982,2
2022-03-14,-1.5406037236690469,1.0142096484201797,1.4833786806627172,1.1494683219260458,2
2022-03-15,-1.9098985976936484,1.1143019468604187,0.5565474989996377,0.5930802581498458,2
2022-03-16,0.6016842439008456,1.11858627459996,0.5783511775192892,0.7325540038955514,2
2022-03-17,0.4652728571770655,1.052036996308864,0.9285526773608848,0.8358524611822211,2
2022-03-21,-0.1439004305400437,1.0188991148640212,0.6501376855308905,0.7630876533499479,2
2022-03-22,-0.7497292520428033,0.9708549671583874,0.1511491925092829,0.5321232378627653,2
2022-03-23,1.3340413569224323,1.0588424417121414,0.4922366893495379,0.8658008564328289,2
2022-03-24,0.7009375138957843,1.0772521675008866,0.6162016634886921,1.0156858156610935,2
2022-03-25,-0.4324982131650591,1.0882010187332676,0.4094165941430437,0.8553160666457224,2
2022-03-28,-1.8588057768539732,1.2583000039151233,0.1262209270340276,0.3174643160325139,2
2022-03-29,0.0224105233564072,1.2500011967369296,0.2158779604115372,0.3022806753327221,2
2022-03-30,0.7781273058920669,1.2292643840985362,0.161191225409093,0.4900284554769838,2
2022-03-31,0.0164956952515051,1.2023528435738229,-0.0076407270649019,0.4681111511296384,2
2022-04-01,-0.6606604578563819,1.2046257339486377,-0.2956973656255111,0.2639637939578284,2
2022-04-04,0.4611069683314377,1.0739108999181777,-0.549145118338995,0.3615823301071749,2
2022-04-05,-0.6504970392316958,0.9393827439425289,-1.0275552950206497,0.1691959619343046,2
2022-04-06,0.2117284664697302,0.4115766150082094,-1.575466923549639,0.2080354333625099,1
2022-04-07,0.3554089100461883,-0.1350450942811951,-0.8175778672106431,0.2821406669607601,1
2022-04-08,0.6021974543621237,-0.1037556601854623,-0.7463771998240838,0.4231560365861492,1
2022-04-11,0.4723178130420019,-0.1040002824987477,-0.4713358740292437,0.5282547465640237,1
2022-04-12,0.7422540212256465,-0.2417317579817716,0.0612748521281317,0.6883741248405226,1
2022-04-13,0.4553135897674272,-0.5964683498384834,0.6260794946975231,0.7658395787727377,1
2022-04-18,-0.0438982995598916,-0.6173914182857732,0.470588271091977,0.708826975740306,1
2022-04-19,-1.54458175126102,-0.386293828362446,-0.007113931377641,0.251039670764338,1
2022-04-20,0.4658998798109956,-0.3704018360099646,0.1368098118449509,0.3415948884558086,1
2022-04-21,-0.3785238470775813,-0.4119063620430176,0.2248517476952687,0.2042210680046053,1
2022-04-22,-0.9988963583251348,-0.4884519924980597,-0.3230804556167678,-0.0929197731512598,1
2022-04-25,-1.835104871311872,-0.2837200666751268,-0.9043876899634444,-0.5941429389937335,1
2022-04-26,0.1300926659821542,-0.2811784020563135,-0.7767014311003563,-0.573631345149581,1
2022-04-27,-0.7805726764715133,-0.5170242671250924,-0.5299669671897419,-0.7860539549230655,1
2022-04-28,0.5159636581468643,-0.4820709114886576,-0.4161351697694051,-0.6638369516306971,1
2022-04-29,-0.0335386464918767,-0.5577357311910454,-0.603038381439561,-0.6757964497084948,1
2022-05-02,-1.8930952821187463,-0.2848196076995388,-1.0368230185840308,-1.1580241921918712,1
2022-05-04,1.2193948388814262,-0.1398249911634595,-0.6098110214929897,-0.8447023315027931,1
2022-05-05,-0.4039632697535177,-0.1652083424537178,-0.8072898305856,-0.9446096570510506,1
2022-05-06,0.1431534238680096,-0.1790246730320364,-0.6261795712971524,-0.8964385423835665,1
2022-05-09,-1.4803103493235337,-0.0510401142101757,-1.010573652022125,-1.2602857498023967,1
2022-05-10,-0.8700781669387266,-0.0486603968403497,-1.2849428027128178,-1.4593470012299303,1
2022-05-11,0.7908906686484635,-0.0197117384388715,-1.2429158328878318,-1.236377392071219,1
2022-05-12,-1.5670183501142316,0.0532115018116258,-1.6929527815202732,-1.60968169863932,1
2022-05-13,-0.8362452391552687,-0.0356002520509991,-2.0350441854685086,-1.7928009403372391,1
2022-05-16,0.9267791837692332,0.0473159598538245,-1.9334335870501849,-1.5312580908938105,1
2022-05-17,-0.6519510761297891,0.038802699045303,-2.0643921366739852,-1.6611055673435282,1
2022-05-18,0.0308733685880883,-0.0456528930827893,-1.7234318451926378,-1.6156985948300095,1
2022-05-19,1.4363152632985965,0.1482483398360818,-1.510724388670004,-1.2110518731926647,1
2022-05-20,0.0475104297279226,0.1577327563098356,-1.416686789404772,-1.1518449279586602,1
2022-05-23,0.4415660663059158,0.1557797219826473,-1.095752070586128,-0.9782042836492056,1
2022-05-24,0.7268865998695981,0.0062180267925792,-0.5133879832372933,-0.7493247959301222,1
2022-05-25,-0.6268746021892809,0.0208406375030489,-0.687009672815915,-0.8678677697435707,1
2022-05-26,-0.2072454782364438,-0.0118486765120058,-0.5556294232215956,-0.8798902845422445,1
2022-05-27,0.0298278722033286,-0.0425649732248795,-0.6670779564226225,-0.8386625126213346,1
2022-05-31,-1.0161517059028748,0.0133170117625861,-0.8906977514964275,-1.0735194038717817,1
2022-06-01,0.6124358525018547,-0.1959074465208552,-0.316124806088279,-0.886509263219009,1
2022-06-02,1.2007672179398592,-0.199923669220313,-0.320449878383636,-0.5474135696116529,1
2022-06-03,-1.042306322984072,-0.1312833532506592,-0.4681782127860777,-0.7906600806423189,1
2022-06-06,-0.4634470034267768,-0.1263483826711232,-0.6076890922009135,-0.8832863339234049,1
2022-06-07,0.6272742056563212,-0.2519862853453486,-0.1193087880082586,-0.6877021465260199,1
2022-06-08,-0.1147767950599319,-0.3171022857105995,0.0582348325254411,-0.6812041443471667,1
2022-06-09,-0.3409749406348072,-0.3651965300738667,-0.2073253681376641,-0.7344352524103867,1
2022-06-10,1.309641759681449,-0.4512733984081483,0.4735369969909033,-0.3704864798525098,1
2022-06-13,-2.698120287126057,0.116898700917242,0.0306255666616235,-1.042998784201317,1
2022-06-14,-0.8255266325938216,0.0950226042490081,-0.3787528360062143,-1.2145402061246178,1
2022-06-15,1.2739906562416163,0.1918726076490726,0.0715829831546452,-0.8506199681987548,1
2022-06-16,1.095441723020106,0.2708825023857399,0.3242555729069978,-0.5377929516196072,1
2022-06-17,-0.8476598171302776,0.1793988233178835,-0.2145530974903846,-0.7270548295440892,1
2022-06-21,-0.3965022653297202,0.1873502656685861,-0.3178777278559767,-0.7990519696708211,1
2022-06-22,0.3753551784769917,0.1827730760062065,-0.3332461486390514,-0.6701972782843043,1
2022-06-23,-0.6368583454372816,0.1536075619395041,-0.6475359134266029,-0.8006210460449132,1
2022-06-24,-0.1221079614956067,0.1347089230628287,-0.5317064681993198,-0.7926333580247094,1
2022-06-27,-0.13397749329979,0.1340210604543867,-0.5148449095979968,-0.7844276754802638,1
2022-06-28,-0.1871290366664812,0.1329729520902501,-0.5647385177689781,-0.7849860739799401,1
2022-06-29,-0.0988844922435078,0.0688730787253796,-0.3530535936297916,-0.7594122944568387,1
2022-06-30,-0.6316069722524703,0.0513338286990217,-0.6396830738897623,-0.8695934560672554,1
2022-07-01,-0.1053572102737645,-0.0956783329841804,-0.936802445306116,-0.8506195630673407,1
2022-07-05,-2.165335511866126,0.1441551042755956,-1.1891854578845755,-1.349159037476729,1
2022-07-06,-1.6186329123488552,0.2710236273053968,-1.4458538682055546,-1.6951095343028366,1
2022-07-07,0.033228170829879,0.21515182197901,-1.5766934758568014,-1.628178909726088,1
2022-07-08,0.0208860299250182,0.2208607208011377,-1.5468819849412805,-1.5738502663017233,1
2022-07-11,-0.5595639963129395,0.2243204526461407,-1.5948963485591778,-1.662658676063361,1
2022-07-12,-0.3944892590894311,0.0083543595633844,-1.9656406138237437,-1.7117588290633512,1
2022-07-13,0.4552292844393264,-0.4021692630317587,-1.2745988837320434,-1.545934393549225,1
2022-07-14,-1.4364545984146313,-0.3089325847411084,-1.410188803680547,-1.8498842716889612,1
2022-07-15,-0.2232269623663298,-0.5522157772841725,-1.7389998963349955,-1.8571367687081584,0
2022-07-18,0.0720207598345747,-0.7639482367580288,-1.960941347852487,-1.78441857831543,0
2022-07-19,0.2161418701046864,-0.7434077073844423,-1.7301961589370225,-1.6782415217241695,0
2022-07-20,-0.96659153384206,-0.7075014571324497,-1.854157370510725,-1.863609109611708,0
2022-07-21,1.3784857832700206,-0.4535838195258765,-1.6355613255379648,-1.4730400663167074,0
2022-07-22,0.2269401178194397,-0.4326307244728315,-1.44556199852324,-1.3771947408157874,0
2022-07-25,-0.2963863111197155,-0.4361367251921123,-1.4840282204583366,-1.4089094046554458,0
2022-07-26,-0.1408572709560333,-0.4363739794151723,-1.4855453299865793,-1.408415053740101,0
2022-07-27,0.9907773862749252,-0.2879290188990697,-1.224269338642039,-1.1274131360100514,1
2022-07-28,1.1885351426553985,-0.118636853303806,-0.9351584565856644,-0.7928998701987741,1
2022-07-29,0.2583805149591536,-0.1202495722825467,-0.7331096254739634,-0.7033150885342293,1
2022-08-01,0.5426978786030946,-0.0827107191888497,-0.5848494250352732,-0.5413109617955831,1
2022-08-02,-0.6176516999700541,-0.4347322850775491,-0.2268618178256797,-0.6729909626973717,1
2022-08-03,0.2212054671319726,-0.6923062790242646,0.2059762925531593,-0.585341953732293,1
2022-08-04,1.617698652331597,-0.4577099969149548,0.5851747555517607,-0.1327280975559309,1
2022-08-05,-1.1528589128787885,-0.3144729985475005,0.3036955840712173,-0.4052560828178372,1
2022-08-08,0.8209200513230062,-0.307809547364414,0.6350966882158532,-0.1607700842145324,1
2022-08-10,0.0317144017715695,-0.3329075295464933,0.7383397903340075,-0.1271812134083891,1
2022-08-11,-0.2863298025568869,-0.3254238715519239,0.5589881753070257,-0.176845242890708,1
2022-08-12,0.8930597320708681,-0.5222759274646624,1.1269028046045424,0.079131039781372,1
2022-08-16,-1.491987639415067,-0.2728602363438925,0.8159499088250433,-0.2922296023849637,1
2022-08-17,-0.6709701530346075,-0.2143540061377408,0.6356785981915808,-0.432264389404061,1
2022-08-18,-0.2841442618320065,-0.200775574952445,0.515047182955278,-0.4738818085307732,1
2022-08-19,-0.756763295980537,-0.2358959173707821,0.5655684919767696,-0.6382484025249515,1
2022-08-22,-0.6879604375512608,-0.3351411052077353,0.0726109321252788,-0.7766887569674584,1
2022-08-23,0.6741874768906583,-0.3017293934251748,0.1784408998697788,-0.5625614499356181,1
2022-08-24,0.2721195563662263,-0.3086826760531081,0.3136489164311914,-0.4563365447375329,1
2022-08-25,0.2834684963159775,-0.3094654598350974,0.4150688298817914,-0.340821490275488,1
2022-08-26,-1.2445666299847915,-0.2455333653822729,-0.1144032729278382,-0.6370660316309006,1
2022-08-29,0.0395408664607895,-0.3808595854881696,-0.3819863002652585,-0.5994641505176886,1
2022-08-30,-0.8595306032838456,-0.3411182113743902,-0.6393953088028947,-0.7859525518262943,1
2022-09-01,-1.6801447037816406,-0.1936992424643799,-1.142751220293269,-1.1684180878528283,1
2022-09-02,0.8540919392073474,-0.1140668922088543,-0.8107328650924004,-0.9042564061203852,1
2022-09-06,-0.6077137032617882,-0.1137727554731832,-0.998334127288918,-1.017002461589802,1
2022-09-07,0.989159789906146,-0.2765296259809222,-1.1395518917769007,-0.7179239968788722,1
2022-09-08,-0.6240885072218696,-0.3382969564730376,-1.0208090565472996,-0.8388824194775192,1
2022-09-09,0.5045714888985682,-0.3893557789887359,-1.0919250416753852,-0.6684439262172612,1
2022-09-12,0.4831323444855819,-0.3499481454758482,-0.9903764829633196,-0.5057379010339094,1
2022-09-13,-1.3314962772379342,-0.2442274881940001,-1.2247952101422528,-0.8131269796206287,1
2022-09-14,-0.4076236050563612,-0.3681975487870874,-1.513121278850935,-0.8763719646608564,1
2022-09-15,-1.9072186289370536,-0.2674199522273044,-1.604379517760902,-1.319224205677323,1
2022-09-16,0.5309551264048523,-0.2160012455049215,-1.339181097897488,-1.13790029244061,1
2022-09-19,0.0547104180532083,-0.2064916748736535,-1.2638366285432474,-1.0900957544685392,1
2022-09-20,-0.5943533744108793,-0.2177945128453993,-1.2276340821400755,-1.2146938129396003,1
2022-09-21,0.4408301454051044,-0.1964667712035798,-0.974385567871002,-1.0750766979901591,1
2022-09-22,-0.0800098033155717,-0.2640979452098721,-1.1439094516894033,-1.0688705764129829,1
2022-09-23,-1.764465950328417,-0.1092697069234353,-1.5953421432488386,-1.48788527489705,1
2022-09-26,-1.1920096241380376,-0.0921359574636021,-1.9167013628834209,-1.7530646924558464,1
2022-09-27,0.1824646732804211,-0.1263761383295695,-1.6059693482301831,-1.6701016527628385,1
2022-09-28,2.0344511994839065,0.278673970459398,-1.164081113971834,-1.1317144863128874,1
2022-09-29,-0.0416324290335041,0.2528570354924782,-0.9803459842430812,-1.1227580460511315,1
2022-09-30,-0.0157839795714024,0.0861614146084632,-0.6017847725852411,-1.106684391386186,1
2022-10-03,2.378885372935233,0.4542754914644177,-0.2493926057186359,-0.4770774185588952,2
2022-10-04,1.3999436900254956,0.5579846382500793,0.2228672254022372,-0.1079946224931006,2
2022-10-06,-0.6900880061945454,0.5276525872023959,-0.172788414718275,-0.2839695264788655,2
2022-10-07,-1.1242285786031605,0.5811887776672658,-0.2893500339747409,-0.5661258700814795,2
2022-10-10,-1.5535723738288694,0.6889231658013995,-0.7629262011745905,-0.9504177030553844,2
2022-10-11,-0.2281990167198055,0.661956658132554,-0.9243485051170008,-0.98797690546339,2
2022-10-12,0.5110919112559601,0.6014303930577681,-0.5038326436357554,-0.8311395694448287,2
2022-10-13,-0.716781951539611,0.6191131185803727,-0.5749310670039536,-0.983092288509696,2
2022-10-14,-1.2755574343428815,0.497977108253149,-0.4294306385857775,-1.2698390087094262,2
2022-10-17,0.264871897039279,0.4807421125144658,-0.4908338493258778,-1.1588680517363772,2
2022-10-18,0.1925530729882028,0.4847571994768103,-0.459044725857196,-1.0702692746217524,2
2022-10-19,-1.3707033914431923,0.5725644130872521,-0.6375152919444775,-1.374903155755788,2
2022-10-20,-0.1805394301922958,0.5503222138233582,-0.7793630717056356,-1.364792550812849,2
2022-10-21,1.7442483755932503,0.766766147557443,-0.3603987266993419,-0.8738526589321575,2
2022-10-24,-0.3470262028492269,0.587402726419518,-0.0295461657577288,-0.9154159082666812,2
2022-10-25,0.2052183517186428,0.4919714550480361,0.3012123236974452,-0.8142326301193182,2
2022-10-27,0.4569743482272729,0.5007879559104624,0.3667406812228466,-0.6505885656843429,2
2022-10-28,-1.0482317858599546,0.2966624194720867,-0.3588935019796414,-0.8696660622269278,1
2022-10-31,-0.8414694104626717,0.3356821777258985,-0.543539885745899,-1.0374144849375435,1
2022-11-01,0.9926026922580864,0.4149970236211968,-0.3105054450210225,-0.7377646578510547,1
2022-11-02,-0.7217162781313042,-0.0214636490447492,-1.0196094011362864,-0.8816900980229162,1
2022-11-03,-0.4034512331527726,-0.2475515904185163,-1.422039953224821,-0.9444521701064734,1
2022-11-04,3.000243513326542,0.5058808598076259,-0.5906916753408891,-0.1314036758433432,1
2022-11-07,-0.4191425233989471,0.4436263169682156,-0.4283299792992376,-0.2137068346931824,1
2022-11-09,1.757827690396031,0.4903189331559441,0.3497003945015055,0.2809285935646951,1
2022-11-10,2.97580833741798,0.9663635743133,1.1274319286240806,1.108056880106881,2
2022-11-11,0.6360044148658406,0.9710876127837492,1.1582605807245194,1.2826989799203423,2
2022-11-14,0.1962125112054739,0.9156930940088324,1.3847629549894331,1.333206847516461,2
2022-11-15,0.3287131352291195,0.763005211823918,1.7878077434236914,1.4142804870068224,2
2022-11-16,-0.2520443336432991,0.7849300384021108,1.6572346767205164,1.323226451945389,2
2022-11-17,-0.7514057172778438,0.8524632646371528,1.4205259161953971,1.101781406402428,2
2022-11-18,-0.7137725477291326,0.7457564184081474,1.5850224093571488,0.8932391072127414,2
2022-11-21,-0.5826274561462471,0.7799320636029963,1.4842106476521093,0.731289069072845,2
2022-11-22,0.0950219616207938,0.6482413238836712,1.0749319181400891,0.7527773712837316,2
2022-11-23,0.5988069003295899,0.6332822421878546,1.308827601953491,0.9132768851827596,2
2022-11-25,0.0635387395517458,0.6357344051578955,1.2736504858892626,0.9279364193413868,2
2022-11-28,-0.8154785064241242,0.7016157559263988,0.959942386070778,0.6964371566826951,2
2022-11-29,0.4704239635931384,0.600546617218031,1.334811283859115,0.8156265265689322,2
2022-11-30,1.2474403184828666,0.5658442165361102,1.85983595728706,1.1342706187110412,2
2022-12-01,1.798955301015701,0.6668998049043332,2.0654568849650627,1.6054094121631952,2
2022-12-02,-0.3682995528138097,0.623495481931623,2.1561026841296327,1.466400364353025,2
2022-12-05,-1.7524686936472884,0.8675895717720713,1.8118172813154516,0.947552260378864,2
2022-12-06,0.2510317242414023,0.4122012951009161,1.1244045417285784,0.9917288170664516,1
2022-12-07,0.8773164624472034,0.4049150460765583,1.44621628874457,1.2056940874417736,1
2022-12-08,0.0618632964123148,0.2519289076763748,1.0260761136801952,1.1816167916656148,1
2022-12-09,0.3314318913121113,-0.3856973601882282,0.3850433047418933,1.224899860724081,1
2022-12-12,-0.8514617648283808,-0.3433268800771197,0.0318435787794669,0.9434410698943196,1
2022-12-13,1.670901167828052,-0.1192160425946311,0.3819868413389844,1.369252626371577,1
2022-12-14,-0.2657643061027295,-0.1154116532114801,0.2402151619349987,1.2531762779185132,1
2022-12-15,-1.6711743147441926,0.1031127876661799,-0.0948315724965424,0.7563915976759578,1
2022-12-16,0.8445795719319088,0.1083859503322623,0.2823037614117205,0.967759336188924,1
2022-12-19,-0.3043341526798518,0.0722382372259559,0.3800294452285515,0.869884608651168,1
2022-12-20,1.623057456781882,0.1969693794319981,0.9134289673806472,1.2967539432036244,1
2022-12-21,-0.1879293476110471,0.2066111376009811,0.8443431822799552,1.2119016985349749,1
2022-12-22,-1.237751515810827,0.3251687385839426,0.4006489702042026,0.8337869592592497,1
2022-12-23,0.277043428195923,0.3274149334634353,0.4518118356928967,0.8750707206657832,1
2022-12-27,0.8169542264039613,0.2954645554891735,0.8466300412465989,1.0648698410793056,1
2022-12-28,-0.4736978286833913,0.3165663129547135,0.6175001151292021,0.8943284471855757,1
2022-12-29,0.535840754134095,0.2385800843832348,0.446225791479588,0.9949580672220004,1
2022-12-30,0.4443819753362112,0.0254095405166021,0.1235447620327071,1.0692938350445202,1
2023-01-03,0.8110700734073973,0.0546382267333582,0.4042428647399814,1.2430638586862273,1
2023-01-04,0.9142442389466184,-0.1921419225713644,1.051281939455429,1.4344900191368226,1
2023-01-05,-1.2748046835852216,-0.0186882003277058,0.6789487663631409,1.0169944499236967,1
2023-01-06,1.8306272689528944,0.1533339400286476,0.9109082222168142,1.4705777724833995,1
2023-01-09,0.2019441541785631,0.1519601178240079,0.9451794591941842,1.4634273455496614,1
2023-01-10,0.3445686815082395,0.1522240773443411,0.9483958812470534,1.4958771600709695,1
2023-01-11,-0.0909248669194382,0.0732205451507817,1.1353287426676804,1.4081089306211492,1
2023-01-12,1.1275470499755769,-0.02554789304967,1.0016323859287857,1.6538963450522668,1
2023-01-13,1.1704063318122495,0.0201488867064174,1.356597115954469,1.902699889531801,1
2023-01-17,-0.6786922069369957,-0.2196129890635001,1.604896327707297,1.6316276521444122,1
2023-01-18,-0.3097399754565023,-0.2120451706816952,1.31634186492828,1.4657883316213185,1
2023-01-19,1.5516436396663784,-0.1189322575911144,1.781930602433157,1.8187370210657212,1
2023-01-20,-0.3562346986104734,-0.2227045742929095,1.2857125145241466,1.6454296535643314,1
2023-01-23,0.1671590012374174,-0.2403942766888527,1.3740132250034462,1.6188420689807232,1
2023-01-24,0.338838483486085,-0.4620700370199917,1.7698778998178588,1.6486608894136825,1
2023-01-25,0.4369479398573414,-0.4625083836661114,1.8103780100873497,1.720220532465084,1
2023-01-27,-1.0709547346839383,-0.3048159689600662,1.3363222539335466,1.373095483487507,1
2023-01-30,-0.2791629063234239,-0.3277615272008929,1.3847574732984098,1.2547332805286906,1
2023-01-31,0.3406011592188318,-0.3330923447097554,1.3361469761428757,1.310793553766978,1
2023-02-01,1.2291675393346195,-0.2588133400501726,1.5321193307646912,1.6101943872594209,1
2023-02-02,-2.1185989572241155,0.1619105569226187,0.808320728753492,0.9738011555554864,1
2023-02-03,-2.5488819825760163,0.5901909113399192,-0.0203603788786751,0.2453484920751324,1
2023-02-06,0.1850154035951459,0.4799118880611656,0.3254587987264856,0.2636945839831164,1
2023-02-07,0.0697267553714479,0.257711779343969,-0.0910578030974522,0.250921984661359,1
2023-02-08,0.2245312675826422,0.2584422180244119,-0.0857614527804997,0.2820310215754768,1
2023-02-09,-0.8163775974856123,0.2902475230890382,-0.3564424853519609,0.0365538224884758,1
2023-02-10,0.1682326695714006,0.2940239533953344,-0.296290718798742,0.0520334219961956,1
2023-02-13,-0.5309903020275462,0.1996353159173371,-0.6785649016053619,-0.1148714518609031,1
2023-02-14,0.0530773642928667,0.0698022051976815,-0.932544245261539,-0.1189375828448312,1
2023-02-15,-1.0233870410188743,0.1034796439765439,-1.0103253851405425,-0.394726599872876,1
2023-02-16,-0.1041748858283714,0.1035530467858533,-0.9639714574911868,-0.4271037987465431,1
2023-02-17,0.2758942006359106,-0.1270131981582551,-1.250112932094665,-0.3692657555917982,1
2023-02-21,-0.3965241808964801,-0.1263015841743674,-1.2590902273183442,-0.4859051331855482,1
2023-02-22,-0.5863004454050211,-0.1361412911080452,-1.4263111326652198,-0.6443809399199554,1
2023-02-23,-0.0752860870148914,-0.1670880937743752,-1.5176855831725844,-0.667680776773816,1
2023-02-24,-0.7440802991467419,-0.2077748466909695,-1.776203908497698,-0.8599755873630314,1
2023-02-27,0.3688974598719453,-0.2076772367958456,-1.4606217788991995,-0.7681125436857807,1
2023-02-28,0.4321722795344571,-0.1628450503499977,-1.3030281384001543,-0.6531059179540318,1
2023-03-01,0.5531268018868193,-0.1373883950827069,-1.25572590103355,-0.5099624917833533,1
2023-03-02,-0.0807986464155354,-0.3348780411289436,-1.5456936040914486,-0.5415397373967937,1
2023-03-03,1.0440136665223116,-0.5008648919684646,-0.8390916897204072,-0.2768696946944418,0
2023-03-06,-0.5277409353960121,-1.155680988654509,-0.375671755206908,-0.427098442408895,0
2023-03-08,-1.8326255575767003,-0.8026996159611232,-0.8382972393900346,-0.8997876030937995,0
2023-03-09,0.9575541031659416,-0.6732472542188479,-0.6358769255353633,-0.6483717310339543,0
2023-03-10,2.110437732926194,-0.2265407262145629,-0.1998876980634182,-0.1052046423409679,1
2023-03-13,2.245913685726757,0.1050762927882483,0.5258187366361582,0.4752820312482111,1
2023-03-14,-0.6028472386500533,0.1411815146745615,0.3409877168765488,0.2915049074308209,1
2023-03-15,0.7548902757931052,0.1417514269017558,0.6500145997910922,0.4709947059405576,1
2023-03-16,0.1794966944774025,0.1412263997443769,0.680611251289573,0.4956574772681106,1
2023-03-17,2.847262001326402,0.5012386644409594,1.636381748108773,1.2465736364317672,2
2023-03-20,0.0158233548197198,0.4951209234769251,1.6666081161725432,1.2161774995918542,2
2023-03-21,-1.9271844987462583,0.803487158378443,1.1174150355767352,0.6620775553980962,2
2023-03-22,1.664952330087008,0.8877096505110399,1.6309437807460654,1.0891835914859682,2
2023-03-23,1.2233783524445947,0.8736187353457957,2.0905595367718184,1.4007691584517084,2
2023-03-24,-1.153494252839437,0.9999122852937804,1.8157188151186612,1.0524416944152464,2
2023-03-27,-0.951928484482884,1.0284532551521566,1.76307720782754,0.7714263870160192,2
2023-03-28,0.7930686258714547,1.038162246631096,1.8706231886514295,0.969751713509531,2
2023-03-29,-0.5193957936433539,1.0812478740513327,1.629993825304069,0.813196410584203,2
2023-03-31,0.354943587725652,1.0786327511947258,1.580165464128903,0.9037315874468111,2
2023-04-03,0.6953837984498022,1.0750325475967175,1.7758831555471732,1.0816844507942636,2
2023-04-05,1.744298858427084,1.1524074187535014,1.9537717677877784,1.5451323097144616,2
2023-04-06,-0.7379800711367634,1.1758527192432675,1.9002352127211648,1.3214519241029694,2
2023-04-10,-0.7647455891331206,0.9725476725342076,2.1733368010507337,1.09453084208088,2
2023-04-11,0.6076202668338926,0.958772564149303,2.083522523309864,1.2500507878292764,2
2023-04-12,0.464924103388271,0.7851959761640508,1.665373431501361,1.365309961406315,2
2023-04-13,1.3198400198162656,0.6186225945291196,1.433053787194566,1.718950188802674,2
2023-04-17,-2.254798805198048,0.9537701751733152,1.0239427567068524,1.06799066251813,2
2023-04-18,0.3649586645072835,0.9380213190855188,0.9283571854289754,1.152703212637859,2
2023-04-19,-0.501087511671722,0.9647062441392974,0.762413403582211,1.0001919865386018,2
2023-04-20,0.3706823016376925,0.5096624431910528,0.168006566273874,1.0959870073101796,1
2023-04-21,-1.0156125440191843,0.5783611881833567,-0.0752387826633544,0.7998481126528393,1
2023-04-24,0.2811312129935271,0.3229291583946841,0.4486351045080779,0.8485452387992234,1
2023-04-25,0.4849357969112022,0.1528751435108926,0.1672630169082918,0.9522023337980464,1
2023-04-26,-0.5672911315984467,0.0634264498246071,-0.2534237034613422,0.7676649294370109,1
2023-04-27,-0.0168357840112583,-0.0364273580277331,0.0127402709300813,0.7371998672494601,1
2023-04-28,0.0048089597277223,-0.1142906612180383,0.2391309707020686,0.7083685760684212,1
2023-05-02,1.4384222156101714,-0.0063534327290531,0.3930678404936926,1.0698901115895458,1
2023-05-03,0.8218179732123038,-5.610878680466563e-05,0.7161854213130769,1.2545212340758591,1
2023-05-04,0.6783647712635702,0.0177872177290207,0.7947530870287265,1.396126027391377,1
2023-05-05,-1.5989046919206642,0.2121586424545658,0.2428641382494747,0.9029232290004168,1
2023-05-08,0.1003320411004835,-0.0125876118287556,-0.1448731077863204,0.8848509402002946,1
2023-05-09,0.6836466661190055,-0.0208120066805722,0.190050578308726,1.026596381866659,1
2023-05-10,-0.165144441882188,-0.0709543668018962,0.3327460450979182,0.9310976533051584,1
2023-05-11,-0.883947101286965,-0.0290830812796678,-0.0206457565545084,0.6396346832557147,1
2023-05-12,-0.1933433897520921,-0.0449367602058549,-0.1749375954934132,0.5406262843673039,1
2023-05-15,0.1915846549598008,-0.196035905495054,-0.4370386948518588,0.5425186670421641,1
2023-05-16,-1.279656871307013,-0.4956180238233043,-0.2106805653615852,0.1530920569895719,1
2023-05-17,-0.3689220944511754,-0.5036344814603712,-0.3812405227465483,0.0170905938953651,1
2023-05-18,-1.3276040781514964,-0.3765097675817011,-0.5718365982069951,-0.3636045515399892,1
2023-05-19,0.9624554240008192,-0.2946847044011933,-0.4355330624733113,-0.1392113309136537,1
2023-05-22,-0.2565930138605682,-0.3718461248720192,-0.2595222301968367,-0.2328729771785906,1
2023-05-23,0.097718611135835,-0.3800478964832905,-0.3021767396057084,-0.2351306495811583,1
2023-05-24,-0.8321014114757938,-0.3606018385839846,-0.6061796015618705,-0.4883603805462634,1
2023-05-25,-0.9883915020976644,-0.3120486312146364,-0.7025374071795569,-0.7702821024393371,1
2023-05-26,0.376388637970739,-0.2900265899587277,-0.612570836201219,-0.6860633800984042,1
2023-05-30,0.594705064010472,-0.2476267252052981,-0.4769419896874222,-0.5359798589664564,1
2023-05-31,0.1314085888122194,-0.4643831641839827,-0.7763762005292623,-0.5111602217815493,1
2023-06-01,0.764213775013329,-0.4749089032772294,-0.7894833474983196,-0.3190295820664383,1
2023-06-02,-1.5074943951269912,-0.3951610354774584,-1.2813095610853162,-0.7173919468572508,1
2023-06-05,0.5777998885096495,-0.5148282818889771,-0.7915656687088579,-0.5553913558261294,1
2023-06-06,0.0874645485074449,-0.5154817167084257,-0.7944922130406097,-0.5222395855407792,1
2023-06-07,-1.2301812065122033,-0.4937064906764603,-1.2255997124493332,-0.8379005640807295,1
2023-06-08,1.2898079151285626,-0.2827780833687576,-0.898611633197086,-0.4915762296775702,1
2023-06-09,-0.2909706323445541,-0.3261208765378091,-0.7639741885274441,-0.5518205186934652,1
2023-06-12,-0.1101407522650657,-0.3260276680440926,-0.745018758297644,-0.5699018330402498,1
2023-06-13,-0.7614897940249965,-0.3081651877948512,-0.961208708803824,-0.7595808458963474,1
2023-06-14,0.0331157118479495,-0.4161226959137508,-0.6628896674901118,-0.7372063301295056,1
2023-06-15,0.6781293272495676,-0.3647891308144463,-0.42212969180922,-0.5518110059783305,1
2023-06-16,-0.176234651517904,-0.5154763664473869,-0.1544553571076451,-0.587774204245332,0
2023-06-20,-1.0623779361170147,-0.526834976991826,-0.6231489726362037,-0.8461695113199666,0
2023-06-21,-0.1669444522714084,-0.528325671632514,-0.6025980125183499,-0.860289062587335,0
2023-06-22,-1.0185719726611169,-0.4619597449821297,-0.8571862022407094,-1.0935444993469583,0
2023-06-23,0.253012836682204,-0.4902310617088053,-0.6097469394448506,-1.003110851509302,0
2023-06-26,0.1515095853769075,-0.5618825891104038,-0.3469056148649322,-0.936249197314586,0
2023-06-27,-0.48250795450017,-0.5683622209337637,-0.5452302807889438,-1.0286227472072964,0
2023-06-28,-0.2531773625236448,-0.6206618315909442,-0.73934748941003,-1.0532655566393168,0
2023-06-30,0.53446546180211,-0.5815115166411078,-0.6472755077601468,-0.8886180269821323,0
2023-07-03,0.0898448332826109,-0.6616724794098634,-0.8011157351624966,-0.8373973616476497,0
2023-07-05,-0.3757581496249477,-0.862329188997945,-0.5423465531692171,-0.9079323874460749,0
2023-07-06,-0.3206130751274771,-0.918437732037968,-0.7480063005408186,-0.9604106981519824,0
2023-07-07,0.7248165737908103,-0.8362184671740683,-0.6022978085316922,-0.7501462846712313,0
2023-07-10,0.0560697762569501,-0.9894266109927646,-0.3053966681277761,-0.7124290990962868,0
2023-07-11,0.3516967199869057,-1.2199814040472317,-0.5223145132379048,-0.5963307934916332,0
2023-07-12,1.322379666812873,-0.9665187369328656,-0.1479975659736326,-0.2323932909140018,0
2023-07-13,0.0491775823523467,-0.9668289278605752,-0.1107049847150895,-0.2053580314127735,0
2023-07-14,-0.3413150918072933,-1.0246420546457382,-0.0120666756316769,-0.2804597135823844,0
2023-07-17,0.0493630717855603,-1.0244807402883285,-0.0082441871695461,-0.2440127825460955,0
2023-07-18,1.116505466984185,-0.9275999930076054,0.095126679260218,0.0770357346416842,0
2023-07-19,-0.0059148735346856,-0.9325904194165284,0.135411202318941,0.1014867262113083,0
2023-07-20,-0.5297060887134887,-1.0458600835508378,0.2618441800962885,-0.0210820050883718,0
2023-07-21,-0.3290692341696981,-1.0330210028660567,0.2232915108571042,-0.087092041149105,0
2023-07-24,-0.4511726687717475,-1.1556760188397026,0.3584908929058254,-0.1793259358902671,0
2023-07-25,0.5328194389256554,-1.1318363843179855,0.4254459985658043,-0.0120457347071522,0
2023-07-26,0.4643248383868419,-1.1141453657006335,0.5005219723579102,0.1303225454904491,0
2023-07-27,-1.6054069435040992,-0.8012879954433428,0.2321135063654746,-0.2749493998705772,0
2023-07-28,0.772471542117837,-0.7600310666267416,0.4771566851596638,-0.0469673652247151,0
2023-07-31,0.2467483627582438,-0.7787215274710896,0.408162779853476,0.0327495148925374,0
2023-08-01,-1.0637860750092258,-0.6424530261166218,0.1335104130670868,-0.2348552398545644,0
2023-08-02,-0.4997899360483415,-0.6304377731442009,0.1041696246872428,-0.3551599599690628,0
2023-08-03,-0.0556534998889636,-0.6426030957425706,0.1668923062653442,-0.3520033235530668,0
2023-08-04,0.3390276493363331,-0.6831955939205286,0.0756213849484918,-0.2471619315913275,0
2023-08-07,-0.2499696837848624,-0.6760534673114114,0.003467912390764,-0.2969831193037814,0
2023-08-08,-0.6581666950058214,-0.6477466338926834,-0.2330618315976512,-0.4557238202414028,0
2023-08-09,-0.4990471177709822,-0.848478865870533,-0.6536809014199072,-0.5743285560211053,0
2023-08-10,-0.1291271911961954,-0.8526383677346955,-0.6944461883709171,-0.5927572515518187,0
2023-08-11,-0.0222439397515679,-0.8559748345959102,-0.6214465062113236,-0.5798329830296047,0
2023-08-14,-0.3266682067569939,-0.8559431026098168,-0.7074534953972976,-0.6444462385127748,0
2023-08-16,-0.8670504637745684,-1.0117291362570249,-1.155822588389965,-0.841391049928907,0
2023-08-17,-0.1761001348310071,-1.018715607746292,-1.1938789968216026,-0.8648089698733311,0
2023-08-18,-0.0051380754785472,-1.022110286066405,-1.0763681694892948,-0.840683352494024,0
2023-08-21,0.2510612344310025,-0.996085539160183,-0.9456904766459762,-0.7505140783681573,0
2023-08-22,0.1425228938027461,-0.9914332441076852,-0.8111697005369009,-0.695666608472019,0
2023-08-23,0.988764122447936,-0.8887552689055911,-0.7073170816944143,-0.4161056493961982,0
2023-08-24,-0.0447212789960501,-0.9341092370533132,-0.8232340925021212,-0.4097118916888033,0
2023-08-25,-0.1516147210149319,-1.2219570272524969,-0.4906144503736354,-0.4313745435186958,0
2023-08-28,0.264387877016123,-1.320001332228666,-0.6074114438420384,-0.348381042258284,0
2023-08-29,0.9495131538033816,-1.171155010805511,-0.4457041038520836,-0.0871564248286326,0
2023-08-30,0.2275508536739195,-1.3099165251420295,-0.1455854691527824,-0.0154267476512858,0
2023-08-31,-0.188701605554158,-1.3422282452178558,-0.0727043543290039,-0.0552702870178974,0
2023-09-01,0.0277199285941409,-1.3423757939802718,-0.0531332368794986,-0.0429486063802355,0
2023-09-05,-0.8414982441724699,-1.2628226159093108,-0.3287355059778316,-0.2592653489510771,0
2023-09-06,-0.4765536143852577,-1.24286645366088,-0.3812618853174415,-0.3802148558523125,0
2023-09-07,0.0845097170799296,-1.2946637015050828,-0.208650301921962,-0.3513949502946403,0
2023-09-08,0.0114422675658387,-1.3295787404329795,-0.0892573791000403,-0.3411906267575977,0
2023-09-11,0.1628361198726315,-1.3273736955196644,-0.0206986285350924,-0.2941893052022883,0
2023-09-12,-0.5390771908500354,-1.2838846370536887,-0.1419249520783594,-0.4317771357702901,0
2023-09-13,-0.253437881010751,-1.2899206317547331,-0.1247864287977035,-0.4893175083379841,0
2023-09-14,0.0285492519600107,-1.4121797979446808,0.085834869736617,-0.4720915929658947,0
2023-09-15,0.6357553896428314,-1.361534860216631,0.2783991422241583,-0.2993398043062991,0
2023-09-18,0.564605868162243,-1.3244016951924626,0.4144737663576269,-0.1491815798823712,0
2023-09-20,-0.0445333099453225,-1.326140924827378,0.3437787320098248,-0.1572497059102411,0
2023-09-21,-0.7494914505964916,-1.227961494395969,0.1317054643623375,-0.3486138668705503,0
2023-09-22,0.2972724319595411,-1.363023912206281,-0.0313971176809937,-0.2612945343975884,0
2023-09-25,-0.5384680134169345,-1.3188465655843593,-0.1471690130137704,-0.3859307422658303,0
2023-09-26,-0.8242948017457681,-1.2273065302746695,-0.3039791648490675,-0.5806503216839184,0
2023-09-27,-1.266219476276758,-1.0556996566489496,-0.6568753073804764,-0.8843285662722935,0
2023-09-28,-0.5230545916457559,-1.2135419384712904,-0.9913279849084726,-0.9900342079697658,0
2023-09-29,-1.0547628296742797,-1.150621260126228,-1.2785836818178005,-1.2208595035844243,0
2023-10-03,-1.366474836505654,-1.0018465924846414,-1.539194152514806,-1.5220815280041724,0
2023-10-04,-0.0340664929108429,-1.0070647411041034,-1.5527812967346015,-1.486368170708021,0
2023-10-05,-0.2056318736461667,-1.0403560354539425,-1.4125487815376752,-1.494821905094336,0
2023-10-06,0.4915762050751701,-0.9693658110377866,-1.1973193883905795,-1.330527228404072,0
2023-10-09,1.7990188946520056,-0.533844765283216,-0.8110070568478318,-0.8331133634173505,0
2023-10-10,-0.1901405561641816,-0.5372638161461571,-0.856772046215549,-0.8451818345185698,0
2023-10-11,0.7051731846293817,-0.4739858743037869,-0.7334360736495104,-0.6355915807765588,0
2023-10-12,-0.3275769005630339,-0.4855559346306692,-0.685155940901904,-0.690120559621584,0
2023-10-13,3.140971921962465,0.3356616838209237,0.1038407689151737,0.1618195934988927,1
2023-10-16,-0.5097673867138507,0.3545578504596104,-0.0230798859051138,0.0379904656858845,1
2023-10-17,0.1629522447172976,0.3276612199723819,-0.1339918543946392,0.0918554891630356,1
2023-10-18,1.4140060916912909,0.4424905499516975,0.0656397798597575,0.477693662699149,1
2023-10-19,1.1972944296233534,0.528720825862635,0.360572078978272,0.8041041603415651,1
2023-10-20,0.2503860172725288,0.4821452372899019,0.6007185139481768,0.8676862530540295,1
2023-10-23,-0.3604132019578751,0.4948005455314948,0.442488090846974,0.7605348382696875,1
2023-10-25,0.3866901493457588,0.4707365398278454,0.6653672092593986,0.8551545998007155,1
2023-10-26,0.1354262144056836,0.4048218901226849,0.8987628806406398,0.8788069583485157,1
2023-10-27,1.1336541094470418,0.2994491300438455,1.4922926806229444,1.1742943804271135,1
2023-10-30,-0.5877137993176029,0.3072969449705545,1.4761138695671814,0.9909338761350216,1
2023-10-31,-0.5692186413843082,0.2292459736108233,1.5978612534540029,0.812418926383788,1
2023-11-01,-0.3377042664275181,0.0440074540899009,1.8577815824685264,0.699774065842246,1
2023-11-02,0.3095055409706573,0.030459635987181,1.945183061235939,0.7640606755332731,1
2023-11-03,0.3408710645544603,0.0008826470369015,2.084828642198384,0.8366210490873239,1
2023-11-06,-0.8043008354075638,0.1107028021846132,1.7549355487518146,0.5984805526358269,1
2023-11-07,-0.4374851289204786,-0.0172592604013681,1.1955487715657998,0.4702722089337203,1
2023-11-08,-1.023687606794934,0.0906095344750803,0.9902453629233664,0.1890419216053786,1
2023-11-09,0.375134157309436,0.0737160970451602,0.9094283542136764,0.2849884766338335,1
2023-11-10,-1.1188616835928409,0.1797278443681437,0.7167488509657498,-0.0152602435420085,1
2023-11-13,0.533103812195481,-0.595037186119903,0.0924163110064074,0.1323261283364486,0
2023-11-15,0.6016112078633813,-0.5964702219841933,0.3564939736997422,0.2972591413332925,0
2023-11-16,1.0996821372517234,-0.4985192049409712,0.5813643315402361,0.5924294719774638,0
2023-11-17,-0.0331312703333799,-0.6737392165593814,0.2348500815389533,0.5785073803062916,0
2023-11-20,-0.1856630706950477,-0.8211762605169022,-0.0916418108505083,0.5192078618420715,0
2023-11-21,1.051413143457646,-0.7067044702650426,0.0969159609952512,0.7915483383761829,0
2023-11-22,-0.4492429696245704,-0.6985574710630191,0.0759313169651659,0.6536043769836718,0
2023-11-24,0.4964009970142412,-0.6887824575007184,0.1018514971166723,0.7737433991505106,0
2023-11-28,1.9730137588455188,-0.3372654690964004,0.5402534085672053,1.2966615301329385,1
2023-11-29,0.1255432450465417,-0.4366431201591149,0.2987461512212254,1.3005034255916157,1
2023-11-30,-0.4397758707950409,-0.4529842491558385,0.3340344873615556,1.1467824155675408,1
2023-12-01,1.6896099116004084,-0.2769183710034858,0.8793803494740996,1.583522772183322,1
2023-12-04,-2.206584052199128,0.1470527720484765,0.4273014464560314,0.939490999074434,1
2023-12-05,-0.400782954639828,0.1599347272073354,0.2576881667783031,0.8106436209240047,1
2023-12-06,0.3456494275415361,0.160134631555291,0.2588251938569014,0.8865626614066714,1
2023-12-07,0.1425998553347318,0.1017166866507517,0.4852192056296795,0.9013285944302654,1
2023-12-08,-1.3648300306952377,0.2359284584559919,0.2634791241112372,0.5098064798735854,1
2023-12-11,-1.1323194214490675,0.2535768542907243,0.2376381967528925,0.190019171445033,1
2023-12-12,-0.0767054949034912,0.2467793108777805,0.1304570718787097,0.1537973015425511,1
2023-12-13,2.208216049057258,0.4439502547255081,0.931142817834498,0.7220560543726003,1
2023-12-14,0.5621118645637881,0.4452994559946511,0.9382416623960984,0.8364706560760635,1
2023-12-15,-0.9428265093846964,0.5131323041095832,0.5631373629889592,0.5358094570050557,1
2023-12-18,0.431129195094388,0.4549983964348753,0.4025516346688406,0.603999762356963,1
2023-12-19,0.6566210583704961,0.4737582102875536,0.5682470216129568,0.7307199154363023,1
2023-12-20,-0.5681552203912328,0.4985485951538761,0.4762218591087843,0.522835008937037,1
2023-12-21,0.6821053838159188,0.4609281099115124,0.3877022587195717,0.6572288100073499,1
2023-12-22,0.4200753832128012,0.4466906215113309,0.5965919892662086,0.7268627577473191,1
2023-12-26,0.7366964913696409,0.462073166793261,0.6546541073799526,0.8792620453720952,1
2023-12-27,0.4303684000440099,0.2280007076582076,0.2843243390889327,0.9484700279664188,1
2023-12-28,-0.6052979693518314,0.2579723906765694,0.1108625521313815,0.7324416167700698,1
2023-12-29,-0.1790005667457043,0.2451609503428287,0.172610899532278,0.6525742917312375,1
2024-01-02,-0.2578367320382841,0.0360962546240301,-0.2846535661983687,0.5501253521929901,1
2024-01-03,-0.8591506276794296,-0.2993368073136218,0.0307759222733166,0.2899704760430627,1
2024-01-04,0.0781346777446524,-0.3150303069859337,0.143916938398104,0.2925750215735406,1
2024-01-05,-0.0064047418780801,-0.324011603539116,0.0606937944570961,0.2786291946791568,1
2024-01-08,-0.806689792266649,-0.2693508929045611,-0.1622564938426884,0.054174732457864,1
2024-01-09,0.0096763875752049,-0.4391762466310674,0.1612488790246604,0.0484493332442549,1
2024-01-10,-0.2512372518616186,-0.567831703909677,0.3709731265154347,-0.0239863573961749,0
2024-01-11,0.1748290450317098,-0.5698618312688885,0.431185924214609,0.0178404917156985,0
2024-01-12,0.952084836552114,-0.9958030639159532,0.1319961320525463,0.2706941677193011,0
2024-01-16,-0.9752859536233685,-0.9193415856411192,-0.229107143833899,0.005227855704505,0
2024-01-17,-1.1295957936227137,-0.8753175191304275,-0.272598326908719,-0.2956492261573279,0
2024-01-18,0.7974104533296504,-0.8193870266674107,-0.1872292520490517,-0.0880452338464629,0
2024-01-19,0.2760870859332507,-0.8643317953164661,-0.275913884891499,-0.0189866438469359,0
2024-01-23,-0.0116033898968325,-0.8971883486466716,-0.1460934103115781,-0.0252001794066971,0
2024-01-24,-0.8500864498323887,-0.8900890204434214,-0.5017535169476435,-0.2551455717635476,0
2024-01-25,0.3738415390392824,-0.8956028490067178,-0.5124010540042717,-0.1625258111159671,0
2024-01-29,0.6114281487456031,-0.9191335105672522,-0.5412253015856416,-0.0144695592495588,0
2024-01-30,0.1156691779751262,-0.9492516057525496,-0.6134784512937916,0.0022254895842497,0
2024-01-31,-0.0964824518078645,-0.9791395995351816,-0.496543751431885,-0.0432862335408,0
2024-02-01,1.0121195758468091,-0.8392844533961443,-0.2204648133476572,0.2070247799567456,0
2024-02-02,-0.971765629928492,-0.750102974218767,-0.3863347056471338,-0.0686876652463541,0
2024-02-05,-0.5749910062854615,-0.7909098022805289,-0.3204566673804281,-0.2273840784204201,0
2024-02-06,0.4986979022024781,-0.7589175668922796,-0.2226112391569077,-0.1021439186092931,0
2024-02-07,-0.0487587229416706,-0.7590680571170917,-0.2324836836436719,-0.1238159580530451,0
2024-02-08,-0.1124403630734682,-0.8265553843639369,-0.0701297218729477,-0.1563769156721194,0
2024-02-09,-0.4104876117982542,-0.8093167999174948,-0.168521997428049,-0.2684520223902405,0
2024-02-12,-0.2836986201212894,-0.8075814344694423,-0.1761064718504293,-0.3423731091644347,0
2024-02-13,-1.410261805297187,-0.6211871883255656,-0.543476547649979,-0.6948228987562285,0
2024-02-14,-0.0818538011841425,-0.746867128197984,-0.779988336538295,-0.6961928089539402,0
2024-02-15,0.6476717238571066,-0.761441884433495,-0.4076416394195427,-0.511650322520537,0
2024-02-16,0.3432265324633783,-0.8783211584986137,-0.0644676301126485,-0.3992172878072502,0
2024-02-20,0.5821515936690412,-0.9144716870784318,-0.1149399030117753,-0.2376749066033263,0
2024-02-21,-0.0169145371368348,-0.9255632554063136,-0.1834662998393536,-0.2371901793287836,0
2024-02-22,0.020405454478436,-0.925269412345786,-0.1759899297479784,-0.225038327498744,0
2024-02-23,0.5411352960590499,-0.9790060707197294,0.1512845607149552,-0.0758731112334829,0
2024-02-26,-0.2450895873922095,-0.9856780981188388,0.005123105734745,-0.1427772455908416,0
2024-02-27,-0.1285346080400312,-1.0336914463960631,-0.1684366157446739,-0.1836720114251787,0
2024-02-28,0.1583838204521925,-1.031842466740919,-0.1584527132959627,-0.1492021966061437,0
2024-02-29,0.4912960516076985,-0.9999428160458234,-0.0206342470136536,-0.0164459583831145,0
2024-03-01,1.850574974947272,-0.7235447651538014,0.1773690168562146,0.4790299257790874,0
2024-03-04,1.5817983397747943,-0.6166373931061303,0.7907321971137171,0.8946266865959416,1
2024-03-05,0.5777726263844246,-0.663880090635179,1.072799404952676,1.0340602238814574,1
2024-03-06,0.7956772469961569,-0.6383547704998283,1.145995079749483,1.234375817446214,1
2024-03-07,0.5443491874643408,-0.639539540437311,1.2928291334098096,1.358676652959236,1
2024-03-11,1.0024632727469154,-0.6063221470854321,1.5712117477365743,1.6115441010054148,1
2024-03-12,-1.1219822952739218,-0.4557981175809019,1.3931988887690845,1.2718234192854188,1
2024-03-13,0.6758284309051528,-0.4778120993457663,1.6335667824464355,1.4406628329738815,1
2024-03-14,-0.4404975688280845,-0.7328117125600091,1.8788547152066843,1.2995008516828483,1
2024-03-15,-0.3420931637319943,-0.6994340628795154,1.8127971390707145,1.1852362314321343,1
2024-03-18,0.1378047797682714,-0.7026654198407752,1.6838730562818074,1.2040156313948571,1
2024-03-19,-0.1372537675258495,-0.6785845660520236,1.562979953344951,1.1450339149367232,1
2024-03-20,1.1615230161353018,-0.6145563845889606,1.708827123348107,1.4398082847917704,1
2024-03-21,-0.1261281639868291,-0.6050934841551658,1.681269710481184,1.3729802318388027,1
2024-03-22,-0.8273163391683078,-0.482365083236714,1.4683883608825694,1.1143432835353682,1
2024-03-26,0.619355832057495,-0.4783013813296544,1.487955722738503,1.25395273335646,1
2024-03-27,0.6989816359069096,-0.4979430914180513,1.725332616714922,1.4127008336402915,1
2024-03-28,1.2590972928124788,-0.4522703973149606,2.0783326014448216,1.7230713296058826,1
2024-04-01,0.9930628098875578,-0.432311708302888,2.2930389591066365,1.95498883122659,1
2024-04-02,1.44371636610909,-0.3492118599794888,2.5402320553478464,2.316422853261123,1
2024-04-03,0.850887697646946,-0.5099966210735041,2.280832428195947,2.4968057515337283,1
2024-04-04,-0.5971804390190608,-0.5439456922167697,1.7243385797595738,2.2512174110095473,1
2024-04-05,1.6741510810024314,-0.3892678564529214,2.002828735004585,2.6648498100164786,1
2024-04-08,0.5984735276426195,-0.3997689843458043,1.95251164568239,2.761797779700778,1
2024-04-09,0.5257801588061257,-0.4002226520588205,1.947778816495234,2.8341686286562924,1
2024-04-10,-0.9728308992755964,-0.2799856466467862,1.4493082937486843,2.4656701907298273,1
2024-04-12,0.5694746687058639,-0.4724571188994324,1.875544388532211,2.5506141033286003,1
2024-04-15,1.831771320780479,-0.2949898045704889,2.1710106689889717,3.0021512735029505,1
2024-04-16,0.0998437664277397,-0.3558457098982475,2.310301479468829,2.9402132711082594,1
2024-04-18,-0.4207055174524625,-0.3437333457934988,2.289989721652011,2.726497554007895,1
2024-04-19,0.290319869351646,-0.3508614446506202,2.3294109438162205,2.728026474124704,1
2024-04-22,-2.5227124112615975,0.306803974889684,1.7196647602373605,1.9194457476104068,1
2024-04-23,-0.2683339564390342,0.2817039470418981,1.3610933320229996,1.7700629752751489,1
2024-04-24,-0.2083664381271945,0.286938264784698,1.3406256409412542,1.6426684682892132,1
2024-04-25,0.5721408297519823,0.1979026256716838,1.6912315524891754,1.7346418136560262,1
2024-04-26,0.3013204898002634,0.1925120808262602,1.611122669428353,1.7470635044858247,1
2024-04-29,-0.2255070242185226,0.2027433134678664,1.3796982026875269,1.6084943296731713,1
2024-04-30,-2.0354476777095503,0.4744242005732479,0.5721717248922692,0.9730332783035408,1
2024-05-02,0.570513166333363,0.4368699639277756,0.4705127842844945,1.0599731714562983,1
2024-05-03,-0.1020128076859312,0.3087313644271203,0.1022737604114078,0.9598115102179656,1
2024-05-06,1.0237628591625487,0.33056999264342,0.1431755830673352,1.1713750974254655,1
2024-05-07,-0.4831899263338822,0.3214033263713272,0.1701841698123747,0.9667864097197004,1
2024-05-08,-0.3166888882999638,0.1240910324521031,-0.2971201776502192,0.8146602392935993,1
2024-05-09,1.5427953302567596,0.2758121565924953,-0.0766221496922785,1.1710983415079383,1
2024-05-10,0.785474997200108,0.2999814487408062,-0.015617653223765,1.3135461033409157,1
2024-05-13,-1.148414191060277,0.3259261852843675,-0.0568809909117045,0.9239040760784396,1
2024-05-14,0.8201297481725957,0.3500788020824096,0.0020468872798095,1.0786280814298723,1
2024-05-15,1.253049659988451,0.2235174804168959,-0.1337850541128888,1.3482602475496048,1
2024-05-16,-0.4122128895155332,0.232342344630964,-0.2533160941599781,1.1535489319914385,1
2024-05-17,1.6135469005276704,0.4011324054585842,0.2251828785351114,1.5226796972114642,1
2024-05-21,0.2321977052391341,0.399475383234071,0.211375763317904,1.5104997425812765,1
2024-05-22,-1.8761351961366788,0.1937338017827145,0.3654253523835494,0.9258460476058564,1
2024-05-23,-2.036211824378167,0.4849711984835172,-0.0534276697933302,0.3241314762249496,1
2024-05-24,0.0703947133778209,0.4824148022227929,0.0121266795624074,0.3054650165095639,1
2024-05-28,1.023249610130568,0.5284616544746628,0.1185988656259579,0.5438934011282458,1
2024-05-29,-0.9566800706811944,0.5814039155504197,-0.1771244156374151,0.2528603676785104,1
2024-05-30,0.1671915589608312,0.5810971796898192,-0.0852103774763207,0.2615290413421394,1
2024-05-31,-0.610198688467782,0.3255717388167713,0.2514294876559402,0.0668749451385189,1
2024-06-03,0.8652961605893377,0.3522035992820517,0.3216574243951193,0.264106490014032,1
2024-06-04,-0.9237140146996384,0.4155262256361134,0.1264133250011366,-0.0184077051284749,1
2024-06-05,1.1549772395582447,0.4341387970595549,0.1574835487360005,0.2544540041610328,1
2024-06-06,0.7139370266053054,0.441707981138385,0.4428422385891618,0.4049404912231921,1
2024-06-07,-3.654628442743497,1.2323761817691723,-0.3443788727541377,-0.590839193772158,2
2024-06-10,0.8901038473396287,1.1410547842098715,-0.4952612360882535,-0.3785233250424158,2
2024-06-11,0.2629182865854789,1.1045620371316611,-0.6153523424872089,-0.3368812849016357,2
2024-06-12,0.2434890932848175,1.049135440891522,-0.2940766573324208,-0.2985203502603054,2
2024-06-13,-0.8403354571491987,1.0325442759572965,-0.6768279803290188,-0.5390331768982254,2
2024-06-14,1.264971538331371,1.034413643583381,-0.6741024833912855,-0.2226593030536573,2
2024-06-18,-0.1427963759851445,1.0300706397091923,-0.6124236046144494,-0.2735645115802231,2
2024-06-20,1.2180637474380986,0.9605544570764664,-0.7029065147967481,0.0402258830056052,2
2024-06-21,-1.5831937949416477,1.059504453048744,-1.1136892277425303,-0.3814685515922972,2
2024-06-24,0.3726048104388993,0.9139106694474336,-0.603741568028589,-0.2867781822288819,2
2024-06-25,-0.519543240342481,0.6981016957660645,-0.2532713137866832,-0.4172044766144406,2
2024-06-26,-0.9490473789675696,0.7436594000081324,-0.4894283072808845,-0.6517504226428407,2
2024-06-27,1.1047084897624315,0.7551622118318395,-0.4706465011398985,-0.3481169997435547,2
2024-06-28,-0.0129497095417116,0.7076249700766206,-0.2519331302992408,-0.3441831150205468,2
2024-07-01,0.2377928957683325,0.709792863760325,-0.2354878216673392,-0.2718898649599258,2
2024-07-02,-0.0268859508601132,0.6890890395899567,-0.0991703307818861,-0.259880914186593,2
2024-07-03,1.0983894582520717,0.7175838685346173,-0.0444746837105653,0.0479668192846463,2
2024-07-05,1.3169919493340925,0.7572536966272513,0.4878668528007103,0.4093250719146437,2
2024-07-08,-1.2698054114097288,0.7877665299617613,-0.0876791060763184,0.07825296727648,2
2024-07-09,0.1471327724984051,0.7564024249322898,-0.2202145369865501,0.1164683826653752,1
2024-07-10,0.3430040750776728,-0.2145097097064051,0.7307897168467563,0.2043884086142232,1
2024-07-11,1.734991723546535,-0.0564225051784609,0.9366960959043034,0.6623617522075376,1
2024-07-12,-0.0849531602921445,-0.0507347380211321,0.8517060551571943,0.6268587174674374,1
2024-07-15,0.2998443215642184,-0.0499468376127988,0.8654543877910068,0.6972164147030719,1
2024-07-16,1.9501102899450655,0.0801434432635697,1.55599182710012,1.2148839571517842,1
2024-07-18,-1.1274542007463364,0.1505472585427346,0.9627757061019746,0.8707270307324503,1
2024-07-19,-1.8317289267618264,0.4243433719248359,0.5524618512002,0.3518475312807662,1
2024-07-22,0.0093141711859086,0.3380539003101053,0.2630319253479926,0.3383396340235107,1
2024-07-23,0.3286940428978326,0.1363890502932904,0.7224423206367835,0.4154867286277184,1
2024-07-24,-0.3731819224009685,0.1516163443077912,0.5421901850783466,0.3009993438468077,1
2024-07-25,-1.598577657048662,0.3294952004487466,0.2837629136494586,-0.1355029870950628,1
2024-07-26,1.0253619911422729,0.3085718266543278,0.7587590810998374,0.1368753520432948,1
2024-07-29,-0.1628032125847164,0.2478083971152012,0.452748649115007,0.0949722622747714,1
2024-07-30,0.9710306226330052,0.2971881568766039,0.689969925268894,0.3484820173720435,1
2024-07-31,1.7720477221656477,0.4682378785246682,1.064543608977718,0.8197275125803414,1
2024-08-01,-0.3670215625510599,0.4868814001860969,0.9810060760730414,0.7121305273682506,1
2024-08-02,-0.2128271602464108,0.440468024793166,0.6616171369780725,0.64626528147127,1
2024-08-05,-1.2991503528732953,0.4645966223045154,0.0367536054275802,0.3001407855498623,1
2024-08-06,-0.8252751217395977,0.4006919096556831,0.1417794128216263,0.0915721269778312,1
2024-08-07,-0.0902080132918802,0.4007090331582216,0.0856465953537848,0.0721741766323915,1
2024-08-08,1.5338790887601998,0.5404790905535554,0.3686452382401344,0.4738976266969683,1
2024-08-09,0.2229025140051833,0.3517817135281683,0.0098890308535489,0.519381840813209,1
2024-08-12,1.6771456398247375,0.5275369595321465,0.4284867050166476,0.962755904627657,1
2024-08-13,-0.1755481129025813,0.5288401580599303,0.3148264690665665,0.8900029108228676,1
2024-08-14,-0.8409001074046948,0.3211999851150387,-0.3416758362322235,0.6395828989456028,1
2024-08-16,2.504418532792826,0.6406406531330635,0.5162341000264966,1.3005858583659575,1
2024-08-19,-0.1861278648280661,0.390567236077998,0.9153327182958048,1.2177343925902584,1
2024-08-20,0.3439655080585069,0.389319986299486,0.9973008381542828,1.276851240632303,1
2024-08-21,-0.155651879218847,0.396811074822838,0.8787558720449609,1.2028795717641,1
2024-08-22,-1.226586011107346,0.5068186511107717,0.6712753834138347,0.8419483590281168,1
2024-08-23,1.1261066256661456,0.3418982228999777,1.3399511615314657,1.1102915986038409,1
2024-08-26,0.2960801020701572,0.3015546593214367,1.1591851785178793,1.1508794501530104,1
2024-08-27,0.2479707858391885,0.2892611499120608,1.2608408734020295,1.1780654299248958,1
2024-08-28,-0.7271841986577324,0.313419359424796,0.8432704103782033,0.9384827643145026,1
2024-08-29,0.4940522891249686,0.1321361198127769,0.5336715544857368,1.0323382815052085,1
2024-08-30,-0.7371662733351633,0.1682682487293432,0.4447393939363189,0.7950205160009015,1
2024-09-03,-0.455399830376645,0.1834339753969964,0.386636455509787,0.638976839670779,1
2024-09-04,0.0385107236346961,0.0326839873703121,0.7088057672424221,0.6255323840330468,1
2024-09-05,0.8072680980610987,-0.0190523235825806,1.1078822548030538,0.8110847392272079,1
2024-09-06,-0.7650219325010236,0.0487309378064816,0.9421329043736544,0.5695805553448229,1
2024-09-09,0.397326897693157,-0.0934929628844041,0.6654870885717538,0.6431849646287648,1
2024-09-10,0.4170577361787281,-0.0881162152642226,0.7125235326093252,0.7151468336558492,1
2024-09-11,-0.1813750468911045,-0.2888491674532309,0.2660006637368045,0.6291721892191695,1
2024-09-12,1.7186731939174906,-0.0774471677873896,0.7211823859739825,1.0592454416355916,1
2024-09-13,0.9668954153205112,-0.1180032536468753,1.1637139310438511,1.2792888949830583,1
2024-09-16,-0.030616418530613,-0.6032979178674808,0.5454058677149088,1.219661631600815,1
2024-09-17,-0.5766921898197711,-0.5646158474323927,0.4515314467700968,1.016848578851045,1
2024-09-18,-0.796029860286488,-0.4979666137384299,0.1796151556795076,0.7665061561756531,1
2024-09-19,1.5193845060272728,-0.3126433809820924,0.5802247199020183,1.144162449902099,1
2024-09-20,1.2404062446938078,-0.3936587323061876,1.1826011691185712,1.4413670385942383,1
2024-09-23,0.1715464832178244,-0.4693224381550168,0.94775721514679,1.4385263479673591,1
2024-09-24,1.3645511162505708,-0.3500320121376526,1.2107759493354648,1.7767022558092564,1
2024-09-25,-0.1604718643279846,-0.3351860913364444,1.109900158506646,1.6808709993905049,1
2024-09-26,0.4849920859793133,-0.4209799793524822,1.4104869236704558,1.7683845743745212,1
2024-09-27,-0.8187368020338098,-0.3191258730438071,1.085114349898729,1.500039687914792,1
2024-09-30,-0.8251401269193638,-0.3033489590055398,1.0634625603168673,1.2311330380403367,1
2024-10-01,1.0210807416965624,-0.2981066715585577,1.4293840576551866,1.4672497102810378,1
2024-10-03,-0.0710961434064445,-0.2920484709901645,1.4020336938100677,1.3955942973868405,1
2024-10-04,-0.2219822844413099,-0.2964373349072989,1.1466609833474657,1.284811219510315,1
2024-10-07,-0.3614863732321896,-0.355333123863182,1.246471080229918,1.1355983050242189,1
2024-10-08,-0.7619295901057027,-0.2695440014508475,0.960822028913473,0.8720018107627333,1
2024-10-09,-0.568175627771836,-0.225952222163376,0.7206438822855022,0.6728140535626461,1
2024-10-10,0.7091276085019842,-0.2128787848027708,0.9376257807572076,0.8216754227681923,1
2024-10-11,1.062836201717167,-0.351787290357837,0.7776356211197372,1.0690068535550177,1
2024-10-14,-0.1852746955901957,-0.40497818565217,0.499095157881436,0.9795700849448504,1
2024-10-15,0.3238807230117999,-0.4031429103994713,0.58445420709897,1.0283049655909964,1
2024-10-16,0.4765101236008843,-0.4432739848565333,0.8398467304767957,1.1159498139488828,1
2024-10-17,0.5746095573586036,-0.5290124760663233,1.1762699645323589,1.2212024654639606,1
2024-10-18,1.0336376918273462,-0.630681722778344,1.0565154519087658,1.4461356960505192,1
2024-10-21,-0.0421396569754332,-0.741493152529867,0.7431029163752336,1.3674637081681171,1
2024-10-22,1.0503670724822043,-0.6608384106600377,0.9574241146760504,1.6002610374654045,1
2024-10-23,-1.2342298732879384,-0.6208611848797141,0.3290628992549962,1.1953919339746788,1
2024-10-24,0.7438916784374108,-0.5849980291092555,0.5458789480969826,1.353563963440274,1
2024-10-25,0.1831766974546153,-0.5985693265988377,0.4733022377158025,1.3520261480217113,1
2024-10-28,-0.0182998768721579,-0.6888940716777551,0.6662621535922888,1.2894421327234755,1
2024-10-29,1.0610018077634802,-0.7186926358857935,1.1271076464338468,1.5391244638878907,1
2024-10-30,0.5266586645834878,-0.7781171402886631,1.005462193090833,1.634195450421925,1
2024-10-31,-1.5833896530445122,-0.4661613244892831,0.6370967462525328,1.1438862080040928,1
2024-11-01,-0.4331933067146935,-0.447695598243005,0.5860918849139348,0.9822169259315174,1
2024-11-04,0.1202001798371781,-0.4715413367732361,0.7025708151609774,0.9679932058914916,1
2024-11-05,0.2028747924814987,-0.5572445208374271,0.9375694870688124,0.981653621780677,1
2024-11-06,-3.107050718971169,0.2724293246119111,0.3240076880439194,0.1070512109439986,1
2024-11-07,1.5721084674693977,0.3975509361859492,0.5308157621722995,0.503946778659051,1
2024-11-08,-0.7012700843124023,0.3714595057656307,0.1099554589716805,0.2826200490758049,1
2024-11-11,-2.3966213661628197,0.7323158519909222,-0.4072199995199314,-0.3743144407081622,2
2024-11-12,-0.888847679411422,0.757372047593882,-0.6860251298194965,-0.6217137135471059,2
2024-11-13,-1.0351570753218031,0.7753797805633779,-1.028853714751774,-0.9017819246866364,2
2024-11-14,-0.2834152004259567,0.7352443913803459,-1.2211498153079374,-0.9834289062363344,2
2024-11-18,1.6840061259848578,0.860208270883501,-1.0755440803875,-0.5568466022280487,2
2024-11-19,0.8694124951472472,0.9260410867365012,-0.8698631431623665,-0.3485625310137115,2
2024-11-21,1.3694254252299736,0.976698670494528,-0.7974271506149151,-0.0099753391675251,2
2024-11-22,1.2583260535433032,1.0097817808217304,-0.2235121481331962,0.2980019607209497,2
2024-11-25,-3.011432082556828,1.40985342497745,-1.0827658078480795,-0.5238503523373386,2
2024-11-26,0.1713371949299298,1.4093628330460073,-1.0854240773337942,-0.4870118918497506,2
2024-11-27,0.1997095838613095,1.4163609310871454,-1.0364248971057997,-0.4387332176343507,2
2024-11-29,0.8362370464244405,1.3895138889909642,-1.0869406731021696,-0.2258973204513494,2
2024-12-02,-0.9012564168941842,1.3778546381911718,-1.4052247299438754,-0.4720995451994674,2
2024-12-03,0.1787668167645291,1.2970620055290094,-1.011778912502871,-0.4370556488118351,2
2024-12-04,0.2805675408758233,1.3060459504670716,-0.850429793390629,-0.3687293822158494,2
2024-12-05,-0.7645263274742465,1.317181362592346,-1.050255816319169,-0.5660588046226763,2
2024-12-06,0.0147941781813527,1.3105913387377008,-1.0925086040068297,-0.5568924907099224,2
2024-12-09,0.9645264938026082,0.8894000241995492,-0.1598137606330816,-0.2944846344231737,2
2024-12-10,1.2851776932214083,0.8400200386249441,-0.2267937474524849,0.0489364200526534,2
2024-12-11,0.9263166032094904,0.8621609117168735,0.1557039600351203,0.2966790592238744,2
2024-12-12,-1.4989993566374993,0.6433502131610226,0.3693328801123416,-0.1063771630219928,2
2024-12-13,-1.2383809190803796,0.6928680661890412,0.285917844659759,-0.4324535809078733,2
2024-12-16,0.2189083894724322,0.613683287626289,0.5865555782328168,-0.3670688277865268,2
2024-12-17,-0.4067215546238835,0.621013381380214,0.5568278228630472,-0.4654343525134092,2
2024-12-18,-1.9587718593909489,0.6974870163660335,-0.3050640582498374,-0.959688567406003,2
2024-12-19,0.119719252486551,0.6439754502935386,-0.4785800388293478,-0.9132747741358768,2
2024-12-20,1.0154224888548822,0.5857594549273023,-0.5600625754533884,-0.6420150259979016,1
2024-12-23,-0.4940840450445293,0.4621574625013552,-0.9592007529562688,-0.765259871279538,1
2024-12-24,0.1766954233713012,-0.1464326129071617,-0.22780123315342,-0.7103604664207024,1
2024-12-26,0.6503892696958324,-0.1115273985883792,-0.1158704706083768,-0.5287221474882433,1
2024-12-27,-0.7114440028346039,-0.0799556362782238,-0.3283029000868659,-0.7018141174735053,1
2024-12-30,-0.3416192552851911,-0.1458581600298106,-0.6000624790801845,-0.7740385598947058,1
2024-12-31,0.5989852944725497,-0.1619285295109866,-0.2533610542333873,-0.6007523640174847,1
