Date,Benchmark_Return
2010-01-05,-0.0009108023746452476
2010-01-06,0.01649959196299955
2010-01-07,-0.006187807624317809
2010-01-08,0.0049630306196752905
2010-01-11,0.013288997854356888
2010-01-12,-0.020912721685971247
2010-01-13,0.00950315025847348
2010-01-14,0.004393023666376061
2010-01-15,-0.01044361493969348
2010-01-19,0.005953418988644765
2010-01-20,-0.023134812404252192
2010-01-21,-0.014411599592799917
2010-01-22,-0.001862760291706178
2010-01-25,0.002892648999578862
2010-01-27,-0.00883889605475563
2010-01-28,-0.0004693083914030227
2010-01-29,-0.004883586176437471
2010-02-01,0.02255567582388429
2010-02-02,0.007198881313165595
2010-02-03,-0.003940257637661482
2010-02-04,-0.03983435439949368
2010-02-05,0.002970178695371306
2010-02-08,-0.006113864996012963
2010-02-09,0.01316803858637372
2010-02-10,-0.002751170718643836
2010-02-11,0.01912095181048934
2010-02-16,0.02324284100627705
2010-02-17,-0.0033753214496574646
2010-02-18,0.006681952923877299
2010-02-19,-0.004637226047132237
2010-02-22,-0.0036539830220012615
2010-02-23,-0.010818743086801086
2010-02-24,-0.004912399502225995
2010-02-25,0.008848704758209536
2010-02-26,0.010340714355349556
2010-03-02,0.01452980291927708
2010-03-03,0.005494511158316229
2010-03-04,-0.007166491463286184
2010-03-05,-0.00018049510178119732
2010-03-08,-0.0083927472761115
2010-03-09,-0.0014560978951048131
2010-03-10,-0.011392635673468599
2010-03-11,0.0011984627266063974
2010-03-12,-0.0059852811695368935
2010-03-15,0.003798088686430834
2010-03-16,0.01882614344810607
2010-03-17,-0.0073370034129791595
2010-03-18,0.006843690346403308
2010-03-19,-0.018669545286964517
2010-03-22,-0.004894706180937014
2010-03-23,0.005290020369598247
2010-03-25,-0.014217142908660163
2010-03-26,0.016950717168810137
2010-03-29,0.0014734659499526792
2010-03-30,-0.007172402568247138
2010-03-31,0.009076555677125953
2010-04-01,0.012023912112733903
2010-04-05,0.0057137424379836155
2010-04-06,0.0012625069025071767
2010-04-07,0.013149591106227154
2010-04-08,0.0014223812352025522
2010-04-09,0.008788263207809122
2010-04-12,-0.0055437984583035504
2010-04-13,-0.002831605068359333
2010-04-15,0.00851893747159882
2010-04-16,-0.021205487283346924
2010-04-19,-0.0008090285834131405
2010-04-20,0.002789001838399141
2010-04-21,0.00762604056256011
2010-04-22,-0.004184856476894927
2010-04-23,0.012070870419532032
2010-04-26,-0.0038872906786445727
2010-04-27,0.016674033289737933
2010-04-28,-0.0027915877387377774
2010-04-29,-0.0002624335573230274
2010-04-30,0.009450488647102961
2010-05-03,0.003207374693346088
2010-05-04,-0.007431094663491344
2010-05-05,0.0019151526599499036
2010-05-06,0.02954211168707399
2010-05-07,-0.0018567071032953297
2010-05-10,-0.00591863505631729
2010-05-11,0.026282248662974128
2010-05-12,0.006132917630615964
2010-05-13,-0.0069193077160388805
2010-05-14,-0.0015759357652556094
2010-05-17,-0.008390812604340159
2010-05-18,0.0010891190746749047
2010-05-19,-0.023935062862853518
2010-05-20,-0.006773565413114024
2010-05-21,-0.005352167962601184
2010-05-24,0.014060016490404337
2010-05-25,0.0044505673464516615
2010-05-26,0.009458082861100836
2010-05-27,0.0018570204983223704
2010-05-28,0.0016007650863898437
2010-06-01,0.00866425330155196
2010-06-02,-0.0010841871306987994
2010-06-03,-0.015194520899751374
2010-06-04,0.010427292018311718
2010-06-07,0.01929688208114566
2010-06-08,-0.0040332362530697274
2010-06-09,-0.0036363838132746906
2010-06-10,-0.013188423773133229
2010-06-11,0.008741707193883563
2010-06-14,-0.003416412422390991
2010-06-15,0.011622068623597714
2010-06-16,-0.0054549635868080815
2010-06-17,0.013047450103329528
2010-06-18,0.007629206673785971
2010-06-21,-0.019864873443235065
2010-06-22,0.008804697765327107
2010-06-23,-0.004116920646882183
2010-06-24,0.0028938082872822513
2010-06-25,0.012036265851120609
2010-06-28,-0.013603826729219226
2010-06-29,0.0014865002115740378
2010-06-30,0.0033809159186846127
2010-07-01,-0.0381328022519003
2010-07-02,0.01238890069121501
2010-07-06,-0.01671023515263692
2010-07-07,0.010471214473729118
2010-07-08,-0.004416922259692702
2010-07-09,0.009811462629993661
2010-07-12,-0.00861781232849812
2010-07-13,0.008692724597704427
2010-07-14,-0.000506907386654043
2010-07-15,-0.0005917133813899689
2010-07-16,-0.013194664160489311
2010-07-19,-0.008056868318884858
2010-07-20,0.00794952166473073
2010-07-21,-0.006858148660892516
2010-07-22,0.008718188601928079
2010-07-23,-0.006589117477659223
2010-07-26,-0.004909981159489263
2010-07-27,-0.017399537441525448
2010-07-28,0.0023786154346323585
2010-07-29,0.004482353152593488
2010-07-30,0.010499579478777887
2010-08-02,0.0004329643491447488
2010-08-03,0.00389472861932183
2010-08-04,0.006293675061456616
2010-08-05,0.0022275713974577727
2010-08-06,0.007351623835511356
2010-08-09,-0.0037338325329719924
2010-08-10,0.0028109184562654654
2010-08-11,-0.0033127240968519045
2010-08-12,0.012186810548876936
2010-08-13,-0.00025257876690054637
2010-08-16,0.008337590626369407
2010-08-17,0.00016701447010558645
2010-08-18,0.003924853617562674
2010-08-19,0.001414058952080799
2010-08-20,-0.00348864665731885
2010-08-23,-0.0015837495996745554
2010-08-24,0.004842226055815635
2010-08-25,0.008308408066874051
2010-08-26,-0.0032959914623202913
2010-08-27,0.00041338502096799346
2010-08-30,-0.0008263653611750854
2010-08-31,0.009676603535758055
2010-09-01,-0.0031946214269242823
2010-09-02,0.004930548624239028
2010-09-03,-0.0035162343769447046
2010-09-07,0.006893125994447802
2010-09-08,8.15170047205882e-05
2010-09-09,-0.00937170185363001
2010-09-13,0.000493626103927447
2010-09-14,0.019733545817172793
2010-09-15,-0.0006450105130255679
2010-09-16,0.0055671679717606
2010-09-17,-0.0007221081591425316
2010-09-20,0.002649765767053003
2010-09-21,0.009129489585757655
2010-09-22,0.0015077756431296496
2010-09-23,0.0007924414099360622
2010-09-24,0.0030878810785825994
2010-09-27,0.00023678884457178917
2010-09-28,0.008917276219480907
2010-09-29,0.0007821546759059217
2010-09-30,-0.0003125696528856192
2010-10-01,0.00781799680532913
2010-10-04,-0.0034907837674234
2010-10-05,0.01969483611294076
2010-10-06,0.0062599590124643445
2010-10-07,-0.01092483474757766
2010-10-08,0.009894980388411412
2010-10-11,0.004784973465747688
2010-10-12,-0.0024944182403267012
2010-10-13,0.01598969765837266
2010-10-14,0.00507192241838883
2010-10-15,-0.007940685151901716
2010-10-18,0.004488376244684789
2010-10-19,-0.03105449960421236
2010-10-20,0.00929987478434402
2010-10-21,-0.014087770334554661
2010-10-22,0.002008144777821741
2010-10-25,0.008633395612906769
2010-10-26,0.00022926081694740752
2010-10-27,-0.010391202319783521
2010-10-28,0.013279811333891667
2010-10-29,0.010515007362563056
2010-11-01,-0.0052782157594233325
2010-11-02,0.004320856065270329
2010-11-03,-0.00694390618764662
2010-11-04,0.03389823825188132
2010-11-08,0.012864809348703377
2010-11-09,-0.015894922781312437
2010-11-10,0.012169106865093537
2010-11-11,0.003060318800163886
2010-11-12,-0.0288391770673464
2010-11-15,-0.009499620384983976
2010-11-16,-0.010949984657092626
2010-11-18,0.008551539335333258
2010-11-19,0.0008327701824608624
2010-11-22,0.009682290535891758
2010-11-23,0.006967395597379689
2010-11-24,-0.0017112638945114833
2010-11-26,-0.007974304097743579
2010-11-29,0.0030049875640467683
2010-11-30,0.014306072509137735
2010-12-01,-0.00029532777044438685
2010-12-02,-0.0013296493431664835
2010-12-03,0.021227887875435947
2010-12-06,0.007532362069704757
2010-12-07,-0.018762134993171364
2010-12-08,-0.012527521713312728
2010-12-09,0.004303003634872571
2010-12-10,0.0002955495779344286
2010-12-13,0.004726381894541776
2010-12-14,0.0009554547674208713
2010-12-15,-0.010867938075622141
2010-12-16,-0.006607271045376617
2010-12-20,0.009715290901104456
2010-12-21,0.0015543387826104649
2010-12-22,-0.0019953019350200663
2010-12-23,-0.0028878147414700406
2010-12-27,0.0026734041330853664
2010-12-28,0.01629385926993998
2010-12-29,0.0035709480309356056
2010-12-30,-0.004937970382814849
2010-12-31,0.012333083678473855
2011-01-03,-0.005190320172774543
2011-01-04,-0.023550724637681153
2011-01-05,-0.0028200733418367596
2011-01-06,-0.004018704366714254
2011-01-07,-0.0018680415196855593
2011-01-10,0.004042471019095828
2011-01-11,0.0058903114649804245
2011-01-12,0.004076814445393762
2011-01-13,-0.010409003338437195
2011-01-14,-0.010145472431108082
2011-01-18,0.00557683488401306
2011-01-19,0.0021734884271975563
2011-01-20,-0.01884538026814475
2011-01-21,-0.001295717781246375
2011-01-24,-0.005113318897864261
2011-01-25,-0.0019944346856293205
2011-01-27,-0.016679521110961715
2011-01-28,0.01836940880571558
2011-01-31,-0.003147095992869553
2011-02-01,0.007161068526499337
2011-02-02,-0.002675887579124292
2011-02-03,0.013415101885317249
2011-02-04,-0.004084669429638699
2011-02-07,0.00015182297672700074
2011-02-08,0.011087536414601473
2011-02-09,-0.0005257027621342614
2011-02-10,-0.0016532742811616874
2011-02-11,-0.003989452427152318
2011-02-14,0.004761106326723441
2011-02-15,0.007672089476301602
2011-02-16,0.0009704029381796264
2011-02-17,0.007009598358195257
2011-02-18,0.002740005882498453
2011-02-22,0.006498704676349387
2011-02-23,0.008951509874549624
2011-02-24,-0.0074903557591639025
2011-02-25,0.006594440089741527
2011-02-28,0.0020381334207675295
2011-03-01,0.01721629416053716
2011-03-03,-0.013854191661201942
2011-03-04,0.009124554993410916
2011-03-07,0.0026551496302960054
2011-03-08,-0.0025765860807780427
2011-03-09,0.0003588049048421915
2011-03-10,-0.011763857302689251
2011-03-11,0.0032662911685206186
2011-03-14,0.0046302950658096975
2011-03-15,-0.01865185313629869
2011-03-16,-0.00022014220559418707
2011-03-17,0.005358159851040822
2011-03-18,0.010221171672682772
2011-03-21,0.005564821129095288
2011-03-22,-0.0006468042136366092
2011-03-23,0.009277189916009121
2011-03-24,-0.007980583913447803
2011-03-25,0.00028726681354784844
2011-03-28,-0.005170194234553005
2011-03-29,-0.0023818867349306716
2011-03-30,0.0033282065894868484
2011-03-31,0.008581542201770542
2011-04-01,-0.004719030882519015
2011-04-04,0.004597696865513701
2011-04-05,0.015803824168639347
2011-04-06,0.002323138500281763
2011-04-07,0.0009129766790669791
2011-04-08,0.008069673704311775
2011-04-11,-0.007100127011412383
2011-04-13,-0.005187924118974507
2011-04-15,0.02219879697508209
2011-04-18,0.006066801830465485
2011-04-19,0.0
2011-04-20,0.0039060327062796496
2011-04-21,0.0016382627519730963
2011-04-25,0.0008858499329242875
2011-04-26,-0.0033362174076743134
2011-04-27,0.0192648720546722
2011-04-28,0.00415556560762953
2011-04-29,0.01702034219935955
2011-05-02,-0.012863368890775995
2011-05-03,-0.003523693679893136
2011-05-04,-0.01434486979737204
2011-05-05,-0.028836354362946848
2011-05-06,0.012755292503549676
2011-05-09,0.01431522221175574
2011-05-10,0.00352821954433602
2011-05-11,-0.009195406805110662
2011-05-12,0.00034122460794838716
2011-05-13,-0.006548819694799257
2011-05-16,-0.0017854134237942354
2011-05-17,-0.004333697772470724
2011-05-18,0.0059416925363608986
2011-05-19,0.0003433227395142069
2011-05-20,0.012633104523076089
2011-05-23,0.002305216117890696
2011-05-24,0.005141003161891922
2011-05-25,-6.726231295683949e-05
2011-05-26,-0.0024229412162809494
2011-05-27,0.009985128291392531
2011-06-01,0.0014028504886329785
2011-06-02,-0.002734998679831291
2011-06-03,0.004816061676943928
2011-06-06,0.0017307582527172904
2011-06-07,-0.0003987078701302993
2011-06-08,-0.0040553159006586625
2011-06-09,0.005006341447316709
2011-06-10,-0.008767216304689351
2011-06-13,-0.009849914008281502
2011-06-14,0.0060905046387151884
2011-06-15,0.0030268174734946474
2011-06-16,-0.0010058603902615149
2011-06-17,0.006511386270756869
2011-06-20,0.000600215662433401
2011-06-21,0.004865665090172611
2011-06-22,0.0015256765369389136
2011-06-23,-0.017550891177319783
2011-06-24,-0.014021854404774547
2011-06-27,-0.003623675640655799
2011-06-28,0.0034996897040917574
2011-06-29,0.006427702046695627
2011-06-30,-0.008017344302908236
2011-07-01,-0.007328817289169565
2011-07-05,0.018629768463946483
2011-07-06,0.008670315904364623
2011-07-07,0.001611646151856716
2011-07-08,0.007375166936172128
2011-07-11,0.00891844484452986
2011-07-12,0.007784207157971679
2011-07-13,0.008967697053566592
2011-07-15,0.006876849375833993
2011-07-18,0.008827386616724331
2011-07-19,-0.012199039233320219
2011-07-20,0.008793486215885604
2011-07-21,-0.007627242717723082
2011-07-22,0.008331675197810862
2011-07-25,0.007814509728797825
2011-07-26,0.0027329855381899026
2011-07-27,-0.0036762490673009074
2011-07-28,0.0008270556701654996
2011-07-29,0.006165687241006967
2011-08-01,-0.003600935558821683
2011-08-02,0.024093349114550966
2011-08-03,-0.00018572795011984056
2011-08-04,-0.00526352142301223
2011-08-05,0.006909864383522146
2011-08-08,0.03319935157457499
2011-08-09,0.008915782292353791
2011-08-10,0.035407159712308234
2011-08-11,-0.021938376623234723
2011-08-12,-0.004568074842148606
2011-08-16,0.023239377065798816
2011-08-17,0.002874885034866992
2011-08-18,0.01891986633643583
2011-08-19,0.012547803917521527
2011-08-22,0.025784937306684297
2011-08-23,-0.03748847882459638
2011-08-24,-0.033883065990334194
2011-08-25,0.004136363175726965
2011-08-26,0.02964725337814067
2011-08-29,-0.020172433686990066
2011-08-30,0.029961508609777754
2011-09-02,0.023115573693814673
2011-09-06,-0.0018555532988803192
2011-09-07,-0.03182062471103009
2011-09-08,0.026711066628809732
2011-09-09,-0.006105278176431583
2011-09-12,-0.022302151894618927
2011-09-13,0.010584678420606952
2011-09-14,-0.007449236150323779
2011-09-15,-0.015856964679878405
2011-09-16,0.009346358600104132
2011-09-19,-0.015451918647760743
2011-09-20,0.014251925771726182
2011-09-21,-0.01245876923776712
2011-09-22,-0.026153542150526787
2011-09-23,-0.05471753820180614
2011-09-26,-0.013892372830456634
2011-09-27,0.01935526726943304
2011-09-28,-0.027454420270526025
2011-09-29,0.009473791550213662
2011-09-30,0.0022828193869255387
2011-10-03,0.018347521194908234
2011-10-04,-0.02062628718772741
2011-10-05,0.011545339579202452
2011-10-07,-0.001756014212318413
2011-10-10,0.025694256721133568
2011-10-11,-0.007166032573826864
2011-10-12,0.007156004686264872
2011-10-13,-0.005880138964710846
2011-10-14,0.00677751585978581
2011-10-17,-0.00477355451916972
2011-10-18,-0.004796450637787775
2011-10-19,-0.012172523883343
2011-10-20,-0.013135615868301143
2011-10-21,0.011092095788866496
2011-10-24,0.009403209377038424
2011-10-25,0.028381517477150453
2011-10-28,0.024337211597454056
2011-10-31,-0.01344180429743358
2011-11-01,0.00023908536989014628
2011-11-02,0.010036997411712711
2011-11-03,0.015734080802807693
2011-11-04,-0.005066358671109827
2011-11-08,0.015686231080129343
2011-11-09,-0.00841348161901967
2011-11-11,0.010983897885743943
2011-11-14,-0.004368876387059961
2011-11-15,0.000923808688964245
2011-11-16,-0.010671470333423416
2011-11-17,-0.025712719634799708
2011-11-18,0.0031118431758150322
2011-11-21,-0.024579377384584156
2011-11-22,0.0110703214592891
2011-11-23,-0.0029036097914703074
2011-11-25,-0.00867565321048791
2011-11-28,0.01976750983463549
2011-11-29,0.0015003300286513532
2011-11-30,0.019475071338128425
2011-12-01,-0.0029389289699039978
2011-12-02,0.0011200992509403651
2011-12-05,-0.014721469156617206
2011-12-07,0.012431188627880063
2011-12-08,-0.02018889192543405
2011-12-09,0.002530414385808033
2011-12-12,-0.026502335126668997
2011-12-13,-0.021853252823497593
2011-12-14,-0.03508991900081848
2011-12-15,-0.0036627481249873473
2011-12-16,0.019037575406193996
2011-12-19,-0.0023191433373703774
2011-12-20,0.013624334453907316
2011-12-21,0.001146693460756243
2011-12-22,-0.00712656114710053
2011-12-23,0.0017303530125498678
2011-12-27,-0.008956521773084813
2011-12-28,-0.02504683229674176
2011-12-29,-0.004568644951223
2011-12-30,0.010975184218875667
2012-01-03,0.025856915150634707
2012-01-04,0.005066755734988382
2012-01-05,0.006827847741614601
2012-01-06,-0.0036760161968690808
2012-01-09,-0.0044529068818790485
2012-01-10,0.01367411750574088
2012-01-11,0.006492680176876542
2012-01-12,0.004446713358861265
2012-01-13,-0.006983478874407978
2012-01-17,0.007786045057981195
2012-01-18,0.006853620582651931
2012-01-19,-0.0023515152751236723
2012-01-20,0.005272336540625755
2012-01-23,0.006725466086455523
2012-01-24,-0.007048352105060052
2012-01-25,0.02722056546902296
2012-01-27,0.01532269606906933
2012-01-30,-0.0055631321217690655
2012-01-31,0.0076176801082890044
2012-02-01,0.001476581439991298
2012-02-02,0.00878748239335847
2012-02-03,-0.019935712372232683
2012-02-06,-0.0027440152442257393
2012-02-07,0.015073599610379684
2012-02-08,-0.0070712844420862675
2012-02-09,-0.002848639332576064
2012-02-10,-0.005237500657275795
2012-02-13,0.0022136838491002564
2012-02-14,-0.0023282156434702994
2012-02-15,0.0059239200699465755
2012-02-16,-0.0006543371004235077
2012-02-17,-0.0038690112885975125
2012-02-21,0.021930074903464325
2012-02-22,0.01122674611729324
2012-02-23,0.00046259876214471696
2012-02-24,-0.004565995407547319
2012-02-27,-0.003077273369589517
2012-02-28,0.010425210114951122
2012-02-29,-0.053029061708074865
2012-03-01,0.014121415904973178
2012-03-02,-0.001620576624883352
2012-03-05,-0.004148145103987089
2012-03-06,-0.0178086148924681
2012-03-07,0.005716090670033314
2012-03-09,0.016806208628848296
2012-03-12,-0.007873527588344698
2012-03-13,-0.016780784815864758
2012-03-14,-0.01682067576220847
2012-03-15,0.00946289676961598
2012-03-16,0.001365788541111801
2012-03-19,0.0017978504689784014
2012-03-20,-0.009035159899535072
2012-03-21,0.0004996054993768873
2012-03-22,-0.0039947529044891406
2012-03-23,0.012282956477502438
2012-03-26,0.0177675672560913
2012-03-27,-0.007055890793102537
2012-03-28,-0.010597959618425579
2012-03-29,-0.0014240340248994343
2012-03-30,0.0052083106662228484
2012-04-02,0.005058027072021742
2012-04-03,-0.01871856515317416
2012-04-04,-0.01676147780356274
2012-04-09,0.01373950964362991
2012-04-10,0.010855311785985977
2012-04-11,-0.00018621215493686005
2012-04-12,0.010119758799926215
2012-04-13,-0.011370564716820963
2012-04-16,-0.0024246153239028123
2012-04-17,-0.0013087791666472892
2012-04-18,-0.005865849868369688
2012-04-19,0.0007532177454423472
2012-04-20,0.0006899618353195525
2012-04-23,-0.0029458817957397354
2012-04-24,0.0014458773932806146
2012-04-25,0.0020087386020055664
2012-04-26,0.008833502726736775
2012-04-27,0.0021735459614287134
2012-04-30,0.003098277264045768
2012-05-02,-0.007968918371702105
2012-05-03,-0.010087771057537998
2012-05-04,0.0031452475068289854
2012-05-07,-0.0024455972073937904
2012-05-08,-0.019361338921316418
2012-05-09,-0.00980768448267233
2012-05-10,0.0019421444253708842
2012-05-11,-0.007818095757993637
2012-05-14,-0.014521983348483536
2012-05-15,-0.010506815031071648
2012-05-16,-0.0018698996195085638
2012-05-17,0.022347090779173184
2012-05-18,0.011452879352412237
2012-05-22,-0.015981890468652615
2012-05-23,-0.0030247679400885463
2012-05-24,-0.001384985238363945
2012-05-25,0.00838774838488221
2012-05-29,-0.010872337457110914
2012-05-30,0.005893254962718419
2012-05-31,-0.0019090812845146132
2012-06-01,0.038781196888100666
2012-06-04,-0.0011428106398809756
2012-06-05,-0.0011442151423203262
2012-06-06,0.0004455092560180507
2012-06-07,-0.01723813115026185
2012-06-08,0.0014886454856897213
2012-06-11,0.004071640277957922
2012-06-12,0.007080368815616023
2012-06-13,0.004218256263578635
2012-06-14,0.004009705335992431
2012-06-15,0.0005704997647584253
2012-06-18,0.0005701744803514597
2012-06-19,-0.004875508449193711
2012-06-20,-0.0075719166052243825
2012-06-21,-0.025325363321968553
2012-06-22,0.004078378501268132
2012-06-25,0.00733749424571517
2012-06-26,-0.007414148220444616
2012-06-27,0.001376010487393442
2012-06-28,-0.011646919832302038
2012-06-29,0.027408138404537707
2012-07-02,-0.0006444107348563266
2012-07-03,0.015281516744723334
2012-07-05,-0.011304546946454441
2012-07-06,-0.012654072807009586
2012-07-09,0.002146812555150701
2012-07-10,-0.012269536951600046
2012-07-11,0.005520944005105832
2012-07-12,-0.00261460971900751
2012-07-13,0.010157959820154439
2012-07-16,0.00045418012518472217
2012-07-17,-0.0047986866023365105
2012-07-18,-0.002736679257213992
2012-07-19,0.0021561700390366756
2012-07-20,0.0018906850756352789
2012-07-23,-0.0041647647379081665
2012-07-24,0.003202022460124132
2012-07-25,0.014004649795792412
2012-07-26,0.007066269136341896
2012-07-27,0.004911583802304831
2012-07-30,-0.0006982392728160924
2012-07-31,-0.00597082656640302
2012-08-01,-0.008626788012826792
2012-08-02,-0.006510213425354183
2012-08-03,0.009212989839486152
2012-08-06,0.004821600676860438
2012-08-07,-0.0001279863856068486
2012-08-08,0.0012797347696722472
2012-08-09,0.003259264951112506
2012-08-10,0.0012101864830207365
2012-08-13,-0.0075708565852385945
2012-08-14,-0.00551317764002035
2012-08-16,0.00921802765919777
2012-08-17,0.001021995813774046
2012-08-21,0.013463505576292834
2012-08-22,0.010766174119276384
2012-08-23,0.008409157592958794
2012-08-24,0.000494174015419846
2012-08-27,-0.003766133270076133
2012-08-29,-0.004771964982327459
2012-08-30,-0.0004358432469381279
2012-08-31,0.02305006759133854
2012-09-04,0.001583208530649749
2012-09-05,-0.0010335492057460538
2012-09-06,0.0035299241657396063
2012-09-07,0.021529523105697113
2012-09-10,-0.006827411176709486
2012-09-11,0.003646366398665668
2012-09-12,0.00011914397372314589
2012-09-13,0.02018818143529133
2012-09-14,0.002860343822002953
2012-09-17,-0.008149063622843289
2012-09-18,0.007746522133214695
2012-09-20,-0.0014558583637481748
2012-09-21,0.0028576747517099488
2012-09-24,-0.005291949445103139
2012-09-25,-0.0016369410950092256
2012-09-26,-0.005621635473730624
2012-09-27,0.014898997795603108
2012-09-28,-0.0026110999060248163
2012-10-01,0.0023270341375569714
2012-10-03,0.0006965603381112739
2012-10-04,0.006960135274945767
2012-10-05,-0.005702468116373205
2012-10-08,-0.0033020048751752906
2012-10-09,-0.006160985410008202
2012-10-10,-0.0008772977978495078
2012-10-11,0.0028097108207538746
2012-10-12,-0.007354714637855864
2012-10-15,-0.010055224506803517
2012-10-16,0.006355758993983995
2012-10-17,0.000708270089035512
2012-10-18,-0.004423734987025862
2012-10-19,-0.010782582723043554
2012-10-22,0.003653354530106512
2012-10-23,-0.012829747772893363
2012-10-25,0.0035665334147478855
2012-10-31,0.004878915418315755
2012-11-01,-0.0045555025984209685
2012-11-02,-0.020894809825163896
2012-11-05,0.0038744747870573804
2012-11-06,0.018807862553296584
2012-11-07,0.0011425281895340866
2012-11-08,0.009009549825869767
2012-11-09,-0.0010119540650425085
2012-11-12,-0.0022048049089982147
2012-11-15,-0.008121831204164986
2012-11-16,-0.0012643233169258306
2012-11-19,0.011996564840836887
2012-11-20,-0.0028593300857844284
2012-11-21,0.0010155813941403746
2012-11-23,0.012234441881278757
2012-11-26,-0.0010613049579774048
2012-11-27,-0.004249459912872733
2012-11-29,-0.009068899159495936
2012-11-30,-0.00675911995172096
2012-12-03,0.000481793613877457
2012-12-04,-0.010293184034235181
2012-12-05,-0.0018246141290523266
2012-12-06,0.00231540881134662
2012-12-07,0.004012180316774305
2012-12-10,0.0038750264922358113
2012-12-11,-0.0009047596653337653
2012-12-12,0.0007244816202742754
2012-12-13,-0.008445491459192933
2012-12-14,-0.0014600610908572786
2012-12-17,0.001888731794135401
2012-12-18,-0.014351742734815875
2012-12-19,-0.002406215358110364
2012-12-20,-0.012122003118760882
2012-12-21,0.003756377133691924
2012-12-24,0.0018087275171267958
2012-12-26,0.0009961627877814738
2012-12-27,0.002363508432004169
2012-12-28,-0.0038471727592938043
2012-12-31,0.009218955078005298
2013-01-02,0.007097851290946089
2013-01-03,-0.012073305404241008
2013-01-04,-0.004714606211065564
2013-01-07,-0.006295249004336423
2013-01-08,0.007087781062064646
2013-01-09,-0.0004359246792099425
2013-01-10,0.00928400637657445
2013-01-11,-0.0056797023904903154
2013-01-14,0.002980229323326755
2013-01-15,0.006314252289550515
2013-01-16,0.0005536192128581252
2013-01-17,0.00430379485582244
2013-01-18,-0.0015917340429129068
2013-01-22,0.003556329904214506
2013-01-23,-0.00281048121356553
2013-01-24,-0.01096751713306432
2013-01-25,-0.004770191309598659
2013-01-28,-0.0022409002429438774
2013-01-29,0.004367160997889918
2013-01-30,0.0074538599123976645
2013-01-31,-0.006103985931695921
2013-02-01,0.0015508685157126223
2013-02-04,0.0034066464054138823
2013-02-05,-0.00024687213662233365
2013-02-06,0.0026549312049666263
2013-02-07,-0.003386926866340456
2013-02-08,-0.0016682465384403322
2013-02-11,-0.011573994499016527
2013-02-12,0.0011897460553353945
2013-02-13,-0.005253588974277079
2013-02-14,-0.004401112447727451
2013-02-15,-0.016356245638453393
2013-02-19,-0.0027606104965699485
2013-02-20,-0.025043451643549264
2013-02-21,0.0077918162754770925
2013-02-22,0.002293317486000923
2013-02-25,0.008955972453781325
2013-02-26,0.012180931238955583
2013-02-27,-0.01056198875682579
2013-02-28,-0.010157257228600503
2013-03-01,-0.003660114762050637
2013-03-04,-0.0009183901036885489
2013-03-05,0.0005252910666555533
2013-03-06,0.0055780996028989005
2013-03-07,-0.0035240703595200706
2013-03-08,0.00013101232655099437
2013-03-11,0.0018335326238412275
2013-03-12,0.00784362968269714
2013-03-13,-0.0034373096238732304
2013-03-14,0.0001300859898183404
2013-03-15,0.0020822965868685372
2013-03-18,0.008961070667613535
2013-03-19,0.00450506452725441
2013-03-20,-0.004548992218975756
2013-03-21,0.005663930684613572
2013-03-22,-0.004479980468749978
2013-03-25,-0.0019929125844543316
2013-03-26,-0.003349679554628948
2013-03-28,-0.0017451155011031227
2013-04-01,0.001424417125607702
2013-04-02,-0.014482482185829704
2013-04-03,-0.011152640752650878
2013-04-04,-0.0029191431956356872
2013-04-05,0.016767611850665
2013-04-08,-0.004253608447543744
2013-04-09,0.007754946420753139
2013-04-10,-0.016890546496319603
2013-04-11,0.001990069995076782
2013-04-12,-0.04700434266845255
2013-04-15,-0.0878082643808128
2013-04-16,0.011347235708379255
2013-04-17,0.0005270486733528479
2013-04-18,0.010762459449999096
2013-04-22,0.026805590193018647
2013-04-23,-0.007396584908027859
2013-04-25,0.034701927458774096
2013-04-26,-0.005083677157950217
2013-04-29,0.009864447899536888
2013-04-30,0.003302889744367654
2013-05-02,-0.005953674287867083
2013-05-03,0.0011978450615743874
2013-05-06,0.0004222504056590193
2013-05-07,-0.012451558843968757
2013-05-08,0.014816938016144476
2013-05-09,-0.011582262231585427
2013-05-10,-0.008593079156717032
2013-05-13,-0.00838118464598625
2013-05-14,-0.004478762912597967
2013-05-15,-0.02307519579215711
2013-05-16,-0.004011056416375558
2013-05-17,-0.02252210527369891
2013-05-20,0.030899424480465454
2013-05-21,-0.01657778504530205
2013-05-22,-0.007074069889109635
2013-05-23,0.02023645687084974
2013-05-24,-0.006314583609401292
2013-05-28,-0.002018458618119001
2013-05-29,0.010038177262336356
2013-05-30,0.013869280514663629
2013-05-31,-0.020336494816085793
2013-06-03,0.01933987733947884
2013-06-04,-0.009376593881796569
2013-06-05,0.002144557820634496
2013-06-06,0.007452733729297778
2013-06-07,-0.023804292309807185
2013-06-10,0.0049520083144831695
2013-06-11,-0.005151578533889478
2013-06-12,0.007504690431519689
2013-06-13,-0.0037988417641410255
2013-06-14,0.005159168194085684
2013-06-17,-0.004909532390677707
2013-06-18,-0.012259844040283574
2013-06-19,-0.011655252312203657
2013-06-20,-0.053526288841325154
2013-06-21,0.011731428766484253
2013-06-24,-0.008956439178321784
2013-06-25,-0.003711765378358045
2013-06-26,-0.04203452166594779
2013-06-27,-0.019783533666219655
2013-06-28,0.02734171211137748
2013-07-01,0.016959085154188536
2013-07-02,-0.00891599295095069
2013-07-03,0.005747561803178369
2013-07-05,-0.021948000437012394
2013-07-08,0.012024776377135282
2013-07-09,0.009287930637690511
2013-07-10,0.0027358165656277134
2013-07-11,0.027201331116487815
2013-07-12,-0.0008853880573321815
2013-07-15,0.00040282810653535783
2013-07-16,0.0057174994582687155
2013-07-17,-0.01257106015291043
2013-07-18,0.0055952192921975286
2013-07-19,0.008870239941715985
2013-07-22,0.029813729592696125
2013-07-23,0.006752642042110235
2013-07-24,-0.017192222970528803
2013-07-25,0.009334756673011979
2013-07-26,0.0008549048878288001
2013-07-29,-0.002407187152758228
2013-07-30,-0.0027244189319679535
2013-07-31,-0.0012487983048118378
2013-08-01,-0.010550160079556559
2013-08-02,-0.001974567560183438
2013-08-05,-0.005223200846164677
2013-08-06,-0.013762893950199695
2013-08-07,0.0014519666322767577
2013-08-08,0.02182842570410881
2013-08-12,0.017893774724416334
2013-08-13,-0.010764399957271298
2013-08-14,0.00986380270316145
2013-08-16,0.027751952178718398
2013-08-19,-0.004299346178506691
2013-08-20,0.0033330994600069275
2013-08-21,-0.002868928899801504
2013-08-22,0.0056030150173187465
2013-08-23,0.01573673952496346
2013-08-26,0.004077116950649051
2013-08-27,0.009597660251366102
2013-08-28,-0.0002924554744629937
2013-08-29,-0.0061444777662679195
2013-08-30,-0.009199970890717113
2013-09-03,0.013370993292570743
2013-09-04,-0.012901294021836374
2013-09-05,-0.01826828046165707
2013-09-06,0.014750355470928067
2013-09-10,-0.017964878963617092
2013-09-11,-0.00030369320824075174
2013-09-12,-0.030599839579955712
2013-09-13,0.0011749160180953844
2013-09-16,-0.010718218978664984
2013-09-17,0.0003954373504513331
2013-09-18,0.04355726882874267
2013-09-19,-0.0019695062317609535
2013-09-20,-0.028766610364533873
2013-09-23,-0.0032040953082861368
2013-09-24,0.000862411663815843
2013-09-25,0.0088515556290778
2013-09-26,-0.007764519160924133
2013-09-27,0.009233901688096902
2013-09-30,-0.006125521729428818
2013-10-01,-0.028007462498232272
2013-10-03,0.020788217701371625
2013-10-04,-0.005110878473967517
2013-10-07,0.008772628001741278
2013-10-08,-0.0018802715834939088
2013-10-09,-0.010125595761985129
2013-10-10,-0.014590468308459559
2013-10-11,-0.013438466355977674
2013-10-14,0.0018760469803931201
2013-10-15,0.007327212508852821
2013-10-17,0.02982295895819953
2013-10-18,-0.004473392740662829
2013-10-21,0.0010248709844409287
2013-10-22,0.01858554826403047
2013-10-23,-0.00502546710134677
2013-10-24,0.009402373394382657
2013-10-25,0.004311107341768539
2013-10-28,0.0007664482567892872
2013-10-29,-0.006050806532669206
2013-10-30,-0.0013099958645943488
2013-10-31,-0.014351914754235917
2013-11-01,-0.006184444408475875
2013-11-05,-0.003072070886361966
2013-11-06,0.005056885287565871
2013-11-07,-0.008176048043114337
2013-11-08,-0.014901750382376844
2013-11-11,-0.0032989703632273493
2013-11-12,-0.01146367778198043
2013-11-13,0.003266651987324787
2013-11-14,0.01155879679757943
2013-11-18,-0.011024343399014147
2013-11-19,0.0004067975731698592
2013-11-20,-0.02301744019441898
2013-11-21,-0.0014985040048288711
2013-11-22,-0.00016678565994432404
2013-11-25,0.004503009704574623
2013-11-26,-0.005312961933526483
2013-11-27,-0.0030045118616964794
2013-11-29,0.010380025726374864
2013-12-02,-0.025849173124050884
2013-12-03,0.0032318187404349885
2013-12-04,0.016954900097682968
2013-12-05,-0.013837913015870673
2013-12-06,0.0021132712895250982
2013-12-09,0.009869237780065765
2013-12-10,0.01754091590969642
2013-12-11,-0.007880471900160724
2013-12-12,-0.02126427007980758
2013-12-13,0.009214610951512325
2013-12-16,0.002596793391862917
2013-12-17,-0.008689121015236445
2013-12-18,-0.00876528362539053
2013-12-19,-0.023722480240186083
2013-12-20,0.00975442213515798
2013-12-23,-0.0031913294703354023
2013-12-24,0.004585954665539571
2013-12-26,0.005512484048749489
2013-12-27,0.0032551386822532447
2013-12-30,-0.014771203179331338
2013-12-31,0.006326400561529999
2014-01-02,0.0161901240867246
2014-01-03,0.010932211148536819
2014-01-06,0.0017604081051298959
2014-01-07,-0.0056903791228098966
2014-01-08,-0.005891238428211043
2014-01-09,0.0028783976463329086
2014-01-10,0.015195028411862932
2014-01-13,0.006319594988656307
2014-01-14,-0.009337277183627424
2014-01-15,-0.0019183895963796882
2014-01-16,0.0010863885127820883
2014-01-17,0.009516648976840125
2014-01-21,-0.010171201139746788
2014-01-22,-0.004260605846602372
2014-01-23,0.02181389731407446
2014-01-24,0.00410542734412811
2014-01-27,-0.010875801955168796
2014-01-28,-8.268961893320714e-05
2014-01-29,0.012567212160504493
2014-01-30,-0.02204625255756343
2014-01-31,0.002671785119756409
2014-02-03,0.010242346527122859
2014-02-04,-0.002720094229185732
2014-02-05,0.0024795690309509233
2014-02-06,-0.0004122602966476485
2014-02-07,0.00767073838306076
2014-02-10,0.0061389867499452855
2014-02-11,0.011714956580352709
2014-02-12,0.0005628794988796759
2014-02-13,0.008518826295861093
2014-02-14,0.01322817507664209
2014-02-18,0.0019661816515914587
2014-02-19,-0.00886973994723983
2014-02-20,0.010532999654813135
2014-02-21,-0.00015671350552937113
2014-02-24,0.011051917556613278
2014-02-25,0.001705567961347132
2014-02-26,-0.008513319761305871
2014-02-28,-0.003824821336624984
2014-03-03,0.02092141108046075
2014-03-04,-0.012357054979777349
2014-03-05,0.0016320075055982208
2014-03-06,0.009930939447266862
2014-03-07,-0.008296856773808758
2014-03-10,0.0003099275393667611
2014-03-11,0.005653184387327759
2014-03-12,0.014631094159512248
2014-03-13,0.003415393334794903
2014-03-14,0.006731709737936908
2014-03-18,-0.018632688749836368
2014-03-19,-0.019369153834579822
2014-03-20,-0.0017955791561766743
2014-03-21,0.0047708478604697735
2014-03-24,-0.01782518014920287
2014-03-25,0.001822819435546963
2014-03-26,-0.007910766324103369
2014-03-27,-0.006538611755630641
2014-03-28,-0.00024077999982841103
2014-03-31,-0.007626822148863011
2014-04-01,-0.0017798011456744423
2014-04-02,0.007537080069503599
2014-04-03,-0.003217515499202017
2014-04-04,0.013315054472720078
2014-04-07,-0.00525600091039935
2014-04-09,0.011288095359671901
2014-04-10,0.005462337263087758
2014-04-11,-0.000629886069672625
2014-04-15,-0.011344854943229232
2014-04-16,0.0003984624480757315
2014-04-17,-0.006292822285853816
2014-04-21,-0.004088193476797453
2014-04-22,-0.003702503963152304
2014-04-23,-0.00016154987286798317
2014-04-25,0.013493844053970028
2014-04-28,-0.004384940209038124
2014-04-29,-0.00016012686984456792
2014-04-30,-0.005125735916385876
2014-05-02,0.006762166556400162
2014-05-05,0.009275577200982044
2014-05-06,-0.001901424983746236
2014-05-07,-0.014367400696601473
2014-05-08,0.0
2014-05-09,-0.0005637408058023485
2014-05-12,0.006768766942896631
2014-05-13,-0.002721337927335088
2014-05-14,0.009711068212604923
2014-05-15,-0.008266440948327625
2014-05-16,-0.0021639548796237307
2014-05-19,0.0006425849883908707
2014-05-20,0.0008829716546379096
2014-05-21,-0.0024059912253091564
2014-05-22,0.0022509750033827824
2014-05-23,-0.0012833563412588678
2014-05-27,-0.02136377492949515
2014-05-28,-0.005334440164288856
2014-05-29,-0.0021451692523308807
2014-05-30,-0.004216984669547563
2014-06-02,-0.00606164041421331
2014-06-03,0.002589851260583753
2014-06-04,-0.002083159699607484
2014-06-05,0.007515042667209704
2014-06-06,-0.00041441281485321557
2014-06-09,0.0003316550478809077
2014-06-10,0.006133426062251646
2014-06-11,0.00016479341429698202
2014-06-12,0.010130925709896266
2014-06-13,0.0026092604078342685
2014-06-16,-0.004391679566916329
2014-06-17,-0.001143599017664143
2014-06-18,0.0031893964143094866
2014-06-19,0.03480887206487204
2014-06-20,-0.0034662236721583195
2014-06-23,0.0027667863566884776
2014-06-24,0.0010248709844409287
2014-06-25,7.870929730424692e-05
2014-06-26,-0.002047362085278892
2014-06-27,-0.0005523529785370629
2014-06-30,0.010895228044559557
2014-07-01,-0.0026553917191389775
2014-07-02,0.0
2014-07-03,-0.0042286084497847876
2014-07-07,-0.001101030316222662
2014-07-08,0.0003936628332492642
2014-07-09,0.0060596257567928635
2014-07-10,0.005475570778272321
2014-07-11,0.0018671659071103353
2014-07-14,-0.02376143490914273
2014-07-15,-0.009465498169358044
2014-07-16,0.0035333047917720517
2014-07-17,0.016964032139549223
2014-07-18,-0.007553695114762227
2014-07-21,0.0016649416399394656
2014-07-22,-0.004749077817894132
2014-07-23,-0.0009543114301423516
2014-07-24,-0.010109888908560016
2014-07-25,0.011580236904513708
2014-07-28,-0.0016694417914321358
2014-07-30,-0.0059722884939036325
2014-07-31,-0.011535707925047878
2014-08-01,0.008023323354133804
2014-08-04,-0.003135547501692204
2014-08-05,-0.0009677806214604123
2014-08-06,0.014531326248904408
2014-08-07,0.0040582648496965135
2014-08-08,7.92687922512858e-05
2014-08-11,-0.0018226749543045484
2014-08-12,0.00023816115842256735
2014-08-13,0.0016667917138926125
2014-08-14,0.0008716371870964856
2014-08-18,-0.010687977992358544
2014-08-19,-0.002240707277115117
2014-08-20,-0.003689437627099168
2014-08-21,-0.010787344663637288
2014-08-22,0.002522828734679683
2014-08-25,-0.003652930990489689
2014-08-26,0.004969860037219664
2014-08-27,-0.00024320048372894476
2014-08-28,0.0055141121217852085
2014-09-02,-0.018951600597750806
2014-09-03,0.004110152024072278
2014-09-04,-0.005485044294521457
2014-09-05,0.004774400606131213
2014-09-08,-0.010896233231708186
2014-09-09,0.0011596072704027627
2014-09-10,-0.0050467493711445766
2014-09-11,-0.006569107778930938
2014-09-12,-0.009123662477173222
2014-09-15,0.002196335041923403
2014-09-16,0.0016015040659449475
2014-09-17,-0.010855852020951517
2014-09-18,0.002041839900460918
2014-09-19,-0.00585840081981337
2014-09-22,-0.002049687174615289
2014-09-23,0.006418485321299405
2014-09-24,-0.004676831883499766
2014-09-25,0.0029047102009924775
2014-09-26,-0.0028111579586886926
2014-09-29,-0.0002562684087010769
2014-09-30,-0.007006747871292629
2014-10-01,0.004818841433659182
2014-10-07,-0.003511141941436313
2014-10-08,0.009539365800353972
2014-10-09,0.0014471624004321892
2014-10-10,-0.0004250514452333043
2014-10-13,0.007908838626913939
2014-10-14,0.0005906150591197257
2014-10-16,0.005312462284065456
2014-10-17,-0.001929234646691702
2014-10-20,0.006807338453066025
2014-10-21,0.0018363404482850676
2014-10-22,-0.005665725080780226
2014-10-27,-0.010725647884827882
2014-10-28,0.00033881853595230105
2014-10-29,-0.0143098631147065
2014-10-30,-0.010480209452138678
2014-10-31,-0.021963701064975694
2014-11-03,-0.004526913897145546
2014-11-05,-0.021043250809113734
2014-11-07,0.028964389094253473
2014-11-10,-0.02221830671070646
2014-11-11,0.014303837082656479
2014-11-12,-0.004819715379460576
2014-11-13,0.0015246472551151413
2014-11-14,0.02507390613118554
2014-11-17,-0.0036690675676289697
2014-11-18,0.008768083938990978
2014-11-19,-0.011907889702233998
2014-11-20,0.010380016731246
2014-11-21,0.0046143024245213216
2014-11-24,-0.0024265428614084206
2014-11-25,0.002345553311048354
2014-11-26,-0.0019066874375580634
2014-11-28,-0.02648491624493876
2014-12-01,0.03987156539441128
2014-12-02,-0.012352053686643938
2014-12-03,0.010335265309313613
2014-12-04,-0.003868344971663107
2014-12-05,-0.012512918386347383
2014-12-08,0.011797592156958414
2014-12-09,0.020815371286221795
2014-12-10,-0.001946047484410629
2014-12-11,-0.0022888830549504524
2014-12-12,-0.002379121195415612
2014-12-15,-0.025721865073372374
2014-12-16,0.004895511509587891
2014-12-17,-0.00591561829690157
2014-12-18,0.007701101852319869
2014-12-19,-0.003300085781823392
2014-12-22,-0.019342978620211726
2014-12-23,0.0016880924643276618
2014-12-24,0.000266088166270384
2014-12-26,0.018267316212737805
2014-12-29,-0.010101921480555442
2014-12-30,0.013460005313124634
2014-12-31,-0.014062457987003008
2015-01-02,0.004402183412038685
2015-01-05,0.015077149308345472
2015-01-06,0.011398960794795965
2015-01-07,-0.005891414149803764
2015-01-08,-0.004208518959763041
2015-01-09,0.011385196369056105
2015-01-12,0.011086435260788896
2015-01-13,-0.003373767752371193
2015-01-14,-0.0016080097792615655
2015-01-15,0.025175902263039784
2015-01-16,0.013064281211881523
2015-01-20,0.013712049879254229
2015-01-21,0.00024159749942587183
2015-01-22,0.008049585228834255
2015-01-23,-0.007985306821000182
2015-01-27,0.0013684147496710874
2015-01-28,-0.007877840393190949
2015-01-29,-0.021552390797103027
2015-01-30,0.022275544587827323
2015-02-02,-0.008343449208254805
2015-02-03,-0.01119094214735139
2015-02-04,0.0043783458565487265
2015-02-05,0.0017272502164005221
2015-02-06,-0.025864204796777424
2015-02-09,0.004467285755423989
2015-02-10,-0.0058739360493219595
2015-02-11,-0.011817350480741395
2015-02-12,0.0023062837940568404
2015-02-13,0.005454295543013465
2015-02-18,-0.013900720226980634
2015-02-19,-0.0034381460295277444
2015-02-20,-0.005692631086866795
2015-02-23,0.0013011929863573357
2015-02-24,-0.0014727381832786435
2015-02-25,0.0038174111040851777
2015-02-26,0.0031979494930109986
2015-02-27,0.0007754283408443197
2015-03-02,-0.004132260173905
2015-03-03,-0.0018153447779967191
2015-03-04,-0.0031176981600916642
2015-03-05,-0.0009556129768769628
2015-03-09,-0.026347815472146707
2015-03-10,-0.004912057209624288
2015-03-11,-0.0060132667380716764
2015-03-12,-0.0002708693390236494
2015-03-13,0.001445050857576291
2015-03-16,-0.0006313103946440357
2015-03-17,-0.005414660114976044
2015-03-18,0.019598980855210835
2015-03-19,-0.0007119500676272539
2015-03-20,0.011399045051747603
2015-03-23,0.006339713151693793
2015-03-24,0.002449897428068226
2015-03-25,0.001396558108890389
2015-03-26,0.00653708688272836
2015-03-27,-0.0036370435238181065
2015-03-30,-0.011385343180862262
2015-03-31,-0.0007911765968406925
2015-04-01,0.017068403567705115
2015-04-06,0.00942910018748111
2015-04-07,-0.00497045007215513
2015-04-08,-0.00551200918339656
2015-04-09,-0.006928232816320157
2015-04-10,0.011336906536289382
2015-04-13,-0.007157039081814864
2015-04-16,-0.0009553639997800234
2015-04-17,0.004955226470251928
2015-04-20,-0.007612433088526105
2015-04-21,0.005753103431764384
2015-04-22,-0.013433831333510171
2015-04-23,0.007291591124513719
2015-04-24,-0.01404151891618699
2015-04-27,0.02016805588455428
2015-04-28,0.008670770693864016
2015-04-29,-0.007048909841977591
2015-04-30,-0.017660816187341166
2015-05-04,0.005552104050766671
2015-05-05,0.0028045547686559313
2015-05-06,-0.0005243625201354352
2015-05-07,-0.008219678527363938
2015-05-08,0.004849259924502469
2015-05-11,-0.0038606864674344266
2015-05-12,0.00854400802548061
2015-05-13,0.01790395678391099
2015-05-14,0.005405381698172951
2015-05-15,0.002986844796122101
2015-05-18,-8.510283616403047e-05
2015-05-19,-0.013869956602948319
2015-05-20,0.0016395067944336983
2015-05-21,-0.003359746584222556
2015-05-22,-0.0007779753253158717
2015-05-26,-0.014619332476808355
2015-05-27,-0.00017561471177085508
2015-05-28,0.0011414281685366845
2015-05-29,0.0007016473724792416
2015-06-01,-0.0008764108278561666
2015-06-02,0.004035079688356591
2015-06-03,-0.007164072177032299
2015-06-04,-0.007039801619628361
2015-06-05,-0.005317250031845577
2015-06-08,0.002940144666210953
2015-06-09,0.002220840372015198
2015-06-10,0.008509121495031247
2015-06-11,-0.004570193783136278
2015-06-12,-0.00026486649065049495
2015-06-15,0.004415790737229308
2015-06-16,-0.003605061549348698
2015-06-17,0.004677010066397758
2015-06-18,0.012911736850284239
2015-06-19,-0.0017342780850800876
2015-06-22,-0.012856178957809772
2015-06-23,-0.006599788842205134
2015-06-24,-0.0026574812063053788
2015-06-25,-0.0013322133525455193
2015-06-26,0.001067192410014961
2015-06-29,0.0045309359212180045
2015-06-30,-0.006190828249150626
2015-07-01,-0.0034706717105630336
2015-07-02,-0.0019646473844250334
2015-07-06,0.002684282539629823
2015-07-07,-0.011600887477117294
2015-07-08,0.00297936254329656
2015-07-09,0.0024305003273175085
2015-07-10,0.0011673603870820948
2015-07-13,-0.00448470723455352
2015-07-14,-0.002252455219495131
2015-07-15,-0.005237440968471452
2015-07-16,-0.0036310957932227383
2015-07-17,-0.010112979124889954
2015-07-20,-0.02715144534014624
2015-07-21,-0.003121988752958438
2015-07-22,-0.00540950631077719
2015-07-23,-0.004484744341763047
2015-07-24,0.009776637833459834
2015-07-27,-0.00465114258060384
2015-07-28,0.0015258061394580746
2015-07-29,0.0014283139466166883
2015-07-30,-0.008557588110186698
2015-07-31,0.006329756242044127
2015-08-03,-0.007910052688847147
2015-08-04,0.0020172823011603835
2015-08-05,-0.0036429610038531957
2015-08-06,0.004426047177157111
2015-08-07,0.002490680503407061
2015-08-10,0.010224554985406531
2015-08-11,0.005107840610028447
2015-08-12,0.0140221892886776
2015-08-13,-0.00825985512434746
2015-08-14,-9.360037594363657e-05
2015-08-17,0.0026204846354271893
2015-08-18,-0.0001866577389999513
2015-08-19,0.013444145581183564
2015-08-20,0.017411325071518213
2015-08-21,0.006247689213677798
2015-08-24,-0.005399068558895603
2015-08-25,-0.01239478089494117
2015-08-26,-0.013649738394807764
2015-08-27,0.0005573064828525709
2015-08-28,0.00900393169110747
2015-08-31,0.0011039811403044109
2015-09-01,0.0034919799162254073
2015-09-02,-0.005311302361437398
2015-09-03,-0.007181056794034801
2015-09-04,-0.0032455349221681695
2015-09-08,0.000279084378947525
2015-09-09,-0.012927822107945408
2015-09-10,0.0023556016816155267
2015-09-11,-0.002067997715627934
2015-09-14,0.0005651616100608159
2015-09-15,-0.0030126124190049675
2015-09-16,0.013314409937664529
2015-09-18,0.017705727044131647
2015-09-21,-0.0062265388780913256
2015-09-22,-0.00681837162160448
2015-09-23,0.003989241131120869
2015-09-24,0.020975758801156985
2015-09-28,-0.018734724724824736
2015-09-29,-0.0040582440457720415
2015-09-30,-0.010372316278596583
2015-10-01,-0.001216519302596475
2015-10-05,0.019113587763232243
2015-10-06,0.010021182319808863
2015-10-07,-0.0014564323795778211
2015-10-08,-0.005104809244962705
2015-10-09,0.015851231139897726
2015-10-12,0.00396856499604703
2015-10-13,0.004941182857076898
2015-10-14,0.017432477539802038
2015-10-15,-0.004568989141737756
2015-10-16,-0.0070615504042085275
2015-10-19,-0.004178160099818862
2015-10-20,0.006338214025568112
2015-10-21,-0.008870752862782494
2015-10-23,-0.00205856394901216
2015-10-26,-0.0006277999535804213
2015-10-27,0.0022435609738429285
2015-10-28,-0.008058752895948817
2015-10-29,-0.009568492239339532
2015-10-30,-0.0038279088978544484
2015-11-02,-0.006495944135801679
2015-11-03,-0.014826347133739204
2015-11-04,-0.009441036684777915
2015-11-05,-0.0031141061362016664
2015-11-06,-0.014577820185771806
2015-11-09,0.0028818737382825255
2015-11-10,-0.0021072913552456773
2015-11-13,-0.0059512645878847525
2015-11-16,0.001448450457852024
2015-11-17,-0.013209938855231806
2015-11-18,0.0008794603332600293
2015-11-19,0.011031897393842804
2015-11-20,-0.004538443721353036
2015-11-23,-0.008051161423458852
2015-11-24,0.006649719254551378
2015-11-27,-0.016417353811198798
2015-11-30,0.006617265866126765
2015-12-01,0.003532188155604077
2015-12-02,-0.015545525585325737
2015-12-03,0.010626672647534141
2015-12-04,0.02220906504905895
2015-12-07,-0.012978259158702543
2015-12-08,0.0016557725915760102
2015-12-09,-0.00194473896697811
2015-12-10,-0.0008768154562139863
2015-12-11,0.005460726883753653
2015-12-14,-0.012801859053540698
2015-12-15,-0.002652561843328849
2015-12-16,0.012115872710852793
2015-12-17,-0.021897810218978075
2015-12-18,0.0153233921943019
2015-12-21,0.010878092908588544
2015-12-22,-0.005235103320787249
2015-12-23,-0.002923721371925758
2015-12-24,0.007232973422174327
2015-12-28,-0.007569203159553783
2015-12-29,-0.000684459735229237
2015-12-30,-0.007632082217105096
2015-12-31,0.0003944085609299819
2016-01-04,0.014094227459880093
2016-01-05,0.0028185529910356166
2016-01-06,0.01444076235086822
2016-01-07,0.014139709399294542
2016-01-08,-0.004427708091822691
2016-01-11,-0.008894799760520322
2016-01-12,-0.005060137388834041
2016-01-13,0.004893984653210337
2016-01-14,-0.016233809757639994
2016-01-15,0.010289314914859293
2016-01-19,-0.0009607847075502329
2016-01-20,0.013367949074563734
2016-01-21,0.001138797703897465
2016-01-22,-0.004644969889963435
2016-01-25,0.010285731724330116
2016-01-27,0.015177230227764182
2016-01-28,-0.010678814187088603
2016-01-29,0.0038482826092702815
2016-02-01,0.010285237353002907
2016-02-02,0.00037013683482878257
2016-02-03,0.010731831819877025
2016-02-04,0.012082377069329242
2016-02-05,0.015827077912906162
2016-02-08,0.013443751249405
2016-02-09,-0.002196257541759894
2016-02-10,0.007747818623272673
2016-02-11,0.040188699204219525
2016-02-12,-0.005879363032052054
2016-02-16,-0.030331226332987904
2016-02-17,0.00618634429410414
2016-02-18,0.02433319602449635
2016-02-19,-0.006002190201855662
2016-02-22,-0.01777516528948675
2016-02-23,0.014979681261872546
2016-02-24,0.003327072049028157
2016-02-25,0.0026358095143694804
2016-02-26,-0.006869043174790979
2016-02-29,0.013064629590324062
2016-03-01,-0.0073331317520045625
2016-03-02,0.007726956678680841
2016-03-03,0.017273365743903035
2016-03-04,-0.0015737798071993048
2016-03-08,0.00033184764578986226
2016-03-09,-0.00829324916913754
2016-03-10,0.016056181130168712
2016-03-11,-0.01720161594971703
2016-03-14,-0.012896749587957612
2016-03-15,0.0007635219800927739
2016-03-16,0.02229567034444102
2016-03-17,-0.003814570847019194
2016-03-18,-0.002746975852867317
2016-03-21,-0.007011719080860401
2016-03-22,0.0029421526295791978
2016-03-23,-0.02263009809313099
2016-03-28,-8.577425759470625e-05
2016-03-29,0.01852490300494125
2016-03-30,-0.013977800877817304
2016-03-31,0.004611451089358232
2016-04-01,-0.006035354370591106
2016-04-04,-0.006670647201412416
2016-04-05,0.013000448699038714
2016-04-06,-0.00611933705841794
2016-04-07,0.014280811818710992
2016-04-08,-0.0015175811841288134
2016-04-11,0.013510077429689682
2016-04-12,0.0001666606070513943
2016-04-13,-0.010662277185778501
2016-04-18,-0.008672213592733291
2016-04-20,0.010446775770768912
2016-04-21,0.0037824404776412024
2016-04-22,-0.01281191427529893
2016-04-25,0.0028840781155776707
2016-04-26,0.00397524805856353
2016-04-27,0.0028643974391455718
2016-04-28,0.018901209532051544
2016-04-29,0.01945750344247421
2016-05-02,-0.0033158403319839547
2016-05-03,-0.002271979748055264
2016-05-04,-0.006099544612754526
2016-05-05,-0.0011455641166617792
2016-05-06,0.009093148301192455
2016-05-09,-0.020539038586043668
2016-05-10,0.0027351995597273415
2016-05-11,0.009423039824896229
2016-05-12,-0.007861112535878512
2016-05-13,0.0045394140453900444
2016-05-16,0.0007394952589119264
2016-05-17,0.0034482607423815814
2016-05-18,-0.01734579222228738
2016-05-19,-0.0019150352244892144
2016-05-20,-0.0013348098643799489
2016-05-23,-0.0028401665733093218
2016-05-24,-0.01734103750687499
2016-05-25,-0.0027280450681915758
2016-05-26,-0.003419400875365186
2016-05-27,-0.008234680643287695
2016-05-31,0.003805525009163979
2016-06-01,-0.0010339059082519197
2016-06-02,-0.0023288275554191884
2016-06-03,0.027751354156539065
2016-06-06,0.00033648146409448465
2016-06-07,-0.0008408886281602301
2016-06-08,0.014812339174809175
2016-06-09,0.005556461757929565
2016-06-10,0.004041219495006354
2016-06-13,0.007392817000753116
2016-06-14,0.0010599906561068462
2016-06-15,0.007412264290884263
2016-06-16,-0.010511020767707935
2016-06-17,0.012828891404313314
2016-06-20,-0.005970132166106867
2016-06-21,-0.019235474102691663
2016-06-22,0.0004965672774475127
2016-06-23,-0.0065343333792947655
2016-06-24,0.049038376152841456
2016-06-27,0.005396827818855421
2016-06-28,-0.010735716822507735
2016-06-29,0.004149350816571085
2016-06-30,0.00500639622652943
2016-07-01,0.015339625386899147
2016-07-05,0.008254789567508913
2016-07-07,0.0020854581749842893
2016-07-08,0.0060120143847071095
2016-07-11,-0.009423926954219786
2016-07-12,-0.016551874633622066
2016-07-13,0.00920177573180525
2016-07-14,-0.007715129649756736
2016-07-15,-0.003848311365095225
2016-07-18,0.001576825791636871
2016-07-19,0.0013381467862105811
2016-07-20,-0.014307049036417885
2016-07-21,0.015232503958900523
2016-07-22,-0.007462722347700623
2016-07-25,-0.006964758718206121
2016-07-26,0.0042241075487405855
2016-07-27,0.016111101422991103
2016-07-28,-0.002889909558035031
2016-07-29,0.010339903082906332
2016-08-01,0.0018607962561190128
2016-08-02,0.00812570067976126
2016-08-03,-0.004759425467430023
2016-08-04,0.0016968857004249216
2016-08-05,-0.01786395743940905
2016-08-08,-0.000862411663815732
2016-08-09,0.004080325118523964
2016-08-10,0.004688953410549868
2016-08-11,-0.0069228329694296376
2016-08-16,0.006266178924034804
2016-08-17,0.0002335080486637331
2016-08-18,0.004747086461879935
2016-08-19,-0.008829675348611454
2016-08-22,-0.00148474204574367
2016-08-23,-0.00015649274735818341
2016-08-24,-0.01111463505476229
2016-08-25,-0.0008706109240564919
2016-08-26,-0.0014259708499477775
2016-08-29,0.0019833398964483884
2016-08-30,-0.010055457179525717
2016-08-31,-0.001999520134694288
2016-09-01,0.0040872106204499214
2016-09-02,0.010216288370529014
2016-09-06,0.016907695537669243
2016-09-07,-0.003418556588101307
2016-09-08,-0.0053013792150961025
2016-09-09,-0.00658355954228651
2016-09-12,-0.0012623563085552014
2016-09-14,-0.0032387711871046942
2016-09-15,-0.006419381491794995
2016-09-16,-0.00247272219188599
2016-09-19,0.00207901920123299
2016-09-20,0.0009575705942725943
2016-09-21,0.014588601451239303
2016-09-22,0.00235721740921524
2016-09-23,0.0006271210413582029
2016-09-26,-0.0007833801247612016
2016-09-27,-0.007291260548213163
2016-09-28,-0.003159070582864243
2016-09-29,-0.0011884132817953086
2016-09-30,-0.003410805950794571
2016-10-03,-0.0025469571504198596
2016-10-04,-0.03471112739159021
2016-10-05,-0.0015706575141682944
2016-10-06,-0.009273018119780652
2016-10-07,0.0006685124453615909
2016-10-10,0.0035076482865625813
2016-10-13,-0.0010819314151992998
2016-10-14,-0.0055819226506638175
2016-10-17,0.0026809625769763645
2016-10-18,0.006183137214928136
2016-10-19,0.0057299655530487215
2016-10-20,-0.0030550965627723636
2016-10-21,0.0007454362173064943
2016-10-24,-0.0022345797266346556
2016-10-25,0.007548139354159211
2016-10-26,-0.00559809251948773
2016-10-27,0.0018213529185830968
2016-10-28,0.0047103519110964776
2016-11-01,0.009458804972522827
2016-11-02,0.007414617516698918
2016-11-03,0.005338107937297609
2016-11-04,0.0007240252267184388
2016-11-07,-0.018007861361529542
2016-11-08,-0.004175211869501427
2016-11-09,-0.0006576934516285826
2016-11-10,-0.014889746585601271
2016-11-11,-0.02212944906788228
2016-11-15,0.00017083068079948305
2016-11-16,-0.002988440021410854
2016-11-17,-0.005138293152093798
2016-11-18,-0.008780207102896287
2016-11-21,0.0037342622620732957
2016-11-22,-0.00034608855246254233
2016-11-23,-0.019819983532816443
2016-11-25,-0.005651208738617575
2016-11-28,0.010567466787642088
2016-11-29,-0.00465734968785847
2016-11-30,-0.013419234467324848
2016-12-01,-0.0018791864382340373
2016-12-02,0.005379222424209074
2016-12-05,-0.005350441210868029
2016-12-06,-0.0009861987578327902
2016-12-07,0.0035897112517579988
2016-12-08,-0.0023249765892273677
2016-12-09,-0.010486673587394413
2016-12-12,0.003804331187865717
2016-12-13,-0.0033387723118654122
2016-12-14,-0.014667226454942117
2016-12-15,-0.013691128072175318
2016-12-16,0.006614558767378487
2016-12-19,0.004997623978540311
2016-12-20,-0.007367118973593101
2016-12-21,0.0005566152526592649
2016-12-22,-0.0024107755207141146
2016-12-23,0.0031601819765598727
2016-12-27,0.005837091185366905
2016-12-28,0.0027634769574849116
2016-12-29,0.01313614088883086
2016-12-30,-0.006165566230220687
2017-01-03,0.00784600497730814
2017-01-04,0.0035303646722089077
2017-01-05,0.015515074970534615
2017-01-06,-0.007372551230725999
2017-01-09,0.008232645807116912
2017-01-10,0.0042602588509306205
2017-01-11,0.0030932255360247574
2017-01-12,0.003612367067042932
2017-01-13,0.0026336178800692167
2017-01-17,0.01435950794847174
2017-01-18,-0.008459177733679102
2017-01-19,-0.0008706024299161008
2017-01-20,0.0024397178433506195
2017-01-23,0.006431967354547874
2017-01-24,-0.004490925540628465
2017-01-25,-0.008241493674922662
2017-01-27,-0.007260337939733907
2017-01-30,0.004229477187142061
2017-01-31,0.01386331327657886
2017-02-01,-0.0030290445198761784
2017-02-02,0.005555550404536591
2017-02-03,0.0025034610211953634
2017-02-06,0.013519329475210506
2017-02-07,-0.0020390643159921007
2017-02-08,0.006214910289660258
2017-02-09,-0.007614870186038569
2017-02-10,0.0026430007347089113
2017-02-13,-0.00680268225121905
2017-02-14,0.0011129901542927811
2017-02-15,0.004447076385096116
2017-02-16,0.0053640263872472005
2017-02-17,-0.0033875467452244568
2017-02-21,0.000594830851824435
2017-02-22,0.0013588421410561935
2017-02-23,0.008735465586520386
2017-02-27,0.0015133706194809804
2017-02-28,0.0009234436519076628
2017-03-01,-0.0014258642418292222
2017-03-02,-0.012430671576410313
2017-03-03,-0.0005953367386808406
2017-03-06,-0.006722839768239508
2017-03-07,-0.008053482107396648
2017-03-08,-0.0062187012290058075
2017-03-09,-0.005127727710842245
2017-03-10,0.002183978311645074
2017-03-14,-0.005230112166463297
2017-03-15,0.018664539100545552
2017-03-16,0.004129061134912737
2017-03-17,0.0022273151662723922
2017-03-20,0.004444860945005624
2017-03-21,0.008765200923941618
2017-03-22,0.0024464392887426634
2017-03-23,-0.0013464921286193698
2017-03-24,0.001601099219161739
2017-03-27,0.005636868294673025
2017-03-28,-0.004099371444605038
2017-03-29,0.002436163586163831
2017-03-30,-0.007206910225050711
2017-03-31,0.0021102388572973307
2017-04-03,0.005306580584065079
2017-04-05,0.00226228970182607
2017-04-06,-0.003678334988324816
2017-04-07,0.0023493772325884343
2017-04-10,0.0
2017-04-11,0.014481863135711759
2017-04-12,0.006848701913851896
2017-04-13,0.004753334264967268
2017-04-17,-0.0029363834815019363
2017-04-18,0.004744779460001958
2017-04-19,-0.008874746300268521
2017-04-20,0.0018893922713916211
2017-04-21,0.002869780885113693
2017-04-24,-0.0067859882121455994
2017-04-25,-0.010125150830952667
2017-04-26,0.0049064144523129904
2017-04-27,-0.003723907331012466
2017-04-28,0.0031563855415273068
2017-05-02,-0.00927378610846219
2017-05-03,-0.013957360197643709
2017-05-04,-0.010086475737808298
2017-05-05,0.0018837333588366256
2017-05-08,-0.002222050521183405
2017-05-09,-0.005995691205500697
2017-05-10,-8.61881599950598e-05
2017-05-11,0.003964142371969848
2017-05-12,0.0028326337429585013
2017-05-15,0.0026534071191921527
2017-05-16,0.0043537829852127174
2017-05-17,0.018189539837597968
2017-05-18,-0.008181011348556977
2017-05-19,0.0049659454541624015
2017-05-22,0.004187604636601616
2017-05-23,-0.006338633249028169
2017-05-24,0.003944948993712671
2017-05-25,-0.0010868426783263718
2017-05-26,0.00887175702052101
2017-05-30,-0.003318413164433487
2017-05-31,0.003995366733579031
2017-06-01,0.0008290372396291268
2017-06-02,0.0073724269437449585
2017-06-05,0.0009867835373715828
2017-06-06,0.011254375087548674
2017-06-07,-0.0052802724121523426
2017-06-08,-0.0065332416684456
2017-06-09,-0.00912454251071615
2017-06-12,-0.0014932827593217013
2017-06-13,0.0009970317877492363
2017-06-14,-0.00547811789275976
2017-06-15,-0.004172926066378535
2017-06-16,0.00016758836001962152
2017-06-19,-0.007625239321596311
2017-06-20,-0.0021109516115493943
2017-06-21,0.0028769363429739236
2017-06-22,0.0033749707830617037
2017-06-23,0.004288615406013552
2017-06-27,-0.00519134844677005
2017-06-28,0.0007575454013519778
2017-06-29,-0.00487806411784153
2017-06-30,-0.00253552275635216
2017-07-03,-0.016353163532217163
2017-07-05,0.003704025486608087
2017-07-06,-0.00042907160833882685
2017-07-07,-0.010217244173899132
2017-07-10,0.0016481821948142183
2017-07-11,0.0012990519121258703
2017-07-12,0.0035460648934031447
2017-07-13,-0.0018098688846157618
2017-07-14,0.008202356680584888
2017-07-17,0.004453235312239068
2017-07-18,0.006991215691223296
2017-07-19,-0.0002539901713815018
2017-07-20,0.001354979930841882
2017-07-21,0.008626558617128577
2017-07-24,0.00041921366315400554
2017-07-25,-0.0032687905257637873
2017-07-26,0.008072646310579357
2017-07-27,-0.0007507202198242524
2017-07-28,0.00751316068954333
2017-07-31,0.0004971211979458712
2017-08-01,-0.0008281447132181263
2017-08-02,-0.002072109381170417
2017-08-03,0.0015780299800982611
2017-08-04,-0.007794965092940864
2017-08-07,-0.0011700742821816323
2017-08-08,0.0029286123995053703
2017-08-09,0.012097421498903138
2017-08-10,0.0074190218777654415
2017-08-11,0.004745944156777204
2017-08-14,-0.007085289845225495
2017-08-16,-0.0004100674468022758
2017-08-17,0.005087348020141658
2017-08-18,-0.0015511047050799087
2017-08-21,0.0037612352656934966
2017-08-22,-0.004480311519932001
2017-08-23,0.003764005301683415
2017-08-24,-0.003097719565420043
2017-08-28,0.019625492746023543
2017-08-29,-0.0021654043401577727
2017-08-30,-0.0004822179671816196
2017-08-31,0.011740101940391323
2017-09-01,0.0019074699121892635
2017-09-05,0.011105834943620163
2017-09-06,-0.005099651110526904
2017-09-07,0.010409331674411604
2017-09-08,-0.0012487602904230899
2017-09-11,-0.013909500369754801
2017-09-12,0.0029320477853174154
2017-09-13,-0.007506297144185492
2017-09-14,0.004378656548724491
2017-09-15,-0.004993697404288455
2017-09-18,-0.009320466663927607
2017-09-19,0.0020907215740946228
2017-09-20,-0.008024393981386213
2017-09-21,-0.00760396716163525
2017-09-22,0.004564701313993336
2017-09-25,0.01046738833080263
2017-09-26,-0.01116196421162674
2017-09-27,-0.009420139990778287
2017-09-28,0.001885519931214219
2017-09-29,-0.005155038524978006
2017-10-03,-0.006168777666595071
2017-10-04,0.002813840376879595
2017-10-05,-0.0053643767904710815
2017-10-06,0.004729503075844965
2017-10-09,0.008175782666649978
2017-10-10,0.002621229439913275
2017-10-11,0.0031862694835504968
2017-10-12,0.000814386133850542
2017-10-13,0.0075677460313676725
2017-10-16,-0.006864791440930884
2017-10-17,-0.006830966568647567
2017-10-18,-0.003766470931118926
2017-10-19,0.005917656213846101
2017-10-23,-0.0048206253846957425
2017-10-24,-0.003858794818776823
2017-10-25,0.00016481202311591225
2017-10-26,-0.008405411255806072
2017-10-27,0.004736970715121691
2017-10-30,0.0019023633137822404
2017-10-31,-0.003797565383496626
2017-11-01,0.003646328400454646
2017-11-02,0.0006605716344769696
2017-11-03,-0.004703355749990812
2017-11-06,0.008539203746005919
2017-11-07,-0.003616953850285376
2017-11-08,0.0034650455582678763
2017-11-09,0.004110828013571766
2017-11-10,-0.008187996581421442
2017-11-13,0.0014860093226884974
2017-11-14,0.0020608359165059653
2017-11-15,-0.0012339083538734918
2017-11-16,-8.23831309511025e-05
2017-11-17,0.012026351450757033
2017-11-20,-0.012616010451388493
2017-11-21,0.0016487064682373376
2017-11-22,0.009217308019892734
2017-11-24,-0.002527909692056185
2017-11-27,0.004169409233999888
2017-11-28,-0.00016286145211019676
2017-11-29,-0.0062698205225437675
2017-11-30,-0.007702412605330111
2017-12-01,0.004046225185331043
2017-12-04,-0.00337195530112111
2017-12-05,-0.007096885692240984
2017-12-06,-0.002077792558461522
2017-12-07,-0.013159005872162122
2017-12-08,-8.434894941444782e-05
2017-12-11,-0.00396692443776514
2017-12-12,0.0011863349471581408
2017-12-13,0.008633065001213858
2017-12-14,-0.002013911785324507
2017-12-15,0.0021020768465358497
2017-12-18,0.004614893860962033
2017-12-19,0.0007516606979649509
2017-12-20,0.002670670135530351
2017-12-21,0.0014150005810635857
2017-12-22,0.005236513137701904
2017-12-26,0.006862859144246336
2017-12-27,0.0037776687734956127
2017-12-28,0.005072364396301321
2017-12-29,0.006512031434223742
2018-01-02,0.012131014811884722
2018-01-03,-0.002636850395774437
2018-01-04,0.00512737855482448
2018-01-05,-0.0010361649479245783
2018-01-08,-0.00015961279955833962
2018-01-09,-0.0046284750854692636
2018-01-10,0.002405158456580736
2018-01-11,0.003279242310744168
2018-01-12,0.012117319941670202
2018-01-16,0.0016540570729914883
2018-01-17,-0.008099385028916495
2018-01-18,-0.002219746160232239
2018-01-19,0.004449368789751107
2018-01-22,0.0018193589642852004
2018-01-23,0.004974316982453653
2018-01-24,0.012177899643490031
2018-01-25,-0.006675468432262743
2018-01-29,-0.004844906936530724
2018-01-30,-0.004318770545372774
2018-01-31,0.006703457836465088
2018-02-01,0.003290292152912322
2018-02-02,-0.013117887393550687
2018-02-05,0.002531843471552664
2018-02-06,-0.010496423649786646
2018-02-07,-0.004705665583148111
2018-02-08,0.0015225774502147793
2018-02-09,-0.0016803225174144565
2018-02-12,0.004808897328354433
2018-02-14,0.02281241858738814
2018-02-15,0.001169844500285011
2018-02-16,-0.003271582663696204
2018-02-20,-0.013441710167313214
2018-02-21,-0.004594377467322497
2018-02-22,0.00509310338211777
2018-02-23,-0.0012668539845069882
2018-02-26,0.0024575674654649937
2018-02-27,-0.010438906498072442
2018-02-28,-0.0010388975966704184
2018-03-01,-0.0022399902343750444
2018-03-05,0.0036882543294611825
2018-03-06,0.010784458146907872
2018-03-07,-0.006401624645603676
2018-03-08,-0.0023862794212922145
2018-03-09,0.0009568071147663115
2018-03-12,0.0
2018-03-13,0.0019117242474055995
2018-03-14,-0.0006360457292979849
2018-03-15,-0.00636432332367276
2018-03-16,-0.0024019459414951205
2018-03-19,0.0021669685053569143
2018-03-20,-0.004484705499084418
2018-03-21,0.017456406089276788
2018-03-22,-0.003953194075975608
2018-03-23,0.012938539529958382
2018-03-26,0.005250357853935794
2018-03-27,-0.0061584106879088996
2018-03-28,-0.013804961458361409
2018-04-02,0.012168923394946463
2018-04-03,-0.007543604183229635
2018-04-04,0.0011876001018220617
2018-04-05,-0.005140323544257974
2018-04-06,0.004689954877408864
2018-04-09,0.0034021703240154633
2018-04-10,0.0023655815524346036
2018-04-11,0.007787899955785216
2018-04-12,-0.011630613197024076
2018-04-13,0.006555000660688037
2018-04-16,0.0014123209845886553
2018-04-17,0.0009402393572395251
2018-04-18,0.0007827669207129961
2018-04-19,-0.001955416527053
2018-04-20,-0.007601890535287592
2018-04-23,-0.00797594984397465
2018-04-24,0.004855919415812426
2018-04-25,-0.006496075996334616
2018-04-26,-0.0035085115107064135
2018-04-27,0.004241008034887361
2018-04-30,-0.007251025196090666
2018-05-02,-0.007544705350680303
2018-05-03,0.005095004008440096
2018-05-04,0.002092067418605348
2018-05-07,0.0002408766587147504
2018-05-08,0.00016052535213439967
2018-05-09,-0.0020868008225222168
2018-05-10,0.0068366320405603975
2018-05-11,-0.0014379318160805399
2018-05-14,-0.004080017089843846
2018-05-15,-0.01614583132241254
2018-05-16,-0.0015512935679184991
2018-05-17,0.0005724073456552237
2018-05-18,0.0004086552101045804
2018-05-21,0.0005718461950008358
2018-05-22,-0.0005715193738216051
2018-05-23,0.001061982268841355
2018-05-24,0.00856859323093273
2018-05-25,-0.003074660285441455
2018-05-29,-0.00016229724222882602
2018-05-30,0.001461160009810225
2018-05-31,-0.002188573125150861
2018-06-01,-0.004955325896935814
2018-06-04,-0.0009796319640802409
2018-06-05,0.003922495029546447
2018-06-06,0.0005697980927446
2018-06-07,-0.00048810250152542256
2018-06-08,0.0012209142530825723
2018-06-11,0.0017884823744613865
2018-06-12,-0.0033271415316106223
2018-06-13,0.003012561044629436
2018-06-14,0.0015422908372948463
2018-06-15,-0.01653429211330948
2018-06-18,-0.0018954650937899054
2018-06-19,-0.0025596363391254817
2018-06-20,-0.004470206141434896
2018-06-21,-0.001746208886931444
2018-06-22,0.0024156041546103957
2018-06-25,-0.0037393797734436296
2018-06-26,-0.0052547940330738285
2018-06-27,-0.005701830395735241
2018-06-28,-0.003035930214138949
2018-06-29,0.003637288959023266
2018-07-02,-0.010029518972628937
2018-07-03,0.01013112932642235
2018-07-05,0.003371272825408722
2018-07-06,-0.0015959885471286128
2018-07-09,0.0024398528860691826
2018-07-10,-0.001846422307055895
2018-07-11,-0.010846724226159843
2018-07-12,0.004165231777556677
2018-07-13,-0.004401901762097538
2018-07-16,-0.0005101399394813466
2018-07-17,-0.010803949293831439
2018-07-18,0.00025798744076199753
2018-07-19,-0.004298856594405098
2018-07-20,0.006476124823511453
2018-07-23,-0.004804371742649138
2018-07-24,0.0003448354786839136
2018-07-25,0.005515334234738045
2018-07-26,-0.0077991400388178755
2018-07-27,0.0005183138095206097
2018-07-30,-0.0015540041641224356
2018-07-31,0.002939873181190933
2018-08-01,-0.007328204929526794
2018-08-02,-0.005384772884042377
2018-08-03,0.003492853105171223
2018-08-06,-0.005133974480431958
2018-08-07,0.0022740706959853974
2018-08-08,0.002792628802213759
2018-08-09,-0.0014794690881723138
2018-08-10,-0.0004357279352805721
2018-08-13,-0.015084168803792819
2018-08-14,0.0009738014451408095
2018-08-16,-0.0174228462547108
2018-08-17,0.00927091623261167
2018-08-20,0.0049942495470025605
2018-08-21,0.002928336094692563
2018-08-23,-0.007255350550167572
2018-08-24,0.017468866017628537
2018-08-27,0.00376657902932398
2018-08-28,-0.007941321771505638
2018-08-29,0.00457421394854407
2018-08-30,-0.004903656511020427
2018-08-31,-0.0011439392301668683
2018-09-04,-0.005109698001402596
2018-09-05,0.0034534613352918964
2018-09-06,0.0019414156485668688
2018-09-07,-0.0027302937827557994
2018-09-10,-0.000706542689065337
2018-09-11,0.0006186451072049959
2018-09-12,0.008390716640166218
2018-09-14,-0.010072712133858297
2018-09-17,0.005220350246058381
2018-09-18,-0.0014963310274803687
2018-09-19,0.0038786565809445506
2018-09-21,-0.0034246522572403126
2018-09-24,-0.0001761974045536574
2018-09-25,0.0015863250483771907
2018-09-26,-0.005279352979018492
2018-09-27,-0.008845643281780058
2018-09-28,0.006336448595585686
2018-10-01,-0.001685016298392017
2018-10-03,0.007550843709917654
2018-10-04,0.0005290529796948551
2018-10-05,0.002819877382429281
2018-10-08,-0.011072074713894264
2018-10-09,0.0005331220730910857
2018-10-10,0.00248666770063255
2018-10-11,0.02569101343410174
2018-10-12,-0.004750349180877911
2018-10-15,0.006682258271583086
2018-10-16,-0.0017241116227776354
2018-10-17,-8.637423114732368e-05
2018-10-19,0.0019000018910408922
2018-10-22,-0.002586010225269497
2018-10-23,0.005876763551604158
2018-10-24,0.0023198236435848507
2018-10-25,-0.002228717024418514
2018-10-26,0.0031786521678458524
2018-10-29,-0.003939360261169922
2018-10-30,-0.0043847864976442885
2018-10-31,-0.005613139108367471
2018-11-01,0.012852763420992508
2018-11-02,0.00017151910256396619
2018-11-05,-0.0024003324100664303
2018-11-06,-0.002835798085983887
2018-11-07,-8.619558903444346e-05
2018-11-09,-0.01335857483987013
2018-11-12,-0.007162820324765118
2018-11-13,0.0003518677181439944
2018-11-14,0.008267391966898074
2018-11-15,0.0011339606953078007
2018-11-16,0.00740616997802257
2018-11-19,0.0004324115306661991
2018-11-20,0.0
2018-11-21,0.0016426250921930396
2018-11-26,-0.0018988539577434738
2018-11-27,-0.005966814640678719
2018-11-28,0.0037407596049729985
2018-11-29,0.0031201301691909933
2018-11-30,-0.0017279847238080848
2018-12-03,0.007529883500850154
2018-12-04,0.006099124320393612
2018-12-06,0.0001707363609755319
2018-12-07,0.00810992789134457
2018-12-10,-0.003471894702593792
2018-12-11,-0.001189661703648759
2018-12-12,0.0021269354947484054
2018-12-13,-0.002207336227265433
2018-12-14,-0.003998989411934772
2018-12-17,0.0069195729103175285
2018-12-18,0.0023754880187696337
2018-12-19,-0.006093958623821227
2018-12-20,0.015413416962360094
2018-12-21,-0.004360924625816276
2018-12-24,0.010950096100037499
2018-12-26,-0.002999441684935489
2018-12-27,0.007604847107346435
2018-12-28,0.00406401148718416
2018-12-31,0.0015694898830167503
2019-01-02,0.0006598089159148834
2019-01-03,0.009066170423806641
2019-01-04,-0.008086235900529481
2019-01-07,0.003458482876331992
2019-01-08,-0.00270804061547536
2019-01-09,0.006418158373500793
2019-01-10,-0.005886691481276629
2019-01-11,0.001727170986037141
2019-01-14,0.002380897199235621
2019-01-15,-0.0017200351443330542
2019-01-16,0.003199863787636481
2019-01-17,-0.001308546962521917
2019-01-18,-0.008926410300850951
2019-01-22,0.0035531343340227117
2019-01-23,-0.0013997379433263735
2019-01-24,-0.0015666428373899421
2019-01-25,0.01461726258147622
2019-01-28,0.0034999210730881636
2019-01-29,0.005596580714432919
2019-01-30,0.005726722578225596
2019-01-31,0.0004811737703025454
2019-02-01,-0.002004008016032066
2019-02-04,-0.004337356751223598
2019-02-05,0.002581475453272253
2019-02-06,-0.006758902044908699
2019-02-07,0.002430293392984062
2019-02-08,0.0037982966608791635
2019-02-11,-0.004911042708701019
2019-02-12,0.002103577179937588
2019-02-14,0.001614701657166595
2019-02-15,0.005964900110646321
2019-02-19,0.01522430969570121
2019-02-20,-0.0017363346220006237
2019-02-21,-0.01130613747012843
2019-02-22,0.0035985360836492397
2019-02-25,-0.0010358346885892544
2019-02-26,0.001675034536747333
2019-02-27,-0.0070871108191714605
2019-02-28,-0.005613959130088775
2019-03-01,-0.017017506627186707
2019-03-05,-0.0013127341345615662
2019-03-06,-0.0009037184460104486
2019-03-07,-0.0008222882461902392
2019-03-08,0.010945553273622899
2019-03-11,-0.004884390198699795
2019-03-12,0.006053709964792153
2019-03-13,0.006992949727453013
2019-03-14,-0.011547098821608426
2019-03-15,0.004574769560006908
2019-03-18,0.0005692420438265788
2019-03-19,0.002763299214570303
2019-03-20,0.006484057947534705
2019-03-22,-0.0016910861971056734
2019-03-25,0.007663119616744485
2019-03-26,-0.004963137418150021
2019-03-27,-0.005229296137734041
2019-03-28,-0.014152850613865509
2019-04-01,-0.0030352973088640933
2019-04-02,0.0037028271386223555
2019-04-03,-0.0014756542074284562
2019-04-04,0.002545135885276162
2019-04-05,-0.0010645913747292512
2019-04-08,0.004344964459018996
2019-04-09,0.0052240582686200465
2019-04-10,0.003085645543724258
2019-04-11,-0.012790430232882621
2019-04-12,-0.0009839698252592788
2019-04-15,-0.0018879040751598186
2019-04-16,-0.008963785785923162
2019-04-18,-0.0011617242317378818
2019-04-22,0.0
2019-04-23,-0.002076929420084306
2019-04-24,0.002913740144174559
2019-04-25,0.0008300695036758121
2019-04-26,0.006635175033447238
2019-04-30,-0.001400723362384837
2019-05-02,-0.010395994542590992
2019-05-03,0.005919618726200504
2019-05-06,0.001326117121354109
2019-05-07,0.003310996887363471
2019-05-08,-0.0024750055657883907
2019-05-09,0.002398422606480377
2019-05-10,0.0018977175142322888
2019-05-13,0.010211626950944686
2019-05-14,-0.001711902564663359
2019-05-15,-0.0005716127335255727
2019-05-16,-0.007190107507201948
2019-05-17,-0.007077611679961904
2019-05-20,-8.290208125960596e-05
2019-05-21,-0.002320944800343727
2019-05-22,-0.0009970317877493473
2019-05-23,0.007734533613594108
2019-05-24,0.0010729131367255285
2019-05-28,-0.0038747008151563955
2019-05-29,0.0003310511869667465
2019-05-30,0.0067841455794737104
2019-05-31,0.013476862164072179
2019-06-03,0.014432812396575123
2019-06-04,0.0003197259638094696
2019-06-06,0.005832966189681654
2019-06-07,0.0056402851919619135
2019-06-10,-0.00995334973762707
2019-06-11,-0.0011968524989020013
2019-06-12,0.00519253494403471
2019-06-13,0.006119340633088832
2019-06-14,-0.00031596300165448454
2019-06-17,-0.0006320654488251032
2019-06-18,0.005060083591572395
2019-06-19,0.006057242183996836
2019-06-20,0.025177896911959374
2019-06-21,0.006635612181659978
2019-06-24,0.014850786310930397
2019-06-25,0.0019411266395166216
2019-06-26,-0.009165393111099984
2019-06-27,-0.000977700846950591
2019-06-28,0.0027100317696175935
2019-07-01,-0.019369383559800002
2019-07-02,0.021359735486276676
2019-07-03,0.001649060899963084
2019-07-05,-0.011150231525253074
2019-07-08,-0.006432617734537516
2019-07-09,0.0035037454291328984
2019-07-10,0.015787490178783115
2019-07-11,-0.008443584154164463
2019-07-12,0.006254723814186791
2019-07-15,0.0
2019-07-16,-0.008462554430785363
2019-07-17,0.01646531748539748
2019-07-18,0.014117951186161548
2019-07-19,-0.014727392803034478
2019-07-22,-0.00014876383044060137
2019-07-23,-0.005652618252780628
2019-07-24,0.005086339018351538
2019-07-25,-0.007070008058076338
2019-07-26,0.001648937368628589
2019-07-29,0.006659678193005059
2019-07-30,0.003344956160896251
2019-07-31,-0.013112972808538625
2019-08-01,0.02402219643390402
2019-08-02,-0.0038120684590625675
2019-08-05,0.013981852270352535
2019-08-06,0.008128386897085838
2019-08-07,0.015189695160357397
2019-08-08,0.005034686098196239
2019-08-09,-0.0033161732510501585
2019-08-13,0.003681185704957457
2019-08-14,0.0068415942238304606
2019-08-16,0.000210149066878218
2019-08-19,-0.011696303286335752
2019-08-20,0.007795380191040424
2019-08-21,-0.003164420123660472
2019-08-22,-0.0025395077899371676
2019-08-23,0.019589847185487175
2019-08-26,0.00013875475282665306
2019-08-27,0.00957073902105865
2019-08-28,-0.002816539407023644
2019-08-29,-0.007164566813753437
2019-08-30,-0.0025672712303844714
2019-09-03,0.013913043478260834
2019-09-04,0.006243592878966586
2019-09-05,-0.024001119491110168
2019-09-06,-0.008523132778435305
2019-09-09,-0.0037344897557421985
2019-09-11,-0.0025461532774991857
2019-09-12,0.002056360685188219
2019-09-13,-0.008279177519783909
2019-09-16,0.008348294532203537
2019-09-17,0.0019813102518067005
2019-09-18,-0.006285306153149484
2019-09-19,0.004050828215713009
2019-09-20,0.011820485442912032
2019-09-23,0.005596383832365381
2019-09-24,0.005286918308423871
2019-09-25,-0.018545379403875573
2019-09-26,-0.0002820880237280887
2019-09-27,-0.005148429100112373
2019-09-30,-0.015525325955691782
2019-10-01,0.005472814807717441
2019-10-03,0.016257172056801217
2019-10-04,0.0
2019-10-07,-0.008527071931805796
2019-10-09,0.009666647144440654
2019-10-10,-0.008729359144837523
2019-10-11,-0.005539370732339566
2019-10-14,0.003999125640758994
2019-10-15,-0.006970593591764218
2019-10-16,0.0057302703836425994
2019-10-17,0.0014243781997433924
2019-10-18,-0.0010667370445437419
2019-10-22,-0.0018511302377670624
2019-10-23,0.0023537934253772264
2019-10-24,0.007115918371069618
2019-10-25,0.0023316740895991117
2019-10-29,-0.011349221792080533
2019-10-30,0.005490226541611021
2019-10-31,0.009998499224238566
2019-11-01,0.000912763389017579
2019-11-04,-0.002876007780098777
2019-11-05,-0.016180006273117664
2019-11-06,0.004290245395359271
2019-11-07,-0.015521486102876958
2019-11-08,-0.006364394703267995
2019-11-11,-0.002401934875323586
2019-11-13,0.006712375494914324
2019-11-14,0.004203521155341949
2019-11-15,-0.0025259154943226836
2019-11-18,0.0029664162029099383
2019-11-19,0.0005050304911609071
2019-11-20,0.0005046655432805469
2019-11-21,-0.005477043362080103
2019-11-22,-0.0018840181654777854
2019-11-25,-0.004791662812458131
2019-11-26,0.004814733391401704
2019-11-27,-0.005299919828770094
2019-11-29,0.006203971517371398
2019-12-02,-0.0005078146228696401
2019-12-03,0.00957984896245434
2019-12-04,-0.0013658431498282386
2019-12-05,0.0005758841931267078
2019-12-06,-0.009928092682104261
2019-12-09,-0.00029060665275248976
2019-12-10,0.0028347098739491816
2019-12-11,0.00688553265084435
2019-12-12,-0.003527249493396556
2019-12-13,0.004478873140076667
2019-12-16,-7.198680622300113e-05
2019-12-17,-0.00021575647831872935
2019-12-18,7.200752478642158e-05
2019-12-19,0.002589559770448613
2019-12-20,0.0010044438566789715
2019-12-23,0.003081942822633188
2019-12-24,0.009431992518777577
2019-12-26,0.007857298625196796
2019-12-27,-0.0003511943393945671
2019-12-30,0.0021077991140190377
2019-12-31,0.0018929327941459295
2020-01-02,0.0073478173310379535
2020-01-03,0.013268521727000326
2020-01-06,0.010489502076611812
2020-01-07,0.003935150508558971
2020-01-08,-0.007501524641443713
2020-01-09,-0.005651653463197515
2020-01-10,0.006026192495848015
2020-01-13,-0.007419483430124996
2020-01-14,-0.0008915435213457945
2020-01-15,0.005834242779070742
2020-01-16,-0.0015695082440052577
2020-01-17,0.0018454259925253513
2020-01-21,0.0010915790702048511
2020-01-22,0.0003406555206315609
2020-01-23,0.002248122121045526
2020-01-24,0.005845572586286041
2020-01-27,0.006825312844883635
2020-01-28,-0.008926785569624784
2020-01-29,0.005417872354848807
2020-01-30,6.732120695107646e-05
2020-01-31,0.005792420039608892
2020-02-03,-0.006495688802043542
2020-02-04,-0.01300895070524588
2020-02-05,0.0012293105482077404
2020-02-06,0.005388399719282511
2020-02-07,0.002645857569860688
2020-02-10,0.0025712490701368385
2020-02-11,-0.0034419552752806837
2020-02-12,-0.0008127480224853212
2020-02-13,0.00569345014846645
2020-02-14,0.004178427664004669
2020-02-18,0.012818816524224008
2020-02-19,0.005831221275388376
2020-02-20,0.004084659090851872
2020-02-24,0.024145348647453213
2020-02-25,-0.017874260693127697
2020-02-26,0.004370503298157802
2020-02-27,0.00019483522153040944
2020-02-28,-0.03649347478693177
2020-03-02,0.005526297603759334
2020-03-03,0.031434333360162325
2020-03-04,0.0017545277375516921
2020-03-05,0.021600945458936538
2020-03-06,0.00038096105467699815
2020-03-09,0.0016502348575044845
2020-03-11,-0.024586559424867094
2020-03-12,-0.0398882588306293
2020-03-13,-0.03051623730778741
2020-03-16,-0.011446115323986206
2020-03-17,0.0135554799295321
2020-03-18,-0.019921988429849713
2020-03-19,-0.018905499074657994
2020-03-20,0.014995707221804766
2020-03-23,0.044179590424960224
2020-03-24,0.048530353360380474
2020-03-25,-0.01368964099270864
2020-03-26,0.012822223412266576
2020-03-27,-0.006460489804721581
2020-03-30,0.004400644787818209
2020-03-31,-0.03184668568859872
2020-04-01,0.009456223354449733
2020-04-03,0.021411823443197697
2020-04-07,0.022207661481776997
2020-04-08,-0.008907968786563414
2020-04-09,0.026123560972308058
2020-04-13,0.017140343933811808
2020-04-15,0.002725992388472598
2020-04-16,-0.0008649946516461338
2020-04-17,-0.019417471147623044
2020-04-20,0.007126124562213176
2020-04-21,-0.006825274631933054
2020-04-22,0.019670860003665247
2020-04-23,0.00995486708021609
2020-04-24,-0.004285520778353313
2020-04-27,-0.006640444141094992
2020-04-28,-0.004456556273727319
2020-04-29,0.005533445721913166
2020-04-30,-0.018116569301821484
2020-05-04,0.00969769053235403
2020-05-05,0.004241037483481591
2020-05-06,-0.012855591040204617
2020-05-07,0.015350754880484763
2020-05-08,-0.006010293229887331
2020-05-11,-0.006233636774804485
2020-05-12,0.0038890673962401756
2020-05-13,0.00962264814750724
2020-05-14,0.008850059782004704
2020-05-15,0.0056438144895878395
2020-05-18,-0.007564144999551381
2020-05-19,0.00965020617044443
2020-05-20,0.0023742810342795018
2020-05-21,-0.0145763375976391
2020-05-22,0.005916836449104457
2020-05-26,-0.014214859559966153
2020-05-27,0.0018024320171106112
2020-05-28,0.003350344766475555
2020-05-29,0.0073584122707384125
2020-06-01,0.004603768848692402
2020-06-02,-0.0064768271714218395
2020-06-03,-0.01845018380928054
2020-06-04,0.010526269495827023
2020-06-05,-0.02027532426346157
2020-06-08,0.010822142733466267
2020-06-09,0.00964183116931494
2020-06-10,0.014324773012967418
2020-06-11,-0.007214084989501601
2020-06-12,0.0014163170663434865
2020-06-15,-0.0017832572551969017
2020-06-16,-0.0004928345355281749
2020-06-17,0.0019106166939522051
2020-06-18,-0.001968455156468263
2020-06-19,0.011032995719469696
2020-06-22,0.006462217682632332
2020-06-23,0.008419646377624934
2020-06-24,-0.0034839130582626776
2020-06-25,-0.0006027175913517757
2020-06-26,0.004463149702982783
2020-06-29,0.0005404803669293301
2020-06-30,0.004440918278166173
2020-07-01,-0.004481089931769877
2020-07-02,0.0021606086958432247
2020-07-06,0.005988741319838731
2020-07-07,0.006310260659329048
2020-07-08,0.006211565862881185
2020-07-09,-0.0027044004055614135
2020-07-10,-0.0025938951172596036
2020-07-13,0.0012411575864292868
2020-07-14,0.004663568910189042
2020-07-15,0.0008813320073604025
2020-07-16,-0.009451688651900159
2020-07-17,0.008238009985450212
2020-07-20,0.004820170160796611
2020-07-21,0.012050997596656066
2020-07-22,0.015202340363078104
2020-07-23,0.008825301770064575
2020-07-24,0.008578870839228259
2020-07-27,0.019753770786684832
2020-07-28,0.008341131032750582
2020-07-29,0.0075102306547618625
2020-07-30,-0.007400261112961215
2020-07-31,0.009087931099623692
2020-08-03,0.0011325390830079218
2020-08-04,0.021277725496817057
2020-08-05,0.009283241730160707
2020-08-06,0.01327406953286836
2020-08-07,-0.01588530528005727
2020-08-10,-0.003458957447482147
2020-08-11,-0.05369440853432983
2020-08-12,-0.004668202325739945
2020-08-13,0.023618065792215592
2020-08-14,-0.0043092158240957135
2020-08-17,0.02169391289315903
2020-08-18,0.009008003623491856
2020-08-19,-0.0315654554884125
2020-08-20,0.006913929262821306
2020-08-21,-0.008010905834894388
2020-08-24,-0.005658401286623649
2020-08-25,0.0012154763574758753
2020-08-26,0.011808847672626355
2020-08-27,-0.011561927956646123
2020-08-28,0.017380235053033877
2020-08-31,0.002386259791001155
2020-09-01,0.0011902895553947967
2020-09-02,-0.013131628719242117
2020-09-03,-0.00810423703378893
2020-09-04,0.0027602959130217375
2020-09-08,-0.0019269219593246456
2020-09-09,0.00970825655471863
2020-09-10,-0.0032231430104036063
2020-09-11,-5.486005292487661e-05
2020-09-14,0.007892586821005798
2020-09-15,-0.0023927480714920346
2020-09-16,0.0028345831622316187
2020-09-17,-0.005489995652194879
2020-09-18,0.0013117087099276947
2020-09-21,-0.020087296599797022
2020-09-22,-0.004846314367596194
2020-09-23,-0.021606497297661065
2020-09-24,0.003718800733685912
2020-09-25,-0.0028499771605223767
2020-09-28,0.01006056066236427
2020-09-29,0.008432402483858015
2020-09-30,-0.006004867330144381
2020-10-01,0.008920516455577454
2020-10-05,0.003973176978133042
2020-10-06,-0.011760774579356315
2020-10-07,-0.0004512229536247636
2020-10-08,0.0035549310375408982
2020-10-09,0.018161347296547614
2020-10-12,-0.002871682500567352
2020-10-13,-0.015728823528417535
2020-10-14,0.003094772946095059
2020-10-15,0.003646120384284801
2020-10-16,-0.0034652086045857677
2020-10-19,0.0005047466985432791
2020-10-20,0.0048209014703402
2020-10-21,0.007531414803434222
2020-10-22,-0.009800687777642647
2020-10-23,-0.001062475196895396
2020-10-26,-0.0005037860400700644
2020-10-27,0.0026323226696718383
2020-10-28,-0.01614344386479838
2020-10-29,-0.004144728133141373
2020-10-30,0.004561020978312902
2020-11-02,0.009704919089013941
2020-11-03,0.005676996717700833
2020-11-04,-0.0005588578456844351
2020-11-05,0.022983923404670703
2020-11-06,0.0014213621387162423
2020-11-09,-0.04427097823171633
2020-11-10,0.0033127817282887495
2020-11-11,-0.004326595410341194
2020-11-12,0.006060679556170845
2020-11-13,0.006819714153532219
2020-11-17,-0.0037254665187756997
2020-11-18,-0.005722348480656891
2020-11-19,-0.0018804594035273237
2020-11-20,0.0030257979459697992
2020-11-23,-0.0196938167555728
2020-11-24,-0.015328336846880064
2020-11-25,-0.0004717367343725076
2020-11-27,-0.010146901518740647
2020-12-01,0.014243992402888761
2020-12-02,0.00752153069206285
2020-12-03,0.007873502810363364
2020-12-04,-0.002835427586930339
2020-12-07,0.014914066598165077
2020-12-08,0.003487910186290799
2020-12-09,-0.017094017094017144
2020-12-10,-0.001913054093070632
2020-12-11,0.0018586706605219216
2020-12-14,-0.005507636250083436
2020-12-15,0.013990959829817351
2020-12-16,0.005519095329445722
2020-12-17,0.010520363984510617
2020-12-18,-0.0016974258370123785
2020-12-21,-0.003173869592184575
2020-12-22,-0.007903112071065643
2020-12-23,0.00664787877129025
2020-12-24,0.003985267471422693
2020-12-28,-0.003629142996869339
2020-12-29,0.003642361648136694
2020-12-30,0.007655178894261816
2020-12-31,0.003714145601823482
2021-01-04,0.022258360658879317
2021-01-05,0.0029616260665272787
2021-01-06,-0.01624105266038789
2021-01-07,-0.00233462025122122
2021-01-08,-0.03420993723985433
2021-01-11,-0.0019614419353504164
2021-01-12,0.006473960214956609
2021-01-13,-0.004307374345463466
2021-01-14,-0.0005190998467168306
2021-01-15,-0.012407628760563338
2021-01-19,0.00847307255811236
2021-01-20,0.016282289539807593
2021-01-21,-0.0006271772092728556
2021-01-22,-0.007873145210082533
2021-01-25,0.0008626173693986328
2021-01-27,-0.008790570252629637
2021-01-28,0.0009273614616172043
2021-01-29,-0.0004053281700162614
2021-02-01,0.009385291185094458
2021-02-02,-0.012167796413785958
2021-02-03,-0.0015106298641213156
2021-02-04,-0.021530474690833024
2021-02-05,0.009872160109213546
2021-02-08,0.010070118005137685
2021-02-09,0.0032649110578624185
2021-02-10,0.0036611162023989507
2021-02-11,-0.008685078696598514
2021-02-12,-0.0030372306060941767
2021-02-16,-0.014353488272303538
2021-02-17,-0.011352850687983307
2021-02-18,-6.0088418961767864e-05
2021-02-19,0.004148551901348441
2021-02-22,0.014969164015496528
2021-02-23,-0.0023007456922117253
2021-02-24,-0.0007095264939214196
2021-02-25,-0.018816524708764826
2021-02-26,-0.024182906697045592
2021-03-01,-0.0017304170540851649
2021-03-02,0.005447934683729505
2021-03-03,-0.011021541189334294
2021-03-04,-0.009836893780889033
2021-03-05,0.0006288110395962221
2021-03-08,-0.010368190918767173
2021-03-09,0.02127113294736649
2021-03-10,0.005098279923459348
2021-03-12,-0.0010515784058784394
2021-03-15,0.004396503999798185
2021-03-16,0.0009248406787658592
2021-03-17,0.00714498527693741
2021-03-18,-0.005810023730399405
2021-03-19,0.004183119739068708
2021-03-22,-0.0014702614866924923
2021-03-23,-0.007300628474884996
2021-03-24,0.0034608341081703298
2021-03-25,-0.003633653726877295
2021-03-26,0.0028434090575977233
2021-03-30,-0.028784504504606234
2021-03-31,0.015167857324082767
2021-04-01,0.012628087827510459
2021-04-05,-0.0003704010382533651
2021-04-06,0.00802867506459215
2021-04-07,-0.002818323186048577
2021-04-08,0.01075202788807239
2021-04-09,-0.00753747660190629
2021-04-12,-0.006063609158189043
2021-04-13,0.007086479573175097
2021-04-15,0.01174823174313766
2021-04-16,0.006047777218550321
2021-04-19,-0.0027652942409929215
2021-04-20,0.0035565515706876827
2021-04-22,0.003363752840973344
2021-04-23,-0.003831414124593202
2021-04-26,0.002644245538133694
2021-04-27,-0.002517371003141977
2021-04-28,0.002944390689552989
2021-04-29,-0.004133978948338446
2021-04-30,-0.0033690142851713345
2021-05-03,0.012978352341882271
2021-05-04,-0.007329692780131181
2021-05-05,0.004142168530566259
2021-05-06,0.01667957921247054
2021-05-07,0.00899681760120985
2021-05-10,0.0030305045955998366
2021-05-11,0.000174300035968189
2021-05-12,-0.009933813872024522
2021-05-14,0.013260634059430787
2021-05-17,0.011639321781340195
2021-05-18,0.001946172546249958
2021-05-19,0.000685616890880425
2021-05-20,0.004567270124640199
2021-05-21,0.0004545724551812125
2021-05-24,0.001761036294059215
2021-05-25,0.009072814229376336
2021-05-26,-0.0017420486873281904
2021-05-27,0.00039409662496781017
2021-05-28,0.003770176937892389
2021-06-01,-0.0026909461441234628
2021-06-02,0.004890446350902078
2021-06-03,-0.019578228541437537
2021-06-04,0.010783359066451448
2021-06-07,0.0040076283608136976
2021-06-08,-0.0030920774052216604
2021-06-09,-0.0019175027218333307
2021-06-10,0.004294325821970535
2021-06-11,-0.011252390785353672
2021-06-14,-0.005860923791407013
2021-06-15,-0.0037777095572453234
2021-06-16,-0.016891711518855712
2021-06-17,-0.030740427140865334
2021-06-18,-0.005547261946798776
2021-06-21,0.012247646651096789
2021-06-22,-0.0041928539145718036
2021-06-23,-0.0006616578066259704
2021-06-24,-0.0006019387497473438
2021-06-25,0.0033124733437563947
2021-06-28,-5.999463986816611e-05
2021-06-29,-0.010505462725200698
2021-06-30,0.004853503869870712
2021-07-01,0.0034413575356286863
2021-07-02,0.006558341503640763
2021-07-06,0.004961455343207799
2021-07-07,0.003806801143447114
2021-07-08,-0.0006518168637834609
2021-07-09,0.003320562334123478
2021-07-12,-0.001241101031467462
2021-07-13,0.001301782371024407
2021-07-14,0.010755182911599048
2021-07-15,0.00017547964957964624
2021-07-16,-0.00970365108457183
2021-07-19,0.0011805498135817327
2021-07-20,-0.001297100524211059
2021-07-22,-0.001771078888002764
2021-07-23,-0.0031344183025339145
2021-07-26,-0.0023730060647713103
2021-07-27,0.0016650735799190741
2021-07-28,0.005046252863966982
2021-07-29,0.011105233370970247
2021-07-30,-0.007886842666167015
2021-08-02,-0.0012366429443513294
2021-08-03,-0.0007074766626713469
2021-08-04,0.0002359625041987723
2021-08-05,-0.0039520921003340925
2021-08-06,-0.024991124040327772
2021-08-09,-0.017735654639032372
2021-08-10,0.00030919522248562537
2021-08-11,0.01378497662510525
2021-08-12,0.0002438615008097944
2021-08-13,0.014325811995228088
2021-08-16,0.004988291568599701
2021-08-17,-0.0014950364679763295
2021-08-18,0.0007786122169375354
2021-08-20,-0.002393830883678394
2021-08-23,0.012177557387281546
2021-08-24,-0.00047414113127741686
2021-08-25,-0.006937433805443538
2021-08-26,0.0011344784228162208
2021-08-27,0.015029547921398434
2021-08-30,-0.0049356385559711224
2021-08-31,0.0020076547129428413
2021-09-01,5.8898619200498104e-05
2021-09-02,-0.0026517204262498373
2021-09-03,0.01069422486613747
2021-09-07,-0.01958371853465668
2021-09-08,-0.0025044029033459703
2021-09-09,0.004423489287242344
2021-09-13,-0.001725842339103445
2021-09-14,0.006438546534438316
2021-09-15,-0.005864266379652205
2021-09-16,-0.02264197706190263
2021-09-17,-0.0015850424237688898
2021-09-20,0.0071441542310690664
2021-09-21,0.006669036185550814
2021-09-22,-0.0037340107339023376
2021-09-23,-0.011546389089901132
2021-09-24,-0.00128427290155253
2021-09-27,0.00208203509820426
2021-09-28,-0.009716428402719801
2021-09-29,-0.004504756024632184
2021-09-30,0.01797665363761114
2021-10-01,0.0022530453929923144
2021-10-04,0.0046783175745395145
2021-10-05,-0.004656532835140448
2021-10-06,0.0026733243283083574
2021-10-07,-0.005271739220885419
2021-10-08,0.00042636491147840516
2021-10-11,-0.0018875818465466931
2021-10-12,0.004514430828637339
2021-10-13,0.017794197805277356
2021-10-14,0.0024464685904206362
2021-10-18,-0.01833334423246835
2021-10-19,0.003213671993580469
2021-10-20,0.008763958748792211
2021-10-21,-0.0008987052245035265
2021-10-22,0.006116967151190034
2021-10-25,0.006914158513320778
2021-10-26,-0.00739951491266011
2021-10-27,0.002624060476058121
2021-10-28,-0.00023788536339730548
2021-10-29,-0.008507900517562339
2021-11-01,0.005220584505493342
2021-11-02,-0.0021490007233168074
2021-11-03,-0.008315382622616663
2021-11-04,0.011340951773961994
2021-11-08,0.016701480189057927
2021-11-09,0.0049281100201232775
2021-11-10,0.010858781500706183
2021-11-11,0.005602086369596027
2021-11-12,0.0018952552280546708
2021-11-15,-0.0015477459282561279
2021-11-16,-0.007233864736584827
2021-11-17,0.009137183945092442
2021-11-18,-0.0032091550635745536
2021-11-22,-0.02989534825373974
2021-11-23,-0.008652404091134991
2021-11-24,-0.0009565020521100642
2021-11-26,-0.001615539860939763
2021-11-29,-0.0013785494630753625
2021-11-30,-0.006721853018899604
2021-12-01,0.003987937535404162
2021-12-02,-0.005536820827328315
2021-12-03,0.008412002804647267
2021-12-06,-0.002460563224478851
2021-12-07,0.003549490636251651
2021-12-08,0.0005395140531609943
2021-12-09,-0.006111378376110088
2021-12-10,0.004219899491422874
2021-12-13,0.00252130006200435
2021-12-14,-0.009341302746070368
2021-12-15,0.004291534360497673
2021-12-16,0.012097561477355745
2021-12-17,-0.002140821851282393
2021-12-20,-0.0042312675861405635
2021-12-21,-0.0004188884251822289
2021-12-22,0.009400024100517657
2021-12-23,0.0022540179789249937
2021-12-27,0.002367247994286892
2021-12-28,-0.004310065233419702
2021-12-29,-0.0002965076609273698
2021-12-30,0.0071772153754725565
2021-12-31,0.00683158799329231
2022-01-03,-0.015383743445999576
2022-01-04,0.007366515057776857
2022-01-05,-0.00300766493835114
2022-01-06,-0.012244126909514819
2022-01-07,0.004551137683908024
2022-01-10,0.0030402057039400354
2022-01-11,0.0120646549718888
2022-01-12,0.002642622730480104
2022-01-13,-0.0033969884760131075
2022-01-14,-0.0028796749096049457
2022-01-18,-0.001650255097062403
2022-01-19,0.015880526897095182
2022-01-20,-0.0024988838330701757
2022-01-21,-0.0032624385581478954
2022-01-24,0.005494198734739664
2022-01-25,0.0031971345443269072
2022-01-27,-0.02885615757736626
2022-01-28,-0.0029832934474428585
2022-01-31,0.005924537392067553
2022-02-01,0.0008328835308379912
2022-02-02,0.0036259919505645666
2022-02-03,-0.0014214062993387344
2022-02-04,0.0015420788696549614
2022-02-07,0.007402581993851909
2022-02-08,0.003056870675416823
2022-02-09,0.0033991784238243117
2022-02-10,-0.0037965605384254753
2022-02-11,0.019054878321533186
2022-02-14,0.005350715998122091
2022-02-15,-0.009499848975192515
2022-02-16,0.010284254451501385
2022-02-17,0.013668073780773726
2022-02-18,-0.0007334549100845855
2022-02-22,0.0020890378623359407
2022-02-23,0.0045072272703239324
2022-02-24,-0.006450131470019049
2022-02-25,-0.003330678220184624
2022-02-28,0.010365345791119474
2022-03-02,0.007568061485441868
2022-03-03,0.005953415398956663
2022-03-04,0.015929145881701023
2022-03-07,0.014862865283030047
2022-03-08,0.027358997610294145
2022-03-09,-0.029711176156991925
2022-03-10,0.0031212277978962533
2022-03-11,-0.007027884128157469
2022-03-14,-0.01507371193113849
2022-03-15,-0.01870545038411886
2022-03-16,0.006260803404375848
2022-03-17,0.004888644573449508
2022-03-21,-0.0012162154980676076
2022-03-22,-0.007250775291250955
2022-03-23,0.013659661796972422
2022-03-24,0.007260367097212672
2022-03-25,-0.004095451209537915
2022-03-28,-0.018203790082975457
2022-03-29,0.00044678784846130526
2022-03-30,0.008038419372069505
2022-03-31,0.00038759588392967004
2022-04-01,-0.006365867342034703
2022-04-04,0.004846769455083555
2022-04-05,-0.006264842571455875
2022-04-06,0.002343216670796844
2022-04-07,0.003784886240234986
2022-04-08,0.006265969312183373
2022-04-11,0.004959463770487282
2022-04-12,0.007676751619003053
2022-04-13,0.004788537865617837
2022-04-18,-0.0002165896964787528
2022-04-19,-0.015112904376299419
2022-04-20,0.004894947496407287
2022-04-21,-0.0035576001936850066
2022-04-22,-0.0097220932450649
2022-04-25,-0.017970993150090764
2022-04-26,0.001525017044941901
2022-04-27,-0.00755702425744631
2022-04-28,0.005398323510093839
2022-04-29,-0.00011297696546286318
2022-05-02,-0.018540493535693647
2022-05-04,0.012497829337791533
2022-05-05,-0.003811138551277793
2022-05-06,0.0016558743678838361
2022-05-09,-0.014479496708730832
2022-05-10,-0.008445202872691127
2022-05-11,0.008167128516088473
2022-05-12,-0.015333925720196762
2022-05-13,-0.00810956630229509
2022-05-16,0.009538483763206873
2022-05-17,-0.006279296383541522
2022-05-18,0.0005314848929158789
2022-05-19,0.014697234801531733
2022-05-20,0.0006980112537449124
2022-05-23,0.004650369455528214
2022-05-24,0.007521859850632806
2022-05-25,-0.006029994959596108
2022-05-26,-0.0018488983177334939
2022-05-27,0.00052102106703944
2022-05-31,-0.009893009276743081
2022-06-01,0.006369033199590923
2022-06-02,0.012309182073779512
2022-06-03,-0.010152017266979896
2022-06-06,-0.0044037229040009285
2022-06-07,0.006518420844169315
2022-06-08,-0.0009251975242893229
2022-06-09,-0.0031832564859568535
2022-06-10,0.013412283666592417
2022-06-13,-0.026412288230091452
2022-06-14,-0.008003209616781914
2022-06-15,0.013050939388113303
2022-06-16,0.011243181594596585
2022-06-17,-0.008222816311715064
2022-06-21,-0.0037367862070599722
2022-06-22,0.003985188163408093
2022-06-23,-0.006129257292171064
2022-06-24,-0.0009984622015154487
2022-06-27,-0.0011170700540719114
2022-06-28,-0.0016480211262837052
2022-06-29,-0.0007663579045243951
2022-06-30,-0.006077047294322124
2022-07-01,-0.0008310541616338707
2022-07-05,-0.02120964335120412
2022-07-06,-0.015842188833696924
2022-07-07,0.000555053276362516
2022-07-08,0.0004315313201161963
2022-07-11,-0.005360507452973451
2022-07-12,-0.0037167247224720867
2022-07-13,0.004787690503602615
2022-07-14,-0.014047055610919013
2022-07-15,-0.0020084561635671516
2022-07-18,0.0009433945063559435
2022-07-19,0.0023874693093759447
2022-07-20,-0.009402031234323593
2022-07-21,0.014110421925231709
2022-07-22,0.00249575020790771
2022-07-25,-0.0027385476219622396
2022-07-26,-0.0011858106875901608
2022-07-27,0.010184984698782484
2022-07-28,0.012185323455280006
2022-07-29,0.0028110896821249565
2022-08-01,0.0056672312077465925
2022-08-02,-0.005938288400823777
2022-08-03,0.002438243761313297
2022-08-04,0.016539989487255546
2022-08-05,-0.011246066300201418
2022-08-08,0.008470017618367853
2022-08-10,0.0005399024330943192
2022-08-11,-0.0026382206776995876
2022-08-12,0.00919802099904432
2022-08-16,-0.014594609039762507
2022-08-17,-0.006468335614034371
2022-08-18,-0.0026164156896926194
2022-08-19,-0.007320625681104476
2022-08-22,-0.006637179344595956
2022-08-23,0.0069908740848763085
2022-08-24,0.0029489200401788818
2022-08-25,0.003062787136294043
2022-08-26,-0.012152705301765265
2022-08-29,0.0006182375550920494
2022-08-30,-0.008340578885610683
2022-09-01,-0.016447570120227017
2022-09-02,0.008804709144487166
2022-09-06,-0.0058394619355668365
2022-09-07,0.010168638866495439
2022-09-08,-0.006002292729855863
2022-09-09,0.005283756568463582
2022-09-12,0.005068186218703863
2022-09-13,-0.01301133993119441
2022-09-14,-0.003847613448870524
2022-09-15,-0.018679143196684067
2022-09-16,0.005549107201315628
2022-09-19,0.0007700871329356929
2022-09-20,-0.005706587274526553
2022-09-21,0.004642973675810236
2022-09-22,-0.0005776772692025478
2022-09-23,-0.01727683040546535
2022-09-26,-0.011633219026207842
2022-09-27,0.002049841746687875
2022-09-28,0.02078665233491006
2022-09-29,-0.00019392836526865853
2022-09-30,6.462244018679009e-05
2022-10-03,0.024309785681440932
2022-10-04,0.014328122056449066
2022-10-06,-0.006658320384251848
2022-10-07,-0.010962851258976669
2022-10-10,-0.015201476317757034
2022-10-11,-0.002058091550185215
2022-10-12,0.00534932850905423
2022-10-13,-0.006923532232980256
2022-10-14,-0.012458897998479546
2022-10-17,0.0028762090057179446
2022-10-18,0.0021509701146735782
2022-10-19,-0.013398358104674823
2022-10-20,-0.0015822103586343728
2022-10-21,0.017827646105301076
2022-10-24,-0.003243594030472474
2022-10-25,0.002277944142005106
2022-10-27,0.004805230475091404
2022-10-28,-0.010210687443231947
2022-10-31,-0.008161399648159207
2022-11-01,0.010203429757038585
2022-11-02,-0.006972548399621914
2022-11-03,-0.003806036048150885
2022-11-04,0.030696289684813083
2022-11-07,-0.003962389674382338
2022-11-09,0.017965913912823206
2022-11-10,0.030444387121793204
2022-11-11,0.006606324071935177
2022-11-14,0.002187655661719301
2022-11-15,0.0035168677995043307
2022-11-16,-0.0022961020109516506
2022-11-17,-0.007267423593311895
2022-11-18,-0.006893636502166456
2022-11-21,-0.005589952950737276
2022-11-22,0.00117372396636517
2022-11-23,0.006231840940288613
2022-11-25,0.000858470616118101
2022-11-28,-0.007903495498554403
2022-11-29,0.004940425418036076
2022-11-30,0.012781920270785507
2022-12-01,0.01838479961277617
2022-12-02,-0.0034556830535615868
2022-12-05,-0.017158885635801036
2022-12-06,0.0027373742314797944
2022-12-07,0.009039101712364994
2022-12-08,0.0008416965556858891
2022-12-09,0.003544160110315664
2022-12-12,-0.008260534556326027
2022-12-13,0.017081132038632596
2022-12-14,-0.0024330212847030186
2022-12-15,-0.01635930934057528
2022-12-16,0.008708721678036602
2022-12-19,-0.0028178306902848504
2022-12-20,0.016594482836064905
2022-12-21,-0.0016560135809358112
2022-12-22,-0.012085358459954287
2022-12-23,0.002998321039039853
2022-12-27,0.008430011409881644
2022-12-28,-0.004505807286929064
2022-12-29,0.005598251568726287
2022-12-30,0.0046786689817972515
2023-01-03,0.008370656531798915
2023-01-04,0.0094119059589024
2023-01-05,-0.012451461859522062
2023-01-06,0.01870749684189077
2023-01-09,0.0022451175785793698
2023-01-10,0.0036760446135073455
2023-01-11,-0.000686793935011365
2023-01-12,0.011568000967502767
2023-01-13,0.012001783992939385
2023-01-17,-0.00654507834469964
2023-01-18,-0.0028717524486322477
2023-01-19,0.015868520044824974
2023-01-20,-0.003335405556458948
2023-01-23,0.0018964337632443318
2023-01-24,0.003618515163479552
2023-01-25,0.004603959599926544
2023-01-27,-0.010435643439230424
2023-01-30,-0.002566715270248765
2023-01-31,0.0036362115419990015
2023-02-01,0.012596814339808304
2023-02-02,-0.02075193653580043
2023-02-03,-0.024957770292002968
2023-02-06,0.0020754098721176284
2023-02-07,0.000920425708082595
2023-02-08,0.002471594120761589
2023-02-09,-0.007912418174625069
2023-02-10,0.0019071943211166342
2023-02-13,-0.005076170279846859
2023-02-14,0.0007537389032514774
2023-02-15,-0.00996466725346834
2023-02-16,-0.0008192368783922488
2023-02-17,0.002986790669610162
2023-02-21,-0.003737004613899475
2023-02-22,-0.005626488586046308
2023-02-23,-0.0005304511136865475
2023-02-24,-0.00719467575637045
2023-02-27,0.003920334893926292
2023-02-28,0.00455596886271592
2023-03-01,0.005772150633673867
2023-03-02,-0.0005855636445488699
2023-03-03,0.010723085619275707
2023-03-06,-0.005043830646819902
2023-03-08,-0.017946637447178393
2023-03-09,0.009849316056938173
2023-03-10,0.021562856843419187
2023-03-13,0.022948211912439564
2023-03-14,-0.005791064746217711
2023-03-15,0.007804133170404848
2023-03-16,0.002020092008242713
2023-03-17,0.02912021467749004
2023-03-20,0.0003808677357699519
2023-03-21,-0.018875115806276654
2023-03-22,0.01702060989813825
2023-03-23,0.01253817608562513
2023-03-24,-0.011252350246951037
2023-03-27,-0.009256722051406263
2023-03-28,0.008189093257242153
2023-03-29,-0.00496077000653139
2023-03-31,0.003780213915634434
2023-04-03,0.007204410308019105
2023-04-05,0.017828160098720014
2023-04-06,-0.00713409106547247
2023-04-10,-0.007399886547073464
2023-04-11,0.006320556237305208
2023-04-12,0.004885138866613126
2023-04-13,0.013515672558895409
2023-04-17,-0.022085190883653794
2023-04-18,0.003880780603893852
2023-04-19,-0.004778520212877502
2023-04-20,0.003938259199047112
2023-04-21,-0.009887669268098143
2023-04-24,0.003039335460481629
2023-04-25,0.005086318131183543
2023-04-26,-0.0054373863086724095
2023-04-27,5.410039265307809e-05
2023-04-28,0.0002706525128974846
2023-05-02,0.014718621081090344
2023-05-03,0.008479075840785333
2023-05-04,0.00703295344911492
2023-05-05,-0.015647950479605433
2023-05-08,0.0012269055761324754
2023-05-09,0.007086162362163861
2023-05-10,-0.001428442843921296
2023-05-11,-0.008582755587748347
2023-05-12,-0.0017100802429794726
2023-05-15,0.0021412620336231925
2023-05-16,-0.0124993937971285
2023-05-17,-0.0034618889303413836
2023-05-18,-0.012972911279784172
2023-05-19,0.0098988291245512
2023-05-22,-0.002341497915543389
2023-05-23,0.001200731149241463
2023-05-24,-0.008068450017086337
2023-05-25,-0.009618027091793824
2023-05-26,0.003995567330169925
2023-05-30,0.006190554546333882
2023-05-31,0.0015382006614657051
2023-06-01,0.007898130346476018
2023-06-02,-0.014747450675273499
2023-06-05,0.006020416015011243
2023-06-06,0.0010980396887692034
2023-06-07,-0.012010543410059138
2023-06-08,0.013211240429905624
2023-06-09,-0.0026845203333208945
2023-06-12,-0.0008788640365902101
2023-06-13,-0.007367558613950331
2023-06-14,0.0005539277015322863
2023-06-15,0.007030581691497062
2023-06-16,-0.0015392159510750902
2023-06-20,-0.010350739592973501
2023-06-21,-0.0014464228474878604
2023-06-22,-0.009916979914319946
2023-06-23,0.0027572461643308177
2023-06-26,0.0017396047357047806
2023-06-27,-0.004593535884055422
2023-06-28,-0.002307409851291853
2023-06-30,0.005584417305849465
2023-07-03,0.0011218766110339118
2023-07-05,-0.00353003237800964
2023-07-06,-0.002980200124891419
2023-07-07,0.007500997402107412
2023-07-10,0.0007836956455820054
2023-07-11,0.0037476125602418087
2023-07-12,0.013541420874312982
2023-07-13,0.0007146999149640898
2023-07-14,-0.0031866482531698326
2023-07-17,0.0007165567329587841
2023-07-18,0.011456278139590825
2023-07-19,0.00016335645500209495
2023-07-20,-0.005063389149303488
2023-07-21,-0.0030645332195953223
2023-07-24,-0.004281473326684049
2023-07-25,0.005567859975790901
2023-07-26,0.0048791150253857385
2023-07-27,-0.01571197400361901
2023-07-28,0.007981390400291666
2023-07-31,0.0026944104889448095
2023-08-01,-0.010364679607279492
2023-08-02,-0.004765602229612864
2023-08-03,-0.0003341470787491252
2023-08-04,0.003620414278603157
2023-08-07,-0.0022753962847783527
2023-08-08,-0.006341080194621318
2023-08-09,-0.00475820704444585
2023-08-10,-0.0010686044760203073
2023-08-11,0.0
2023-08-14,-0.003040588549344525
2023-08-16,-0.008415171438607594
2023-08-17,-0.0015378724223797935
2023-08-18,0.00017112823031739666
2023-08-21,0.002737670236275802
2023-08-22,0.0016495566176504273
2023-08-23,0.01016464068195777
2023-08-24,-0.00022482031744353037
2023-08-25,-0.0012932863561120334
2023-08-28,0.0028713533365909427
2023-08-29,0.009768091768254772
2023-08-30,0.0025018747942815445
2023-08-31,-0.0016637258183913595
2023-09-01,0.0004999240959600026
2023-09-05,-0.008161685723844458
2023-09-06,-0.004534245193468567
2023-09-07,0.0010684498647577367
2023-09-08,0.0003370270596214642
2023-09-11,0.001853109993606994
2023-09-12,-0.005156651253074851
2023-09-13,-0.0023100098564432514
2023-09-14,0.0005082241752882855
2023-09-15,0.006603816566220333
2023-09-18,0.005887647601878543
2023-09-20,-0.00022294044410997582
2023-09-21,-0.007248413758109917
2023-09-22,0.0032013033173832195
2023-09-25,-0.005150588926742139
2023-09-26,-0.007990985893820302
2023-09-27,-0.012366647894697436
2023-09-28,-0.004997187509914736
2023-09-29,-0.01027534966921384
2023-10-03,-0.013356624828778085
2023-10-04,-0.00011825651470720455
2023-10-05,-0.0018327868021307259
2023-10-06,0.005153083621109555
2023-10-09,0.01838544744893622
2023-10-10,-0.0016780958953311886
2023-10-11,0.007303045938392039
2023-10-12,-0.0030496507265770356
2023-10-13,0.03214825984540237
2023-10-16,-0.004864928190345896
2023-10-17,0.001854273768354009
2023-10-18,0.014470816805260078
2023-10-19,0.012274016037125302
2023-10-20,0.0027308974274993236
2023-10-23,-0.0033770637265357895
2023-10-25,0.004099032600952679
2023-10-26,0.0015784524505004782
2023-10-27,0.011629799758344106
2023-10-30,-0.005640547017974562
2023-10-31,-0.005456562573315615
2023-11-01,-0.003150642851826535
2023-11-02,0.0033240729584833595
2023-11-03,0.003638921283475316
2023-11-06,-0.007792560392528958
2023-11-07,-0.0041451308444235835
2023-11-08,-0.00996764391222027
2023-11-09,0.003982968433291267
2023-11-10,-0.010909752197912237
2023-11-13,0.005570720464602719
2023-11-15,0.0062600682355553605
2023-11-16,0.011286077178189302
2023-11-17,-0.00010890234740634774
2023-11-20,-0.0016333808174913145
2023-11-21,0.010797900632885549
2023-11-22,-0.004262252597286853
2023-11-24,0.005201596914642614
2023-11-28,0.02015949842736231
2023-11-29,0.0014794398574644596
2023-11-30,-0.004167950375202456
2023-12-01,0.017271494075951743
2023-12-04,-0.021613426463259477
2023-12-05,-0.0037794459254784085
2023-12-06,0.0036868953454944897
2023-12-07,0.0016503277504122948
2023-12-08,-0.013340391114851191
2023-12-11,-0.011042895165362165
2023-12-12,-0.0005446421195114404
2023-12-13,0.022562533466176315
2023-12-14,0.0058625529824696265
2023-12-15,-0.009166511771857122
2023-12-18,0.00454548718457537
2023-12-19,0.006813940578695332
2023-12-20,-0.005445982936103211
2023-12-21,0.007070635455129759
2023-12-22,0.004434417088942322
2023-12-26,0.00762073325107937
2023-12-27,0.004537842226414401
2023-12-28,-0.005815437657636924
2023-12-29,-0.001566841018672216
2024-01-02,-0.002353909884146743
2024-01-03,-0.008336809604204354
2024-01-04,0.0010046128932528209
2024-01-05,0.0001584554095515056
2024-01-08,-0.007816271130823171
2024-01-09,0.0003193567900841021
2024-01-10,-0.00228804710551489
2024-01-11,0.0019733072916665595
2024-01-12,0.009794068475553752
2024-01-16,-0.009488181898979708
2024-01-17,-0.011015950635288596
2024-01-18,0.008232882099906247
2024-01-19,0.00298872590696031
2024-01-23,0.0001064453426304901
2024-01-24,-0.008246890539639784
2024-01-25,0.003969986681303217
2024-01-29,0.006358888774646854
2024-01-30,0.0013805262268791196
2024-01-31,-0.0007423479101067443
2024-02-01,0.01040067256889099
2024-02-02,-0.009453300862028113
2024-02-05,-0.005513988032274764
2024-02-06,0.005224693124019186
2024-02-07,-0.0002651978305409086
2024-02-08,-0.0009018470501077624
2024-02-09,-0.003876152075833028
2024-02-12,-0.002611969494785926
2024-02-13,-0.013788690196348319
2024-02-14,-0.0005961123453055439
2024-02-15,0.0067238125229134305
2024-02-16,0.0036625695484679976
2024-02-20,0.0060642100730936566
2024-02-21,5.331256612173263e-05
2024-02-22,0.00042672195902415666
2024-02-23,0.005651511902278639
2024-02-26,-0.0022266895335479875
2024-02-27,-0.0010626830578386315
2024-02-28,0.001808491158992842
2024-02-29,0.005150266749304189
2024-03-01,0.018910791174389097
2024-03-04,0.016174996770490502
2024-03-05,0.006020141664404788
2024-03-06,0.008215401882095241
2024-03-07,0.005683843351386164
2024-03-11,0.01030307859077606
2024-03-12,-0.01094062729637224
2024-03-13,0.00700740378557585
2024-03-14,-0.004175139558116436
2024-03-15,-0.0031944066391379478
2024-03-18,0.0016022835845583838
2024-03-19,-0.0011498061737871268
2024-03-20,0.011911859798154678
2024-03-21,-0.0010386361790747367
2024-03-22,-0.008020968992406341
2024-03-26,0.006438698511775032
2024-03-27,0.007240660177973091
2024-03-28,0.012900024807740218
2024-04-01,0.010208079384865787
2024-04-02,0.014772360490971526
2024-04-03,0.008772374739768996
2024-04-04,-0.005734705223284009
2024-04-05,0.017114197447370083
2024-04-08,0.006228485366236658
2024-04-09,0.0054970549930351
2024-04-10,-0.009463856185613961
2024-04-12,0.005936639189617621
2024-04-15,0.01871915519396472
2024-04-16,0.0012220152803359419
2024-04-18,-0.003977962561958925
2024-04-19,0.003131535140574737
2024-04-22,-0.02470249054532203
2024-04-23,-0.002458663172418052
2024-04-24,-0.0018600907225296837
2024-04-25,0.005963468053189924
2024-04-26,0.003241927353549112
2024-04-29,-0.002031218037689575
2024-04-30,-0.019937078844561418
2024-05-02,0.005947089227656299
2024-05-03,-0.0007976266365629092
2024-05-06,0.010518361024399514
2024-05-07,-0.004600326433150892
2024-05-08,-0.002941061869504713
2024-05-09,0.015778607960932778
2024-05-10,0.008112513438038427
2024-05-13,-0.011202103844459965
2024-05-14,0.008462045119477235
2024-05-15,0.012838750510223651
2024-05-16,-0.0038933433506626036
2024-05-17,0.016497772589880277
2024-05-21,0.0025484756152056587
2024-05-22,-0.018373969565577908
2024-05-23,-0.019944570339717638
2024-05-24,0.0009271136061119734
2024-05-28,0.010513172896031486
2024-05-29,-0.009303812074717088
2024-05-30,0.0018967600627464165
2024-05-31,-0.00586417430627717
2024-06-03,0.008917780500373507
2024-06-04,-0.008977059834655354
2024-06-05,0.011845603201318777
2024-06-06,0.007391356612921562
2024-06-07,-0.0356833014337965
2024-06-10,0.009168181127878539
2024-06-11,0.0028566106093963484
2024-06-12,0.0026617200115086614
2024-06-13,-0.008150148984962247
2024-06-14,0.012959545903254766
2024-06-18,-0.0012051847771984425
2024-06-20,0.012484347826456244
2024-06-21,-0.01549323810998593
2024-06-24,0.003957566385821121
2024-06-25,-0.004962237629221655
2024-06-26,-0.009228168111804491
2024-06-27,0.011336925587312363
2024-06-28,9.297647872497095e-05
2024-07-01,0.002604589701364013
2024-07-02,-4.643394389247657e-05
2024-07-03,0.011273000380832787
2024-07-05,0.013486798057396943
2024-07-08,-0.012402074526820739
2024-07-09,0.0016957473442755777
2024-07-10,0.0036603361122538036
2024-07-11,0.017733403441032136
2024-07-12,-0.0006270969301161999
2024-07-15,0.0032271131671974818
2024-07-16,0.019925798233449088
2024-07-18,-0.010994763593032197
2024-07-19,-0.017937829186175036
2024-07-22,0.00031573231212611574
2024-07-23,0.003516676143213937
2024-07-24,-0.0035043524704835294
2024-07-25,-0.01564473026582147
2024-07-26,0.010534525866662925
2024-07-29,-0.0014050562105476505
2024-07-30,0.009985461488319247
2024-07-31,0.018110725786084192
2024-08-01,-0.003442943141866328
2024-08-02,-0.0019046282784819235
2024-08-05,-0.012691935106198926
2024-08-06,-0.00800071383261225
2024-08-07,-0.0006796279952806517
2024-08-08,0.01568801363501282
2024-08-09,0.0024552612171107047
2024-08-12,0.017144665770273848
2024-08-13,-0.001532358906807585
2024-08-14,-0.008155751250824572
2024-08-16,0.02559685509742393
2024-08-19,-0.0016380226467287429
2024-08-20,0.0036699887797402297
2024-08-21,-0.0013336178629831386
2024-08-22,-0.011975011209935715
2024-08-23,0.011553425520716143
2024-08-26,0.0031893380775305236
2024-08-27,0.002706671669018279
2024-08-28,-0.007026862307456638
2024-08-29,0.005177980359189593
2024-08-30,-0.0071260085162319076
2024-09-03,-0.0043235765879541255
2024-09-04,0.000607926500195255
2024-09-05,0.008332306942507417
2024-09-06,-0.00740263040895639
2024-09-09,0.004205876079289794
2024-09-10,0.004404097525006145
2024-09-11,-0.001590555949419148
2024-09-12,0.017567284525531468
2024-09-13,0.009943683944142245
2024-09-16,-8.374817448175698e-05
2024-09-17,-0.005530911354914458
2024-09-18,-0.00771046540528908
2024-09-19,0.01554075728197235
2024-09-20,0.012710660066880486
2024-09-23,0.0019404068737312041
2024-09-24,0.01396907347432852
2024-09-25,-0.001381767735032069
2024-09-26,0.005086884066794806
2024-09-27,-0.007935830791900522
2024-09-30,-0.007999374253898517
2024-10-01,0.010491249392624136
2024-10-03,-0.0004885595736707771
2024-10-04,-0.001996030315693398
2024-10-07,-0.0033877625757333663
2024-10-08,-0.007371925565205384
2024-10-09,-0.005446185963701722
2024-10-10,0.007342892553628744
2024-10-11,0.010913408354139564
2024-10-14,-0.001629502157067031
2024-10-15,0.003468359323146597
2024-10-16,0.005001609209081437
2024-10-17,0.005988310835030708
2024-10-18,0.010618185005035086
2024-10-21,-0.0001990012771425631
2024-10-22,0.01078732362833379
2024-10-23,-0.012050555849465017
2024-10-24,0.007693259346016168
2024-10-25,0.0020569789010425055
2024-10-28,3.945407605776552e-05
2024-10-29,0.010894858433216914
2024-10-30,0.005505891218995584
2024-10-31,-0.01549516696374409
2024-11-01,-0.0041023758773531815
2024-11-04,0.0014259144001700363
2024-11-05,0.002254447895035039
2024-11-06,-0.030386729020158265
2024-11-07,0.01607650385553039
2024-11-08,-0.006769426092267272
2024-11-11,-0.02347155656813127
2024-11-12,-0.008631355179477884
2024-11-13,-0.010081225320474285
2024-11-14,-0.0026091417886489054
2024-11-18,0.017214471649367846
2024-11-19,0.008959325127211315
2024-11-21,0.014018514541045635
2024-11-22,0.012892210445830887
2024-11-25,-0.029458856541119016
2024-11-26,0.0019383092584317474
2024-11-27,0.002222714763140843
2024-11-29,0.008624546377060671
2024-12-02,-0.00875440338997513
2024-12-03,0.002012776164397767
2024-12-04,0.003033679807253664
2024-12-05,-0.007397709454119217
2024-12-06,0.0003705687954560499
2024-12-09,0.009919751769426055
2024-12-10,0.01316431251835759
2024-12-11,0.009533812345188464
2024-12-12,-0.014663722649505995
2024-12-13,-0.012091578404740733
2024-12-16,0.002415209844427002
2024-12-17,-0.0038386247250202787
2024-12-18,-0.019185077837713282
2024-12-19,0.0014210967336203417
2024-12-20,0.010434056495473909
2024-12-23,-0.004708795377563857
2024-12-24,0.001992014086009908
2024-12-26,0.006751179863859091
2024-12-27,-0.0068705038771270655
2024-12-30,-0.0031896811646237033
2024-12-31,0.006233636577161361
