Date,Portfolio_Return
2010-03-19,-0.004710237200847745
2010-03-22,-0.004849027046606213
2010-03-23,0.0025020191928954326
2010-03-25,-0.0056623583609725515
2010-03-26,0.007434665263752227
2010-03-29,0.00158432040804275
2010-03-30,-0.004896339219650847
2010-03-31,0.0024137845952101993
2010-04-01,0.006140103873165126
2010-04-05,0.004909111662035792
2010-04-06,0.0010836491629696576
2010-04-07,0.006453640378599212
2010-04-08,-0.005134570798369498
2010-04-09,0.007294523576212986
2010-04-12,-0.002499718366124948
2010-04-13,-0.0015333890672755922
2010-04-15,-0.0014541304303945179
2010-04-16,-0.0053838430021076805
2010-04-19,-0.005457306965828357
2010-04-20,0.0030033868203987795
2010-04-21,0.0043892173492514844
2010-04-22,-9.031324269062006e-05
2010-04-23,0.005424256268104444
2010-04-26,0.0004183818364955073
2010-04-27,0.00675362725566888
2010-04-28,-0.00936249410198361
2010-04-29,0.0033889714458362422
2010-04-30,0.006480650209824112
2010-05-03,-0.0040111128638869896
2010-05-04,-0.00588710483726066
2010-05-05,-0.0001027933086834576
2010-05-06,0.009495546285202371
2010-05-07,-0.007090710470919037
2010-05-10,0.009932915897405992
2010-05-11,-0.0024202364307543186
2010-05-12,0.001602038272166051
2010-05-13,0.0025626943653180743
2010-05-14,-0.005818900126467463
2010-05-17,-0.005007533410722409
2010-05-18,0.0036527350193015676
2010-05-19,-0.01651072161841869
2010-05-20,0.006055609287063191
2010-05-21,-0.0019833709529275545
2010-05-24,0.0027039030738851945
2010-05-25,-0.012060841008367528
2010-05-26,0.011645246793067155
2010-05-27,0.005095053333578759
2010-05-28,0.008313777617197182
2010-06-01,-0.008125013809231618
2010-06-02,0.002605859277297906
2010-06-03,0.006946949601092666
2010-06-04,0.009245573161701093
2010-06-07,-0.0008987816015011644
2010-06-08,-0.005862400525982614
2010-06-09,-2.5695607464059148e-08
2010-06-10,-0.0004791432783044494
2010-06-11,0.007739213323486349
2010-06-14,0.004839846480227672
2010-06-15,0.004451513220195535
2010-06-16,4.4537105226261173e-05
2010-06-17,0.008500995855067296
2010-06-18,0.0007517060168594214
2010-06-21,0.0007100190778876253
2010-06-22,0.0016927975235381029
2010-06-23,0.0003778170755571852
2010-06-24,0.00042248435485390254
2010-06-25,0.00021252381151346499
2010-06-28,0.002940019005432716
2010-06-29,-0.004062070486789927
2010-06-30,0.005742061926861219
2010-07-01,-0.009739732638651877
2010-07-02,-0.000836001879875381
2010-07-06,0.004255296389547381
2010-07-07,-0.0047431713615667444
2010-07-08,0.0039099157008079975
2010-07-09,0.00517566855642213
2010-07-12,0.002668341396935969
2010-07-13,0.0005257853606023266
2010-07-14,0.0005996553457977673
2010-07-15,0.0013212078081371037
2010-07-16,0.0023968916114763704
2010-07-19,-0.0025395631500131246
2010-07-20,-0.000499090502559607
2010-07-21,0.004783306004130572
2010-07-22,0.0026159581591055137
2010-07-23,-0.001296340336204971
2010-07-26,-0.003415583482338058
2010-07-27,-0.002015162932250392
2010-07-28,-0.0010811505569799928
2010-07-29,0.002336967365904852
2010-07-30,0.001850511917883501
2010-08-02,0.003975245856642751
2010-08-03,0.0031603018192496
2010-08-04,0.002721738852887068
2010-08-05,0.0005910249156561242
2010-08-06,0.0035925022473590304
2010-08-09,0.0022667402153540355
2010-08-10,0.0005054975298424578
2010-08-11,-0.00223624681158835
2010-08-12,0.0025838832933421374
2010-08-13,0.003847245970684132
2010-08-16,0.002193266599810073
2010-08-17,-0.0009720176366657451
2010-08-18,0.003744519764273124
2010-08-19,0.003000222501884098
2010-08-20,-0.0032632899915880915
2010-08-23,-0.0006117871224564974
2010-08-24,0.004281814637327163
2010-08-25,0.004132159101008259
2010-08-26,-0.0011112141146727423
2010-08-27,-0.0032720437369735513
2010-08-30,0.001075764457115991
2010-08-31,0.007423186266431258
2010-09-01,-0.0023909354580653242
2010-09-02,0.002878431471302689
2010-09-03,-0.00372839836083777
2010-09-07,0.008681340661016423
2010-09-08,-0.00042479184897847855
2010-09-09,-0.007560117550630385
2010-09-13,0.0028433930872054924
2010-09-14,0.015438264630838881
2010-09-15,-1.879028007802921e-05
2010-09-16,0.002648572817168015
2010-09-17,0.000912903291499212
2010-09-20,0.004094378215107631
2010-09-21,0.008734375934274707
2010-09-22,0.0010596891495647574
2010-09-23,0.00031360494439227596
2010-09-24,0.002155141166123941
2010-09-27,0.002000680119932219
2010-09-28,0.006806625877697214
2010-09-29,-0.0005692528980278279
2010-09-30,0.00018438399278084547
2010-10-01,0.007461220429350956
2010-10-04,-0.0014738752856658485
2010-10-05,0.005082324076756728
2010-10-06,0.006459293473918914
2010-10-07,-0.0072541377916576005
2010-10-08,0.001987291097652522
2010-10-11,0.0038589787519068388
2010-10-12,-0.004547894763806381
2010-10-13,0.014187968240704986
2010-10-14,-0.0038207092614711007
2010-10-15,-0.01110915965634298
2010-10-18,0.0036510870033376274
2010-10-19,-0.01149170644751163
2010-10-20,-0.00039035468114770886
2010-10-21,0.0020998735351217893
2010-10-22,-0.001630754777457688
2010-10-25,0.005120358540872982
2010-10-26,-0.0034905821403295456
2010-10-27,-0.009417366419610163
2010-10-28,0.00407326781537487
2010-10-29,0.0065012584132894125
2010-11-01,0.004551061839049532
2010-11-02,0.0023974723864675913
2010-11-03,0.0016022273298275107
2010-11-04,0.01646643165904562
2010-11-08,-0.0009607864680634013
2010-11-09,-0.002708960463682287
2010-11-10,0.000667042208848645
2010-11-11,-0.006627976777758793
2010-11-12,-0.016098542939526374
2010-11-15,-0.0019774605606832866
2010-11-16,-0.008974228575535004
2010-11-18,-0.00039398762648352754
2010-11-19,-0.00813561607618415
2010-11-22,0.013269481944359484
2010-11-23,-0.004744888538791792
2010-11-24,-0.010274201429446572
2010-11-26,-0.008763194736752277
2010-11-29,0.007948868989724378
2010-11-30,0.004932742207954433
2010-12-01,0.003084934577896969
2010-12-02,0.0031296154749057337
2010-12-03,0.0005924757118739299
2010-12-06,0.003210209008619391
2010-12-07,-0.00981859017574004
2010-12-08,-0.010761586309094472
2010-12-09,-0.007367354851905006
2010-12-10,0.003845405360291121
2010-12-13,0.005815386652912636
2010-12-14,-0.0004119059148036115
2010-12-15,-0.0079746204304894
2010-12-16,0.0036354903539248533
2010-12-20,0.00534925501338368
2010-12-21,0.004711289041664868
2010-12-22,-0.0025118453754730315
2010-12-23,-0.0022170895573207063
2010-12-27,0.0031695427636531546
2010-12-28,0.0015967942524324984
2010-12-29,0.008737010099142739
2010-12-30,0.0006483388934367174
2010-12-31,0.00735072916060675
2011-01-03,-0.0009783849796395681
2011-01-04,-0.007090118339692041
2011-01-05,-0.00840913999670021
2011-01-06,-0.0017284541659390862
2011-01-07,-0.008065749304608539
2011-01-10,-0.007366611406904645
2011-01-11,-1.9226436173780588e-05
2011-01-12,0.007947069128117946
2011-01-13,-0.008698014258194475
2011-01-14,-0.010642253028490811
2011-01-18,0.005854187502705267
2011-01-19,-0.0008848426783307109
2011-01-20,-0.006541585671420791
2011-01-21,-0.00044787508051004083
2011-01-24,0.001780855173387042
2011-01-25,-0.0029800108966489885
2011-01-27,-0.01155086242824075
2011-01-28,0.00031002616269284414
2011-01-31,-0.002576459976173251
2011-02-01,-0.00569055910118097
2011-02-02,-0.000418606799800414
2011-02-03,0.009290576245553428
2011-02-04,-0.012557762713515108
2011-02-07,-6.639373380370461e-05
2011-02-08,-0.004919399637589295
2011-02-09,-0.002888541248738397
2011-02-10,-0.0035904303483801467
2011-02-11,0.006627061083061403
2011-02-14,0.012524458395202664
2011-02-15,0.00482049040527135
2011-02-16,-8.156691705127895e-05
2011-02-17,0.007937919566337182
2011-02-18,-0.005553280440111675
2011-02-22,0.005596184696902395
2011-02-23,-0.0003853259416982447
2011-02-24,-0.01431991001742803
2011-02-25,0.0060496149649940986
2011-02-28,0.002723087417995096
2011-03-01,0.019685388827057528
2011-03-03,-0.00675221509886843
2011-03-04,0.005070222105397004
2011-03-07,-0.005406426520997054
2011-03-08,0.0027350850822790876
2011-03-09,0.002600592610657926
2011-03-10,-0.003624693283513003
2011-03-11,-0.003288110387498611
2011-03-14,0.008384147242037177
2011-03-15,-0.010425591745782637
2011-03-16,0.007000917026935916
2011-03-17,-0.003991386396998076
2011-03-18,-0.002481792823964658
2011-03-21,-0.0005529729548044871
2011-03-22,0.0036266086664459634
2011-03-23,0.007306351723463233
2011-03-24,-0.000851355347096283
2011-03-25,0.008833519906960907
2011-03-28,0.0008804120773780125
2011-03-29,0.0018693569329418127
2011-03-30,0.005608701235823733
2011-03-31,0.004988191952318266
2011-04-01,-0.001303151297928895
2011-04-04,0.007714388724301191
2011-04-05,0.0033359244426212627
2011-04-06,-0.0018359127241897367
2011-04-07,-0.00010422477170528581
2011-04-08,-0.00142663250734858
2011-04-11,-0.005593729104771317
2011-04-13,0.010005526891753314
2011-04-15,0.001969236182517364
2011-04-18,-0.003996371397528931
2011-04-19,0.0011979093158105414
2011-04-20,0.007715256554872163
2011-04-21,0.0029754261436905293
2011-04-25,0.0006316929736014608
2011-04-26,-0.0001366632758718291
2011-04-27,0.0025679248138904096
2011-04-28,-0.0009254446779930038
2011-04-29,0.003225241545365609
2011-05-02,-0.007304838364886978
2011-05-03,-0.009806091865436807
2011-05-04,-0.005560845925479185
2011-05-05,-0.007877975570710937
2011-05-06,0.009873946370201957
2011-05-09,0.001988248530840542
2011-05-10,-0.0024643899336528443
2011-05-11,0.00266141115630375
2011-05-12,-0.007936889397045944
2011-05-13,0.006243496665074922
2011-05-16,-0.0031126667521657048
2011-05-17,-0.0047898581422981205
2011-05-18,-0.0012873955300520157
2011-05-19,0.0009709304910433536
2011-05-20,0.008805298060683664
2011-05-23,-0.006176983675389303
2011-05-24,0.002471818581692431
2011-05-25,-0.0033921783475581507
2011-05-26,0.005671934347789665
2011-05-27,0.007675756307331117
2011-06-01,0.011829339716314259
2011-06-02,-0.005590550791376636
2011-06-03,0.00020356011103996822
2011-06-06,0.001365068357589627
2011-06-07,0.0005282990077934647
2011-06-08,-0.0029333109328762543
2011-06-09,0.0025974168785086733
2011-06-10,-0.006135522300860551
2011-06-13,-0.007381710922256912
2011-06-14,0.0029981532600919622
2011-06-15,0.0033172521337865085
2011-06-16,-0.0010803505890347618
2011-06-17,0.003851885795688514
2011-06-20,-0.001909624340411309
2011-06-21,0.0034802948551295064
2011-06-22,0.0010320198159091464
2011-06-23,-0.010445210426302209
2011-06-24,-0.006132603361465104
2011-06-27,-0.0022998397513490417
2011-06-28,0.0009449516697493497
2011-06-29,0.004295195543251196
2011-06-30,-0.005459853652537083
2011-07-01,-0.00598773209051252
2011-07-05,0.007824086989644008
2011-07-06,0.0026602786206564085
2011-07-07,0.006688503682741443
2011-07-08,0.0006384479026928071
2011-07-11,0.0018204381657155322
2011-07-12,-0.0036406990546157935
2011-07-13,0.007473962468042794
2011-07-15,0.001261014626695289
2011-07-18,0.0014568488205668915
2011-07-19,0.0008183956446217392
2011-07-20,-0.002144738880134856
2011-07-21,-0.00577803917441947
2011-07-22,0.010309996958949364
2011-07-25,0.0046797864183111045
2011-07-26,-0.00533794346409271
2011-07-27,-0.0036082888315496775
2011-07-28,-0.003424231501615571
2011-07-29,0.005061897780023794
2011-08-01,0.0025502875865281217
2011-08-02,0.0056231636932811075
2011-08-03,-0.0036085580826102693
2011-08-04,-0.003012393943170311
2011-08-05,-0.0104429641518613
2011-08-08,0.000785742413859725
2011-08-09,-0.0012426292979025198
2011-08-10,0.017517916031521377
2011-08-11,-0.010270111777844837
2011-08-12,-0.0040297010765688365
2011-08-16,-0.0009869602570225064
2011-08-17,0.005156098804436616
2011-08-18,-0.0071390056187190295
2011-08-19,-0.008283649163031325
2011-08-22,0.007332686726819748
2011-08-23,-0.0002521975773701838
2011-08-24,-0.013740488904352378
2011-08-25,-0.0021667447587804473
2011-08-26,-0.00523823987683154
2011-08-29,0.013443480469873325
2011-08-30,0.014035165071010748
2011-09-02,0.011639680777723439
2011-09-06,0.0027611428361924983
2011-09-07,0.0006364655629664488
2011-09-08,0.007420403247476127
2011-09-09,-0.007761490705541163
2011-09-12,-0.014580266573341428
2011-09-13,-0.0007157715307178571
2011-09-14,0.006730221358202626
2011-09-15,0.0017298116372964738
2011-09-16,0.0025476648287703573
2011-09-19,-0.0034190096804342486
2011-09-20,0.01271576830763208
2011-09-21,-0.00020743991861571498
2011-09-22,-0.01931308761815994
2011-09-23,-0.014456503781753371
2011-09-26,-0.006379889689754326
2011-09-27,0.013318471932944775
2011-09-28,-0.0052183383198480034
2011-09-29,0.007978485156154912
2011-09-30,-0.004440993374282642
2011-10-03,-0.003943825544473589
2011-10-04,-0.012078791464369121
2011-10-05,-0.0027013350071383056
2011-10-07,0.009369901314965678
2011-10-10,0.0077248406709991
2011-10-11,8.313593165204525e-05
2011-10-12,0.0119238722386926
2011-10-13,-0.0011007202233729195
2011-10-14,0.004056341167325117
2011-10-17,0.0007716560124402137
2011-10-18,-0.008794972574347503
2011-10-19,0.009493783316866877
2011-10-20,-0.006725322286624713
2011-10-21,-0.0037491210785966177
2011-10-24,0.005538185760021896
2011-10-25,0.015412013263197943
2011-10-28,0.013349361712023767
2011-10-31,0.0008405269449105798
2011-11-01,-0.0016228031597354973
2011-11-02,9.495830618206909e-05
2011-11-03,0.00038825746871935514
2011-11-04,0.002439639591241838
2011-11-08,0.0007111961547726642
2011-11-09,-0.003750990614058103
2011-11-11,-0.007683606847550129
2011-11-14,8.747306176545323e-05
2011-11-15,-0.008199218274559949
2011-11-16,-0.0033619974431869596
2011-11-17,-0.011280052561493892
2011-11-18,-0.004110774537848683
2011-11-21,-0.014336305659600623
2011-11-22,0.005887204443542848
2011-11-23,-0.009922090111109205
2011-11-25,-0.003028681437198677
2011-11-28,0.01700984442745257
2011-11-29,-0.005375743565164492
2011-11-30,0.0024171442787521923
2011-12-01,0.010434592950889799
2011-12-02,0.013361889580232123
2011-12-05,-0.002791793815768684
2011-12-07,0.004338541930639294
2011-12-08,-0.011733482271426055
2011-12-09,-0.010277597617090229
2011-12-12,-0.011756695651325477
2011-12-13,0.003430943850550272
2011-12-14,-0.005721766640827486
2011-12-15,-0.002481803532368332
2011-12-16,-0.006139607652855161
2011-12-19,-0.0030087884003004326
2011-12-20,-0.009723340701519445
2011-12-21,0.015210469691300531
2011-12-22,0.004119404839281726
2011-12-23,-0.0035619248262913072
2011-12-27,0.003202018387516559
2011-12-28,-0.0046810134495801296
2011-12-29,-0.006289394505384338
2011-12-30,0.00014219360834386626
2012-01-03,0.015292585049308128
2012-01-04,-0.0023936981893580957
2012-01-05,0.0007909250673372227
2012-01-06,0.0016372032480133636
2012-01-09,-0.0015572761130703383
2012-01-10,0.011820932260076833
2012-01-11,0.004153082642137718
2012-01-12,-0.0034451311266740945
2012-01-13,0.0046850763058981955
2012-01-17,0.011566281280494329
2012-01-18,-0.0017207547059654327
2012-01-19,0.0036907733149326156
2012-01-20,0.0021625039697510838
2012-01-23,-0.0004409661364694228
2012-01-24,0.007791194902105591
2012-01-25,0.007657138594033075
2012-01-27,0.009387605198526949
2012-01-30,-0.010472609230715057
2012-01-31,0.013273059804611043
2012-02-01,0.0022641841128788753
2012-02-02,0.004711057665365814
2012-02-03,0.00014736951739812137
2012-02-06,0.004188811786332169
2012-02-07,-0.0035414761771531468
2012-02-08,0.00257625237397604
2012-02-09,0.0017525478737041135
2012-02-10,-0.0021526734537443692
2012-02-13,0.0011039293737687638
2012-02-14,0.0018472940735109857
2012-02-15,0.010564961601276669
2012-02-16,-0.002284928252660845
2012-02-17,0.0015927264327895044
2012-02-21,0.00857259733169643
2012-02-22,-0.0027172965638118775
2012-02-23,-0.0010344172520297735
2012-02-24,-0.005080601159863052
2012-02-27,-0.01083566834676203
2012-02-28,0.010412322198263248
2012-02-29,-0.0059926780164009765
2012-03-01,-0.004103711062901805
2012-03-02,0.0032793787417010334
2012-03-05,-0.008584907680764064
2012-03-06,-0.005589242820425488
2012-03-07,-0.0003751055038119899
2012-03-09,0.011027950835731293
2012-03-12,0.0015355179015929532
2012-03-13,0.0019807300374856222
2012-03-14,-0.003096031919546616
2012-03-15,-0.006802461704671847
2012-03-16,-0.0057972516197529415
2012-03-19,-0.007996889137396757
2012-03-20,0.0009854604238699327
2012-03-21,0.010628700906801836
2012-03-22,-0.012614160412307817
2012-03-23,0.007465780349594931
2012-03-26,-0.007588662777097544
2012-03-27,0.0071893763287734225
2012-03-28,-0.006370898910857403
2012-03-29,-0.0004032295009992028
2012-03-30,0.009101908008225256
2012-04-02,0.003924242501921004
2012-04-03,-0.004767818761598274
2012-04-04,-0.006165179461441283
2012-04-09,0.0018937074873292652
2012-04-10,0.005364649769905405
2012-04-11,-0.0025037800616184106
2012-04-12,0.006260692170973037
2012-04-13,-0.006863503020825945
2012-04-16,0.0006273656275721963
2012-04-17,0.004153590510582695
2012-04-18,-0.0003808999854784779
2012-04-19,0.0030134335782780355
2012-04-20,-0.0028811188597589023
2012-04-23,-0.007108656100990608
2012-04-24,0.0013620103818342665
2012-04-25,-0.001349181130216226
2012-04-26,0.002648845816048007
2012-04-27,0.0010883292117465971
2012-04-30,0.005620043448107893
2012-05-02,-0.003053837962622141
2012-05-03,-0.00692948813708243
2012-05-04,-0.005691338786642143
2012-05-07,0.0013279298384674455
2012-05-08,-0.014060303141474561
2012-05-09,-0.0071989060495494805
2012-05-10,0.0008940763202167745
2012-05-11,-0.00555392594489309
2012-05-14,-0.009710197569680211
2012-05-15,-0.006585526293229592
2012-05-16,-0.002869824170150048
2012-05-17,0.008809087044955045
2012-05-18,0.004986084923762824
2012-05-22,-0.008751099002451402
2012-05-23,-0.002166076641007142
2012-05-24,0.0060333595430124955
2012-05-25,0.0033049920760883423
2012-05-29,0.0021527237297476634
2012-05-30,0.001470701280588349
2012-05-31,-0.0015485326301590164
2012-06-01,-0.001078043781503335
2012-06-04,-0.0017432263648583528
2012-06-05,0.0001230002382211048
2012-06-06,0.011178918929127524
2012-06-07,0.004500611727647574
2012-06-08,0.0022971743397276036
2012-06-11,7.593242196882741e-05
2012-06-12,0.004678406004993474
2012-06-13,0.003081967872283653
2012-06-14,-0.007182800938077638
2012-06-15,0.010248962798074968
2012-06-18,-0.007331309391124208
2012-06-19,0.002057103699336105
2012-06-20,6.435595558222911e-05
2012-06-21,0.002660669397546389
2012-06-22,-0.003166325591702268
2012-06-25,-0.0001234747053110107
2012-06-26,-0.0010274665148003017
2012-06-27,0.0027534404886280896
2012-06-28,0.0008359610136222772
2012-06-29,0.013495460757554478
2012-07-02,0.0011756294309185013
2012-07-03,0.00454482185299545
2012-07-05,0.0003907667577235487
2012-07-06,-0.0035205657567885297
2012-07-09,-0.001672448482957445
2012-07-10,0.0017798625789808517
2012-07-11,-0.0015409962678118228
2012-07-12,-0.005451706517800504
2012-07-13,0.0021889103142027078
2012-07-16,-0.0014995574462857153
2012-07-17,-0.002546540882812009
2012-07-18,0.0012879682032485799
2012-07-19,0.002231477583731889
2012-07-20,-0.001117860618532696
2012-07-23,-0.007453242784641656
2012-07-24,0.0023365193860505505
2012-07-25,0.002914459084047882
2012-07-26,-0.004022166211281242
2012-07-27,0.003818840104939847
2012-07-30,0.008595679269857092
2012-07-31,0.000977567728584672
2012-08-01,-0.0065483475281864715
2012-08-02,-0.004322156013057144
2012-08-03,0.005172417457513578
2012-08-06,0.004786115758882525
2012-08-07,-0.00011539595421335971
2012-08-08,0.0006420679035854304
2012-08-09,0.0018510383995987917
2012-08-10,0.0013750988881766734
2012-08-13,-0.004912424009365757
2012-08-14,-0.004234596892286468
2012-08-16,0.0046392950425586995
2012-08-17,0.001021779696807079
2012-08-21,0.010724888654557806
2012-08-22,0.008939232241192585
2012-08-23,0.006285422807182117
2012-08-24,-0.00027578229119733515
2012-08-27,-0.0027936601352284373
2012-08-29,-0.004563019827631631
2012-08-30,0.0005802351913196113
2012-08-31,0.004598461587132574
2012-09-04,0.0009675623699092585
2012-09-05,-0.004083681615170387
2012-09-06,-1.4021503297700954e-05
2012-09-07,0.014766796700187011
2012-09-10,-0.0003106243019796559
2012-09-11,0.0025184007282467056
2012-09-12,0.0016033170694071178
2012-09-13,0.007243975471094699
2012-09-14,0.008513839312480254
2012-09-17,0.0004944999310547149
2012-09-18,0.002372966257150799
2012-09-20,-0.002839427233708325
2012-09-21,0.011359038694153225
2012-09-24,-0.00243315264521673
2012-09-25,0.000925051818447331
2012-09-26,-0.0011758019253882424
2012-09-27,0.0028493709170171796
2012-09-28,0.0030258428532212835
2012-10-01,0.0023419724074077
2012-10-03,0.0011905264068425847
2012-10-04,0.004832515340348609
2012-10-05,-0.005879625890750551
2012-10-08,-0.004953447669761912
2012-10-09,-0.00044400182760379004
2012-10-10,-0.0010511293164819579
2012-10-11,0.0031410580271674206
2012-10-12,-0.0056904947993129725
2012-10-15,-0.006785724937153547
2012-10-16,0.0028158663674219923
2012-10-17,-0.0005505537285201757
2012-10-18,-0.002419142506552341
2012-10-19,-0.007307401207577524
2012-10-22,0.0024646394268232675
2012-10-23,-0.008476911948096456
2012-10-25,0.0015861340265295174
2012-10-31,0.004012920533674413
2012-11-01,-0.0031369376736677386
2012-11-02,-0.013526310279621822
2012-11-05,0.0033093980829324247
2012-11-06,0.0056962507686596055
2012-11-07,0.005351700994714892
2012-11-08,0.0025498114937973606
2012-11-09,-0.00393523802930692
2012-11-12,-0.0006477062880106965
2012-11-15,-0.0058423305415792
2012-11-16,-0.0042319626234236015
2012-11-19,0.002803444048634085
2012-11-20,-0.0020877171176895584
2012-11-21,0.0029669747945317852
2012-11-23,0.0043444518157663365
2012-11-26,0.0008420581762831447
2012-11-27,0.005915224343767245
2012-11-29,0.004782880279806412
2012-11-30,0.0016837682882061
2012-12-03,-0.000579604924355004
2012-12-04,-0.0013164136469003716
2012-12-05,0.0004648265560790899
2012-12-06,0.0029206318063703662
2012-12-07,-0.0012347012986757447
2012-12-10,0.002921953347393979
2012-12-11,-0.0011904062717332355
2012-12-12,-0.000523516494819365
2012-12-13,-0.006920419740609595
2012-12-14,-9.683021312840696e-05
2012-12-17,-0.00010140973721064513
2012-12-18,-0.010163329744915139
2012-12-19,-0.0008480181455125412
2012-12-20,-0.008577405593529595
2012-12-21,0.0020084989566325206
2012-12-24,0.001199334286391407
2012-12-26,0.0019603635739881666
2012-12-27,0.0014622889641568988
2012-12-28,-0.0015776782859025062
2012-12-31,0.005343290721540828
2013-01-02,0.005549683198029598
2013-01-03,-0.009208292303244204
2013-01-04,-0.0030954971083707035
2013-01-07,-0.00475553235997892
2013-01-08,0.005671664262982533
2013-01-09,-0.0006959894817883949
2013-01-10,0.005870959346900273
2013-01-11,-0.003628414896162535
2013-01-14,0.0032337188243778624
2013-01-15,0.005446881813381155
2013-01-16,-0.0002550689051789125
2013-01-17,0.0027214314545175085
2013-01-18,-0.00013495622436588962
2013-01-22,0.002395202277165298
2013-01-23,-0.0017780097486548186
2013-01-24,-0.008590388072850385
2013-01-25,-0.003747085527165106
2013-01-28,-0.001979966232820185
2013-01-29,0.0023456435086018574
2013-01-30,0.005427712444072119
2013-01-31,-0.004449859102928322
2013-02-01,-0.0001880277567493095
2013-02-04,0.003345780251632158
2013-02-05,-0.0013951917520004355
2013-02-06,0.0025017746457705716
2013-02-07,-0.0026189710409991293
2013-02-08,-0.0016115201810045663
2013-02-11,-0.008404505910097225
2013-02-12,0.0010434916507688907
2013-02-13,-0.0041986163247115455
2013-02-14,-0.002836057114381318
2013-02-15,-0.011799747722530207
2013-02-19,-0.00136481915502874
2013-02-20,-0.006635654797861268
2013-02-21,-0.003180035618723243
2013-02-22,0.000921423929030851
2013-02-25,0.005302431973951815
2013-02-26,-0.0032863376971522867
2013-02-27,-0.0008406418506536895
2013-02-28,-0.009792420520868851
2013-03-01,0.001522899268933753
2013-03-04,-0.002457259231177222
2013-03-05,0.005868404299364228
2013-03-06,0.003095044480917186
2013-03-07,0.0008620298415856326
2013-03-08,0.004135052716162524
2013-03-11,0.00046678951357388416
2013-03-12,0.0012746134601838706
2013-03-13,-0.005540413600735294
2013-03-14,0.004072137174888391
2013-03-15,-0.0007882874991230974
2013-03-18,0.0011321124689739111
2013-03-19,-0.003841425584363001
2013-03-20,-0.004848057895796986
2013-03-21,0.003864138315102849
2013-03-22,-0.003191788319728472
2013-03-25,-0.0015550890634361658
2013-03-26,-0.0020015583633423597
2013-03-28,-1.0089832458526284e-05
2013-04-01,0.0019133762806891274
2013-04-02,-0.009762386745310792
2013-04-03,-0.008276237961069766
2013-04-04,-0.0029750792572205364
2013-04-05,0.011980400109886755
2013-04-08,-0.0038083384259296363
2013-04-09,0.004639156023598889
2013-04-10,-0.0016853310269530734
2013-04-11,0.003471200049122092
2013-04-12,-0.008324709403473473
2013-04-15,-0.004292114195795905
2013-04-16,0.010818530466504606
2013-04-17,0.0007689739237964011
2013-04-18,0.009594388031781188
2013-04-22,0.007115879506689793
2013-04-23,-0.0007832288340016702
2013-04-25,0.010014058067301579
2013-04-26,-0.0028611863942916258
2013-04-29,0.003620213324910404
2013-04-30,0.002466853728881846
2013-05-02,0.00654127285481082
2013-05-03,-0.007904191544933293
2013-05-06,0.0017993488174324
2013-05-07,0.004270354058531145
2013-05-08,0.004094287077835412
2013-05-09,-0.0028100045502237768
2013-05-10,0.000566126839501524
2013-05-13,-0.01092324778542747
2013-05-14,-0.0008033886580790959
2013-05-15,0.011364392387982702
2013-05-16,0.0033887217331730834
2013-05-17,-0.003000472768243812
2013-05-20,0.00033410323938370956
2013-05-21,-0.004085012258869825
2013-05-22,-0.005484540935032878
2013-05-23,-0.008018379499815842
2013-05-24,0.0009016098427999997
2013-05-28,0.005770365119226872
2013-05-29,0.002071032510872517
2013-05-30,0.003042362992302694
2013-05-31,-0.014407215407224417
2013-06-03,-0.001384472164367212
2013-06-04,-0.0036340980253181886
2013-06-05,0.002527916407702202
2013-06-06,0.0010311583676645198
2013-06-07,-0.00889514934488439
2013-06-10,-0.0007514153690222347
2013-06-11,-0.007108767691194839
2013-06-12,-0.0035121977474371845
2013-06-13,-0.002656973879840296
2013-06-14,0.01063745106895717
2013-06-17,0.002144900763790425
2013-06-18,-0.004569803512474291
2013-06-19,-0.00590578777374583
2013-06-20,-0.02145312554471369
2013-06-21,-0.002016000610685742
2013-06-24,-0.00870408671729389
2013-06-25,0.000843210222725732
2013-06-26,-0.004408484770610365
2013-06-27,0.00855530431093533
2013-06-28,0.01633196990414021
2013-07-01,0.006696785857394194
2013-07-02,-0.004236086948896267
2013-07-03,-0.007602862506375973
2013-07-05,-0.000519872217140149
2013-07-08,-0.0012511160803019058
2013-07-09,0.005683822733343757
2013-07-10,-0.004758198032101269
2013-07-11,0.01690093388142655
2013-07-12,0.005823287463491667
2013-07-15,0.003110996768019403
2013-07-16,-0.005496458866613296
2013-07-17,0.0020195693017152185
2013-07-18,0.004109175804587384
2013-07-19,0.0023465288736077452
2013-07-22,0.0031576597196363966
2013-07-23,0.004021280327205079
2013-07-24,-0.011590587162818022
2013-07-25,-0.005405655260502374
2013-07-26,-0.0013643511849058209
2013-07-29,-0.005696800160016291
2013-07-30,-0.006957710197599632
2013-07-31,-0.000983905164859944
2013-08-01,-0.0058175157707384025
2013-08-02,-0.0011504778621462485
2013-08-05,-0.0011188786131331899
2013-08-06,-0.013847324435378661
2013-08-07,-0.0004855566221698914
2013-08-08,0.0069886195350252756
2013-08-12,0.005479918295629637
2013-08-13,0.003054416341086208
2013-08-14,0.005114989123037761
2013-08-16,-0.021397783753066158
2013-08-19,-0.010599102561435514
2013-08-20,0.00127136851880153
2013-08-21,-0.010069671586472484
2013-08-22,0.009549000436972488
2013-08-23,0.011089535455762122
2013-08-26,0.002169624381709778
2013-08-27,-0.00922484414903273
2013-08-28,-0.001491849427608394
2013-08-29,0.007843939559093096
2013-08-30,0.0013136883915569999
2013-09-03,-0.012843860126171957
2013-09-04,0.007369189003409405
2013-09-05,0.008407250443303094
2013-09-06,0.01172650788924261
2013-09-10,0.01619892748280476
2013-09-11,0.0033815759713906822
2013-09-12,-0.008300277575775806
2013-09-13,0.000631897004616755
2013-09-16,-0.0010470931546235796
2013-09-17,0.0016672327775802964
2013-09-18,0.013525178714344133
2013-09-19,0.016735217498701226
2013-09-20,-0.010938126969909057
2013-09-23,-0.00899064269523755
2013-09-24,0.0017754773989019368
2013-09-25,0.0004079830232778473
2013-09-26,-0.0009240519080845556
2013-09-27,-0.002695916945025234
2013-09-30,-0.008337110150870807
2013-10-01,0.0002100081470973068
2013-10-03,0.014512853958725013
2013-10-04,-0.001811691954869432
2013-10-07,0.00113374259536021
2013-10-08,0.001498879947667431
2013-10-09,0.004947703045964935
2013-10-10,-0.001201561054583411
2013-10-11,0.00549699509413677
2013-10-14,0.00020132382732944692
2013-10-15,-0.001122404717730374
2013-10-17,0.0036628669392623214
2013-10-18,0.01145964313861909
2013-10-21,0.0010886934879179356
2013-10-22,0.004463016295610201
2013-10-23,-0.0017739295687775104
2013-10-24,-0.0010071285756944603
2013-10-25,-0.000447079864099309
2013-10-28,-0.003875159520986582
2013-10-29,0.009756250844656433
2013-10-30,0.0012976787570568636
2013-10-31,0.0018931112573771225
2013-11-01,-0.0021978818989972005
2013-11-05,-0.005611756011257107
2013-11-06,-0.0013142429775082841
2013-11-07,-0.002004021460365546
2013-11-08,-0.009742542751000016
2013-11-11,-0.005571740652163671
2013-11-12,-0.006499142255398905
2013-11-13,-0.00037431384851629437
2013-11-14,0.008642709613882915
2013-11-18,0.006291115422048533
2013-11-19,-6.551538055200575e-05
2013-11-20,-0.013742102470978868
2013-11-21,-0.008273991660370118
2013-11-22,0.000568076160615183
2013-11-25,0.00958619609850182
2013-11-26,-0.004624461038770978
2013-11-27,-0.001709872811064761
2013-11-29,0.01079566074241961
2013-12-02,-0.006339181502645406
2013-12-03,0.0004742526835478597
2013-12-04,0.0010860781412510676
2013-12-05,0.00030832800435624114
2013-12-06,0.0021073078230706478
2013-12-09,0.009963922972562766
2013-12-10,0.000981861504579318
2013-12-11,-0.0042992764992882074
2013-12-12,-0.008893296780612216
2013-12-13,-0.00398539658566921
2013-12-16,-0.0010493721551496859
2013-12-17,-0.0008681341469944259
2013-12-18,0.003978646138503706
2013-12-19,-0.008104457466053061
2013-12-20,0.010938110074258933
2013-12-23,-0.0007769325777803318
2013-12-24,-0.0023799399394250353
2013-12-26,0.0010429349159035927
2013-12-27,0.002863065926496966
2013-12-30,-0.0021880123674033027
2013-12-31,-0.0001476441892674929
2014-01-02,-0.003380428484350562
2014-01-03,4.8771259219704374e-05
2014-01-06,-0.00028520475410362964
2014-01-07,-0.0022861276245436544
2014-01-08,-0.00154694359193206
2014-01-09,0.0012424415308214475
2014-01-10,0.0072850870383889925
2014-01-13,0.009326225773320207
2014-01-14,-0.005901443752201263
2014-01-15,0.0042218533611324775
2014-01-16,0.001035849716815629
2014-01-17,-5.438008054858834e-05
2014-01-21,-4.699751494575662e-05
2014-01-22,-0.0005177089046442427
2014-01-23,0.008995531583677009
2014-01-24,-0.00252716773651418
2014-01-27,-0.01253265310527385
2014-01-28,-0.00020651355257412802
2014-01-29,0.004796919498236706
2014-01-30,-0.009950341484044334
2014-01-31,0.0030198539281185433
2014-02-03,-0.001057301021628266
2014-02-04,-0.0017818721309703412
2014-02-05,0.0010923901650434
2014-02-06,0.0002407295827225542
2014-02-07,0.004879426987432356
2014-02-10,0.0013455784224889022
2014-02-11,0.002803517620327312
2014-02-12,0.0008660633029739186
2014-02-13,-0.001474914314071497
2014-02-14,0.00691171450052569
2014-02-18,0.006534400861425782
2014-02-19,-0.001574062582188529
2014-02-20,-0.0011492258382600593
2014-02-21,0.0045388037785181416
2014-02-24,0.0050128312198147625
2014-02-25,0.0024452224185015133
2014-02-26,0.0008269318257669855
2014-02-28,0.0013570687342092218
2014-03-03,0.004223453284759636
2014-03-04,-0.0010937252724369396
2014-03-05,0.002762739052601204
2014-03-06,0.006269426756601804
2014-03-07,0.0040549989543224325
2014-03-10,0.0010685805980001906
2014-03-11,0.00044084237574770735
2014-03-12,0.005879247659356102
2014-03-13,0.0013309405070938808
2014-03-14,0.0027325101795899307
2014-03-18,-0.005292488626649006
2014-03-19,-0.00814227989460221
2014-03-20,-0.0029899691311551123
2014-03-21,0.0026163048990108574
2014-03-24,0.00033345783110980826
2014-03-25,0.0007495125720466179
2014-03-26,-0.00039580783286226047
2014-03-27,0.0007776218373821368
2014-03-28,0.002130856875637999
2014-03-31,-0.0017626543469233204
2014-04-01,-0.00014897277995965506
2014-04-02,0.0028329912571534947
2014-04-03,-0.0017314394748011441
2014-04-04,0.0033576278444189976
2014-04-07,-0.0008262537714268325
2014-04-09,0.00975377692670767
2014-04-10,0.002916075837336729
2014-04-11,-0.0007564536392894117
2014-04-15,-0.006070618324099298
2014-04-16,-0.003782287071556245
2014-04-17,0.002650391089315074
2014-04-21,-0.002336903048256833
2014-04-22,-0.0027039791042355985
2014-04-23,0.0007714093273689215
2014-04-25,0.008812784640441428
2014-04-28,-0.003680200445946513
2014-04-29,-0.0006159122038732034
2014-04-30,-0.0033394778216194183
2014-05-02,0.005579176000647457
2014-05-05,0.006443850269954575
2014-05-06,-0.0008586612197540311
2014-05-07,-0.010835793735720255
2014-05-08,0.00032398343795794207
2014-05-09,0.0024370714377131455
2014-05-12,0.006478846716815578
2014-05-13,0.00022320509174330607
2014-05-14,0.00771170218288748
2014-05-15,-0.004867941110506535
2014-05-16,-0.0008180775731158052
2014-05-19,0.0010392140780214776
2014-05-20,0.0013631207930591804
2014-05-21,-0.002303563398118824
2014-05-22,0.0016871376804254766
2014-05-23,0.0007543391367565102
2014-05-27,-0.015563114173154336
2014-05-28,-0.0024748919431981094
2014-05-29,-0.0030334876442150494
2014-05-30,-0.003184421918236668
2014-06-02,-0.0033248335803934383
2014-06-03,0.001530899806780672
2014-06-04,-0.001797224455752333
2014-06-05,0.006523226603113996
2014-06-06,0.0010167385004566376
2014-06-09,0.0008793248737213766
2014-06-10,0.003966161097470588
2014-06-11,2.567491755556229e-06
2014-06-12,0.008173544271831657
2014-06-13,2.9020478504759514e-05
2014-06-16,-0.0031875432318520967
2014-06-17,-0.0003341057906008581
2014-06-18,0.0023242993400004464
2014-06-19,0.00875864752959169
2014-06-20,-0.0022409065054403766
2014-06-23,-0.0003379529453908848
2014-06-24,0.006170251371261016
2014-06-25,-0.00026336489126335135
2014-06-26,-0.003848482060876457
2014-06-27,0.0006670282637223246
2014-06-30,0.008963555935918511
2014-07-01,-0.0005502655358250452
2014-07-02,0.0035160157476631375
2014-07-03,-0.0024182270612029934
2014-07-07,0.004153089416239042
2014-07-08,-0.006930084983521635
2014-07-09,-0.00012835089314633397
2014-07-10,0.001372827890681871
2014-07-11,-0.004662731118282482
2014-07-14,-0.008087193885195154
2014-07-15,0.0007893783381889177
2014-07-16,0.00669090165325672
2014-07-17,0.00767237873657265
2014-07-18,-0.0016442930446048604
2014-07-21,0.0016457350760480161
2014-07-22,0.003305550759094101
2014-07-23,0.0011212216914660456
2014-07-24,-0.0024571989124909767
2014-07-25,0.0025824525252169384
2014-07-28,-0.0029907452510084752
2014-07-30,-0.001292974348747122
2014-07-31,-0.007146914130230298
2014-08-01,-0.001976257492503986
2014-08-04,0.003497167359388464
2014-08-05,0.0031287322555351047
2014-08-06,0.0007730050244914907
2014-08-07,0.0013876352769092827
2014-08-08,-0.004455361315208984
2014-08-11,0.002342960206342371
2014-08-12,0.004942000010501547
2014-08-13,0.0019828093907438005
2014-08-14,0.0016867533122318702
2014-08-18,-0.006250025861971141
2014-08-19,-0.0014835666352344787
2014-08-20,-0.003457153052260109
2014-08-21,-0.00692806212724184
2014-08-22,0.002065177662884521
2014-08-25,-0.002491004872413449
2014-08-26,0.003420931480930422
2014-08-27,0.0007810358269179752
2014-08-28,0.0043576775852429694
2014-09-02,-0.012906786934987747
2014-09-03,0.0035557433172596297
2014-09-04,-0.0047795423217219515
2014-09-05,0.003287499878087474
2014-09-08,-0.006762760245162579
2014-09-09,9.279472401529926e-05
2014-09-10,-0.004757087287825601
2014-09-11,-0.004953900915466047
2014-09-12,-0.006898037619814789
2014-09-15,0.001123940108460275
2014-09-16,-0.00029389054495371236
2014-09-17,-0.00756752106075148
2014-09-18,0.003038892287555428
2014-09-19,-0.003257776523095479
2014-09-22,-0.0007014906817288111
2014-09-23,0.0033389681847525218
2014-09-24,-0.004023661426177837
2014-09-25,0.0018714801397859747
2014-09-26,-0.0016718918399996731
2014-09-29,0.00033402659684929055
2014-09-30,-0.005003917302942906
2014-10-01,0.0048118092835210515
2014-10-07,-0.0027865624433150884
2014-10-08,0.00726058693571151
2014-10-09,0.0021731604230836423
2014-10-10,-0.0007797548037398183
2014-10-13,0.006889612394969036
2014-10-14,0.0005531237798937938
2014-10-16,0.002830709441696288
2014-10-17,-0.001526731328567221
2014-10-20,0.006329552329993038
2014-10-21,0.001352969532070314
2014-10-22,-0.0031628334365800476
2014-10-27,-0.008013584237554605
2014-10-28,0.0001944756286041737
2014-10-29,-0.009898154504915114
2014-10-30,-0.006153369032592592
2014-10-31,0.0004176908204072908
2014-11-03,-0.0013760660480908735
2014-11-05,-0.0055755822972772704
2014-11-07,0.004154052496015848
2014-11-10,-0.00342236538508407
2014-11-11,0.002571015543107813
2014-11-12,0.0005998858916682059
2014-11-13,-0.0007160926548421375
2014-11-14,0.005264051503794431
2014-11-17,0.0016107036931381825
2014-11-18,0.0010465573412924201
2014-11-19,-0.004843757522726278
2014-11-20,0.002932225836203473
2014-11-21,0.005751134062385743
2014-11-24,0.003327742259606159
2014-11-25,-0.0027082816052511837
2014-11-26,0.0012387897919890478
2014-11-28,0.005538269502867977
2014-12-01,0.0011227059666073626
2014-12-02,-0.004836267275235862
2014-12-03,0.001945208443086055
2014-12-04,0.0025848668344598978
2014-12-05,-0.005007951384566334
2014-12-08,-0.0033472771282146204
2014-12-09,-0.0022191957693049155
2014-12-10,0.0025157054248169386
2014-12-11,-0.0046609195491779665
2014-12-12,-0.0011074457787920156
2014-12-15,-0.004303575520000746
2014-12-16,-0.006730806245160504
2014-12-17,-0.005696401729433232
2014-12-18,0.006578504052980128
2014-12-19,0.005182436785545852
2014-12-22,0.004071623108984878
2014-12-23,-0.0065690807272429045
2014-12-24,-0.005303161576147819
2014-12-26,0.003985980476248008
2014-12-29,0.0031364585098938914
2014-12-30,0.0019182584206672627
2014-12-31,0.0011353231511261885
2015-01-02,0.009284569485564775
2015-01-05,0.002932685567961035
2015-01-06,-0.011154926902193663
2015-01-07,-0.00221658314773735
2015-01-08,0.004055457114008933
2015-01-09,0.007319382218436643
2015-01-12,0.0062404583062367625
2015-01-13,-0.0018693654178241093
2015-01-14,-0.00015230686519053245
2015-01-15,0.01901540631861278
2015-01-16,-0.00048553653582135165
2015-01-20,0.01296489529383944
2015-01-21,7.057458029413577e-05
2015-01-22,0.001639601571945426
2015-01-23,0.0060526812455776405
2015-01-27,0.004009354201273463
2015-01-28,0.0025040044363087376
2015-01-29,-0.0014394916240365488
2015-01-30,-0.002280343283194375
2015-02-02,-0.001987267614243682
2015-02-03,-0.006815557896443125
2015-02-04,-0.0007790767139046028
2015-02-05,-0.001976608711913497
2015-02-06,-0.009967240292359049
2015-02-09,-0.007514809237321496
2015-02-10,0.0007095271969154936
2015-02-11,0.0022799844922403497
2015-02-12,0.005256260863659268
2015-02-13,0.004598679673150507
2015-02-18,0.0012881893694407839
2015-02-19,-0.0006070969904509614
2015-02-20,-0.004651084133572325
2015-02-23,-0.0017920820835888754
2015-02-24,0.0018737226654424342
2015-02-25,0.0016586633657846182
2015-02-26,-0.004624952070536448
2015-02-27,0.00869976078311059
2015-03-02,0.0015993969424651705
2015-03-03,0.000572507419353341
2015-03-04,-0.003982312387581944
2015-03-05,0.0005591358426692561
2015-03-09,-0.017693781313751565
2015-03-10,-0.0022416264560611524
2015-03-11,-0.003990982293112232
2015-03-12,0.0008721304680422426
2015-03-13,-0.0007497639878455088
2015-03-16,8.371767676736987e-05
2015-03-17,-0.0023346361681971786
2015-03-18,0.0076085801419419
2015-03-19,-0.003985385507724393
2015-03-20,0.0016902758224272229
2015-03-23,0.0013561471834755419
2015-03-24,0.0012759685513293647
2015-03-25,-0.0014460200302699676
2015-03-26,-0.008574122652942606
2015-03-27,4.293223492487503e-05
2015-03-30,0.0037927381591828296
2015-03-31,0.0004783253106717344
2015-04-01,0.011035383083721095
2015-04-06,0.005790813202150624
2015-04-07,-0.0012239972897309381
2015-04-08,0.0005691362287467028
2015-04-09,-0.00036155265671619034
2015-04-10,0.0034113429461463006
2015-04-13,0.0009075876293618613
2015-04-16,-0.004776556735944071
2015-04-17,-0.002532776058104003
2015-04-20,-0.010173506119793374
2015-04-21,-0.0022391397889835914
2015-04-22,-0.003290986818491691
2015-04-23,0.001614864913796521
2015-04-24,-0.0075910604541568165
2015-04-27,0.0011765578485989914
2015-04-28,0.004714690352003758
2015-04-29,-0.00543962282345134
2015-04-30,-0.008209831923090527
2015-05-04,0.006766336249677207
2015-05-05,-8.682754576072723e-06
2015-05-06,-0.012569249850713294
2015-05-07,-0.0031517947051857512
2015-05-08,0.009274109718374456
2015-05-11,0.0024213477954011632
2015-05-12,-0.006737430524295408
2015-05-13,0.010314174881209226
2015-05-14,0.002097832518825737
2015-05-15,0.004903166140431958
2015-05-18,0.00333902312489538
2015-05-19,-0.005873281621912196
2015-05-20,0.003899791949461684
2015-05-21,0.00067196067565225
2015-05-22,0.0008927600687390292
2015-05-26,-0.008176427495480053
2015-05-27,-0.0004488679461350231
2015-05-28,-0.0001254279508537072
2015-05-29,0.0058917277111711465
2015-06-01,-0.0014988603760651366
2015-06-02,-0.0009032665033686829
2015-06-03,-0.00795095992014767
2015-06-04,-0.004007767802770601
2015-06-05,-0.005363788389953806
2015-06-08,0.0014761147252119518
2015-06-09,0.0006336819205761566
2015-06-10,0.006460745540099632
2015-06-11,-0.0035775550822912724
2015-06-12,-7.980896288714014e-05
2015-06-15,0.003957674708489511
2015-06-16,-0.0013434741593900566
2015-06-17,0.00393775504944489
2015-06-18,0.009912595807391499
2015-06-19,0.00046669462817753324
2015-06-22,-0.00912442225892228
2015-06-23,-0.00488955344066615
2015-06-24,-0.0015142170043090152
2015-06-25,-0.0009842004077131648
2015-06-26,-0.00041025398702017064
2015-06-29,0.004748509643596809
2015-06-30,-0.004282196060678578
2015-07-01,-0.0024644868224660277
2015-07-02,-0.0007620972681971591
2015-07-06,0.004207749634675073
2015-07-07,-0.007722602722158023
2015-07-08,0.0011442713395060193
2015-07-09,-0.00010582264069320974
2015-07-10,-0.00018440853206187492
2015-07-13,-0.0024890576383310714
2015-07-14,-0.0010099297629341695
2015-07-15,-0.002077586615210114
2015-07-16,-0.001629484009575421
2015-07-17,-0.007039054485353024
2015-07-20,-0.0194801785115834
2015-07-21,-0.002492364085651133
2015-07-22,-0.002319409001883821
2015-07-23,-0.0028286579926737328
2015-07-24,0.006238315936450345
2015-07-27,-0.004478203466350982
2015-07-28,0.00021584800040072002
2015-07-29,0.0011727110400450158
2015-07-30,-0.005205009240523251
2015-07-31,0.006921314419004699
2015-08-03,-0.004807889107187612
2015-08-04,7.418176306892552e-05
2015-08-05,-0.0027239019818921734
2015-08-06,0.00404027851050115
2015-08-07,0.0022558452493689042
2015-08-10,5.636597188806922e-06
2015-08-11,0.0005462816484063989
2015-08-12,-0.001242472486986469
2015-08-13,-0.0029589203303604927
2015-08-14,0.00745013027735213
2015-08-17,-0.0006143371446590386
2015-08-18,-0.00104227278497947
2015-08-19,0.007219178732181741
2015-08-20,0.00027384447719105455
2015-08-21,-0.00040060808751731826
2015-08-24,-0.024778548211802986
2015-08-25,-0.0016872102591571005
2015-08-26,-0.010450907612908377
2015-08-27,0.008062993068549086
2015-08-28,0.005424604547564238
2015-08-31,-0.0017076870822893887
2015-09-01,-0.006910727630622927
2015-09-02,-0.005946298940220574
2015-09-03,0.0040733034735372375
2015-09-04,-0.008632768350612762
2015-09-08,0.0005003550061357556
2015-09-09,0.003016202056001638
2015-09-10,-0.001529495152317073
2015-09-11,0.0002314061997603867
2015-09-14,0.004710705080775224
2015-09-15,-0.005458602885521857
2015-09-16,0.007488290675936338
2015-09-18,0.013414751079534736
2015-09-21,-0.003815705610302045
2015-09-22,-0.00883245962144489
2015-09-23,0.0025991984767391287
2015-09-24,0.007890807434967928
2015-09-28,-0.008397258160610887
2015-09-29,0.0022575437595569016
2015-09-30,0.0023295300764852537
2015-10-01,-3.0337942510538776e-05
2015-10-05,0.013983465500359638
2015-10-06,0.005274314315109385
2015-10-07,1.4623790413603776e-05
2015-10-08,-0.004662000260034949
2015-10-09,0.007892423656070013
2015-10-12,-5.571407961271237e-05
2015-10-13,0.0011761877156046593
2015-10-14,0.005699105417610361
2015-10-15,0.0011388229438180743
2015-10-16,0.000499874042778215
2015-10-19,0.0003994241552424673
2015-10-20,0.00022565701368412175
2015-10-21,-0.0021113385264434517
2015-10-23,0.00011400746106299264
2015-10-26,-0.00108955285485981
2015-10-27,8.572345907604802e-05
2015-10-28,-0.006970473942565047
2015-10-29,-0.0076230467383702535
2015-10-30,-0.0028245374528366287
2015-11-02,-0.0035544442080087
2015-11-03,-0.004744435162217343
2015-11-04,-0.004160015416877927
2015-11-05,-0.005348615949695101
2015-11-06,-0.006467025860531262
2015-11-09,0.0011840046756243726
2015-11-10,-0.002760552065821609
2015-11-13,-0.003659028595179503
2015-11-16,0.001850008092945976
2015-11-17,-0.00890714795645384
2015-11-18,-0.0008279971378693297
2015-11-19,0.009591728708409786
2015-11-20,-0.0032647656989879146
2015-11-23,-0.005464566881353472
2015-11-24,0.004618570204859928
2015-11-27,-0.00975336738061644
2015-11-30,0.004613517106056719
2015-12-01,0.0037838403368284585
2015-12-02,-0.006690597094914951
2015-12-03,-0.003355843772475986
2015-12-04,0.0035892836459574078
2015-12-07,-0.003777292605418003
2015-12-08,-0.002614741881287408
2015-12-09,-0.00476408364458315
2015-12-10,0.002808091328626072
2015-12-11,0.0002490320589715986
2015-12-14,-0.00397508091750417
2015-12-15,0.001099878064886095
2015-12-16,0.0034003827958595913
2015-12-17,0.005505188089402801
2015-12-18,-0.002286755188244882
2015-12-21,0.005946125623730714
2015-12-22,-0.0047364310056533295
2015-12-23,0.00393140973504853
2015-12-24,0.0011453240336073312
2015-12-28,0.003395752036841815
2015-12-29,-0.0019422666259274802
2015-12-30,-0.002673414913611816
2015-12-31,0.0036669431682287757
2016-01-04,-0.00664187257672002
2016-01-05,0.00041923630398911233
2016-01-06,0.003900611745504046
2016-01-07,-0.004035144260214896
2016-01-08,0.0011762649539680094
2016-01-11,-0.0055937342413796
2016-01-12,-0.0030016819775952166
2016-01-13,0.0054174668789636945
2016-01-14,-0.006836969982898489
2016-01-15,-0.0007720592664358207
2016-01-19,-0.0008223476013869857
2016-01-20,-0.0012830751703780015
2016-01-21,-0.002184445378234312
2016-01-22,0.005946810955052085
2016-01-25,0.004825368104849969
2016-01-27,0.005082684972272822
2016-01-28,-0.0035207290112309495
2016-01-29,0.010240898691967626
2016-02-01,0.001992583425071137
2016-02-02,-0.0030789143525845612
2016-02-03,-0.0021391412930063416
2016-02-04,0.006630993743434055
2016-02-05,0.009728763690809883
2016-02-08,0.000834704536286578
2016-02-09,-0.005426214282887665
2016-02-10,-0.0013022456910335885
2016-02-11,-0.010727370443763462
2016-02-12,-0.0033094755673430125
2016-02-16,0.0005934119618666517
2016-02-17,0.003909541542966699
2016-02-18,0.010147447942573874
2016-02-19,0.0007207390220155484
2016-02-22,-0.0005255963028601655
2016-02-23,-0.006343752978410732
2016-02-24,-0.006056558773310061
2016-02-25,-0.0019695598882340844
2016-02-26,0.0016087872060864261
2016-02-29,-0.0010784163294828009
2016-03-01,0.012975053956032412
2016-03-02,0.010224509381753255
2016-03-03,0.009446309576653756
2016-03-04,-0.0008570401759467219
2016-03-08,0.0015325754567424466
2016-03-09,0.0007065260762926127
2016-03-10,-0.0028546275808551177
2016-03-11,-0.001254372310354435
2016-03-14,0.0009059838191574632
2016-03-15,-0.005180644792123467
2016-03-16,0.006888596956546067
2016-03-17,0.0009789024639786925
2016-03-18,0.004586051356973053
2016-03-21,0.00230073825271111
2016-03-22,0.0008027427884895078
2016-03-23,-0.005327337224170792
2016-03-28,-0.005144809596351252
2016-03-29,0.006636809689072232
2016-03-30,0.0026744880903992524
2016-03-31,0.0026403713565391618
2016-04-01,-0.003208096698574847
2016-04-04,0.0007256279830905271
2016-04-05,-0.002924577964813624
2016-04-06,-0.0018996795190655558
2016-04-07,0.0022651847010075827
2016-04-08,-0.0004507617740863833
2016-04-11,0.010150999535203731
2016-04-12,0.0008170460471293665
2016-04-13,0.004361053763058265
2016-04-18,0.000563196739337924
2016-04-20,0.001126701413077347
2016-04-21,0.000506115169805954
2016-04-22,-0.004817030874723405
2016-04-25,-0.0017044480341844583
2016-04-26,0.00604050459119957
2016-04-27,0.0033763474616083314
2016-04-28,6.078646052041104e-05
2016-04-29,0.005858151414286183
2016-05-02,-0.004103136514218009
2016-05-03,-0.0019191892526511547
2016-05-04,-0.0033739038022661204
2016-05-05,0.0019744947866500604
2016-05-06,0.0019169950598057926
2016-05-09,0.0012674484871482714
2016-05-10,0.0018725520613943835
2016-05-11,0.0013126545830666634
2016-05-12,-0.0005437460146080373
2016-05-13,-0.0018264949888520342
2016-05-16,0.0014865267795514782
2016-05-17,0.002153777322760497
2016-05-18,-0.008667853876595022
2016-05-19,-0.0046820106864679635
2016-05-20,-0.0019406308403491002
2016-05-23,-0.001623201471473168
2016-05-24,-0.004773576209324237
2016-05-25,0.008648789154787185
2016-05-26,0.006698569844734603
2016-05-27,0.0012684272228454807
2016-05-31,0.001666640901102423
2016-06-01,0.0005615154826369873
2016-06-02,0.0021398870875520837
2016-06-03,0.01120049625704782
2016-06-06,-0.0016445934062914835
2016-06-07,0.0033714815358292126
2016-06-08,0.005115261045792941
2016-06-09,-0.0012311394591450146
2016-06-10,0.0006299090615143439
2016-06-13,-0.00010041345944207265
2016-06-14,0.0001510405809918569
2016-06-15,0.007959143560603411
2016-06-16,-0.006041321683182988
2016-06-17,0.004278836089269578
2016-06-20,0.0002637657709079755
2016-06-21,-0.0073480342161535974
2016-06-22,-4.460891098585502e-05
2016-06-23,-0.00013534888032755692
2016-06-24,-0.0005606759557650106
2016-06-27,0.004374487533368087
2016-06-28,0.0009033827073311018
2016-06-29,0.003473374769783799
2016-06-30,0.006492150651212359
2016-07-01,0.005040146290758241
2016-07-05,0.0034746360234931386
2016-07-07,-0.0001316139057463639
2016-07-08,0.0004943657088158251
2016-07-11,0.005641314673321118
2016-07-12,-0.0008842829044528712
2016-07-13,0.0018598263987746999
2016-07-14,0.00023258361653258862
2016-07-15,-0.0032934956533642312
2016-07-18,-0.00186374636053952
2016-07-19,0.002372784566340802
2016-07-20,-6.402287611713148e-05
2016-07-21,-0.0008377725432059391
2016-07-22,0.000760370842811242
2016-07-25,0.004511351823841181
2016-07-26,-0.0006296373654324228
2016-07-27,0.007288841104989241
2016-07-28,0.0016374570341753047
2016-07-29,0.002964133029128035
2016-08-01,-0.000573701350865896
2016-08-02,0.0010859091814867214
2016-08-03,-0.0048881812939732035
2016-08-04,0.0015227698081477835
2016-08-05,-0.0010473953787074712
2016-08-08,0.0008793239660967345
2016-08-09,0.0007773515067561964
2016-08-10,-0.0025365493420489
2016-08-11,-0.002730490343877856
2016-08-16,0.0039046272178266173
2016-08-17,-0.00030326578619686026
2016-08-18,0.00424142529839433
2016-08-19,-0.003957361118058055
2016-08-22,-0.0015172114047760866
2016-08-23,8.632161861550359e-05
2016-08-24,-0.00262135528856211
2016-08-25,-0.003429594807093262
2016-08-26,-0.0019955266473365096
2016-08-29,0.0026208935029608193
2016-08-30,-0.005466275117461937
2016-08-31,-0.0011533796110514193
2016-09-01,0.0030430910001718603
2016-09-02,0.007031456224578413
2016-09-06,0.014281866712438451
2016-09-07,-0.0025659521033726596
2016-09-08,-0.004304988283341881
2016-09-09,-0.006517365711236889
2016-09-12,-0.002407584338654634
2016-09-14,-0.002428997633256835
2016-09-15,-0.004256740592763308
2016-09-16,-0.0010879112331308224
2016-09-19,0.0014384105860838047
2016-09-20,0.0006078349286159911
2016-09-21,0.01055045927135707
2016-09-22,0.0032722470092267255
2016-09-23,0.0001236835087391474
2016-09-26,-0.0012036179297303384
2016-09-27,-0.004955237710511816
2016-09-28,-0.0018554673786624783
2016-09-29,-0.0024668587023120693
2016-09-30,-0.0026551726614514877
2016-10-03,-0.000774052871539299
2016-10-04,-0.010364518375757114
2016-10-05,-0.0022965942829473508
2016-10-06,-0.004978940866611414
2016-10-07,8.608228431343794e-05
2016-10-10,0.0007811346781255613
2016-10-13,-0.006002044729815315
2016-10-14,-0.0021284594133664453
2016-10-17,-0.0014781612477959842
2016-10-18,0.009846555835074077
2016-10-19,0.0009879247739966732
2016-10-20,0.0006742264417589738
2016-10-21,0.00025694866712733233
2016-10-24,-0.00034510059807882907
2016-10-25,0.0013994771403013303
2016-10-26,-0.0058306365508898235
2016-10-27,-0.0004868170683574591
2016-10-28,0.002524026713179772
2016-11-01,0.00254984735982382
2016-11-02,-0.002079868167559118
2016-11-03,4.608361076386953e-05
2016-11-04,0.0005206593970447981
2016-11-07,-0.012687487407864715
2016-11-08,-0.003084097425737753
2016-11-09,-0.00481191634278021
2016-11-10,-0.001825140635724076
2016-11-11,-0.018018783327368736
2016-11-15,-0.010742162508467833
2016-11-16,-0.00045962775219259293
2016-11-17,-0.0044248897149072874
2016-11-18,-0.00425212788332292
2016-11-21,-0.005807583647434945
2016-11-22,0.003872505973707552
2016-11-23,-0.00547334860123757
2016-11-25,0.0020817880908769355
2016-11-28,0.005157752416350969
2016-11-29,-0.0003349417648100038
2016-11-30,-0.001989986182202208
2016-12-01,-0.003245218207485101
2016-12-02,-0.0022197422597094235
2016-12-05,0.0003558369741221482
2016-12-06,0.0005268017277282323
2016-12-07,5.627818315441209e-05
2016-12-08,0.005314439853371279
2016-12-09,-0.003964505024147302
2016-12-12,-0.003204786828874706
2016-12-13,0.0016672686103814897
2016-12-14,-0.00880807036318323
2016-12-15,-0.006355893930565259
2016-12-16,0.001666939217437346
2016-12-19,0.001163914644979735
2016-12-20,-0.00392752675523258
2016-12-21,-0.0003864533546391603
2016-12-22,-0.004931836594725392
2016-12-23,0.0015701617829028793
2016-12-27,0.003677611812465298
2016-12-28,0.0020267146942488656
2016-12-29,0.0082849386431185
2016-12-30,0.0030974768852086053
2017-01-03,0.002525997104794986
2017-01-04,0.001317300841485025
2017-01-05,0.010667322694975591
2017-01-06,-0.005025911755087165
2017-01-09,0.003235553385589651
2017-01-10,0.003688014393728967
2017-01-11,0.005711787390794654
2017-01-12,0.002521425147635559
2017-01-13,-0.00018916781116086196
2017-01-17,0.005704711365441373
2017-01-18,-0.003756945272774215
2017-01-19,-0.0005421836536533163
2017-01-20,-0.0031913645931829888
2017-01-23,0.005523114480212921
2017-01-24,0.0015324072693281405
2017-01-25,0.0020326209435095896
2017-01-27,0.0003873795307101414
2017-01-30,0.0007894378592624541
2017-01-31,0.0018800656672371512
2017-02-01,0.005762911549431328
2017-02-02,0.0026003253670152217
2017-02-03,0.001287190112539549
2017-02-06,0.008237039541471503
2017-02-07,-0.00143855131617161
2017-02-08,0.0051741688948612865
2017-02-09,-0.0064133301678996
2017-02-10,0.0018898155239766231
2017-02-13,-0.004935260350782178
2017-02-14,-8.897655178309325e-05
2017-02-15,0.001962055195300727
2017-02-16,0.005169707692001668
2017-02-17,-0.0013397720543112167
2017-02-21,0.001297822753386324
2017-02-22,0.0014884147634729003
2017-02-23,0.006787776887165919
2017-02-27,0.00078896815876609
2017-02-28,0.0003594635393433076
2017-03-01,-0.0016457833437242054
2017-03-02,-0.009788899230180536
2017-03-03,-0.00025007590583006053
2017-03-06,-0.004003489957706452
2017-03-07,-0.006109008760726819
2017-03-08,-0.005276211553670528
2017-03-09,-0.0041166320032600566
2017-03-10,0.002037417710138367
2017-03-14,-0.0022432317800088024
2017-03-15,0.014793791450201377
2017-03-16,0.003095058753601809
2017-03-17,0.0021645750798193752
2017-03-20,0.0032263960666516485
2017-03-21,0.006743599743391071
2017-03-22,0.0010942097821131313
2017-03-23,-0.0005325506052309968
2017-03-24,0.0014734915079644305
2017-03-27,0.0037492387240604884
2017-03-28,-0.0029357313766318225
2017-03-29,0.002747150037391499
2017-03-30,-0.005285024055339926
2017-03-31,0.001875675861061521
2017-04-03,0.0053978853351339005
2017-04-05,0.001973498846000954
2017-04-06,-0.002741372215077098
2017-04-07,0.0003530759385567793
2017-04-10,0.00017668983200586077
2017-04-11,0.011668504014748128
2017-04-12,0.005051903053018458
2017-04-13,0.0033555793399254958
2017-04-17,-0.0024991364637549584
2017-04-18,0.004090352888640747
2017-04-19,-0.006751865002832446
2017-04-20,0.001235674100636097
2017-04-21,0.0019163739022419525
2017-04-24,-0.004081044244035781
2017-04-25,-0.007156921849532526
2017-04-26,0.004448283826043587
2017-04-27,-0.002578919503808208
2017-04-28,0.0020082473756690257
2017-05-02,-0.00640560785796973
2017-05-03,-0.010203471477971226
2017-05-04,-0.00699757208323255
2017-05-05,0.0005593470572681778
2017-05-08,-0.0017364115249758115
2017-05-09,-0.004393926286897509
2017-05-10,0.0008348103607542013
2017-05-11,0.003086876203233868
2017-05-12,0.0027769039425470377
2017-05-15,0.002198877094190088
2017-05-16,0.004019249925236723
2017-05-17,0.014474581611511517
2017-05-18,-0.006793726794974264
2017-05-19,0.0034037572043495
2017-05-22,0.0028168609765493176
2017-05-23,-0.005512811872558021
2017-05-24,0.0029013236218017545
2017-05-25,0.0009454350267147362
2017-05-26,0.007238697637131986
2017-05-30,-0.0015112621223721586
2017-05-31,0.0028556051842746452
2017-06-01,0.0004223767201575579
2017-06-02,0.006427199330770162
2017-06-05,0.0005798286394091745
2017-06-06,0.008119067777140476
2017-06-07,-0.003789944335136685
2017-06-08,-0.005061737068906957
2017-06-09,-0.006355821283809415
2017-06-12,-0.0016187960010787816
2017-06-13,0.0006737441201958072
2017-06-14,-0.0026736377853231346
2017-06-15,-0.0036903894294425975
2017-06-16,0.000333208183104361
2017-06-19,-0.0051698105855701336
2017-06-20,-0.0010169989259172227
2017-06-21,0.0017892723557831776
2017-06-22,0.0025108102628231487
2017-06-23,0.0024860651217318507
2017-06-27,-0.0051139575937223175
2017-06-28,0.00013210650144129807
2017-06-29,-0.0040251661416442425
2017-06-30,-0.002065912684395488
2017-07-03,-0.011193358306380841
2017-07-05,0.002978663586203223
2017-07-06,-0.0002938309260352101
2017-07-07,-0.0075634709287870075
2017-07-10,0.00250738547379552
2017-07-11,0.0013271612529911936
2017-07-12,0.003373933830587327
2017-07-13,-0.0007036467482317787
2017-07-14,0.0059699277863957114
2017-07-17,0.003661083127809861
2017-07-18,0.004730483182459777
2017-07-19,0.0005594421503826941
2017-07-20,0.0007389865816944563
2017-07-21,0.006818788251111729
2017-07-24,0.0006786699524472972
2017-07-25,-0.00342744420189357
2017-07-26,0.00685255395508566
2017-07-27,-0.0008449561430268538
2017-07-28,0.005536453587437039
2017-07-31,0.001029222396553031
2017-08-01,0.0002897651954990589
2017-08-02,-0.0019651833911774274
2017-08-03,0.0011240888168190136
2017-08-04,-0.005470687275971142
2017-08-07,-0.0007961693163506034
2017-08-08,0.0010977544985692586
2017-08-09,0.008004940747831556
2017-08-10,0.005054698907407272
2017-08-11,0.0024308946258477463
2017-08-14,-0.004584833477210625
2017-08-16,0.0005424952986488152
2017-08-17,0.0043394151579913
2017-08-18,-0.0017224725406841056
2017-08-21,0.001918772244323208
2017-08-22,-0.003411516862945174
2017-08-23,0.004213955851248663
2017-08-24,-0.0024376981635461756
2017-08-28,0.014823832910353052
2017-08-29,-0.002230152914953176
2017-08-30,0.00039781218670255087
2017-08-31,0.008871535244417993
2017-09-01,0.0013164893042302726
2017-09-05,0.004529398786609939
2017-09-06,-0.0036956537158118535
2017-09-07,0.004978011999620512
2017-09-08,-0.0003979910369174666
2017-09-11,-0.0030161387675665115
2017-09-12,0.003635329222789185
2017-09-13,-0.003409266657342602
2017-09-14,0.0016589468366718263
2017-09-15,-0.0011829785888574417
2017-09-18,-0.0012809543831817753
2017-09-19,7.290678790217164e-05
2017-09-20,-0.003247473111933496
2017-09-21,-0.003433299186890426
2017-09-22,-0.004321115811526455
2017-09-25,0.00035236636266973084
2017-09-26,-0.0036447830868892362
2017-09-27,-0.009865465347501112
2017-09-28,0.0018734676917761429
2017-09-29,-0.0036512400744859058
2017-10-03,-0.003539213051527267
2017-10-04,0.002475061002887147
2017-10-05,-0.004226186863228299
2017-10-06,0.003986257029112017
2017-10-09,0.0060399660065965305
2017-10-10,0.002192430312285376
2017-10-11,0.002135182696886462
2017-10-12,0.001875794280569254
2017-10-13,0.006677210997037619
2017-10-16,-0.004518726088800961
2017-10-17,-0.004821440598784942
2017-10-18,-0.003373506088337274
2017-10-19,0.0037194564739639994
2017-10-23,-0.00363561507753315
2017-10-24,-0.0030797912816550644
2017-10-25,0.0006527590982367882
2017-10-26,-0.005678191654206043
2017-10-27,0.0037597733246672368
2017-10-30,0.0024428378928146753
2017-10-31,-0.003063545084816621
2017-11-01,0.003691052031937936
2017-11-02,0.000566496166934649
2017-11-03,-0.0026968961120544255
2017-11-06,0.006215150959589532
2017-11-07,-0.0034292775573539604
2017-11-08,0.0017273621961239488
2017-11-09,0.0028587162189567914
2017-11-10,-0.006622744028913907
2017-11-13,7.880093370704546e-06
2017-11-14,0.0013510881070256664
2017-11-15,-0.0008192392395253822
2017-11-16,0.00039012828088584865
2017-11-17,0.009356569225152643
2017-11-20,-0.00900404377644809
2017-11-21,0.001465080909718841
2017-11-22,0.007242571619939198
2017-11-24,-0.0014805331797709596
2017-11-27,0.003145149674977787
2017-11-28,-0.00035807484457340833
2017-11-29,-0.0051144674180247365
2017-11-30,-0.007314637600704843
2017-12-01,0.0025471392488045307
2017-12-04,-0.002396012669758085
2017-12-05,-0.004910469535617279
2017-12-06,-0.0017720887263739105
2017-12-07,-0.008348613503348732
2017-12-08,0.0007633438901147427
2017-12-11,-0.0023576607861065524
2017-12-12,-0.0001350811937460895
2017-12-13,0.006395490636080458
2017-12-14,-0.0009048211396218807
2017-12-15,0.0022253690848407
2017-12-18,0.0033152018900266976
2017-12-19,0.00033610451277097384
2017-12-20,0.0010996449976595766
2017-12-21,0.0010941941880246442
2017-12-22,0.004246515467526857
2017-12-26,0.0052471523376776295
2017-12-27,0.003113908528849107
2017-12-28,0.003181776481652143
2017-12-29,0.005384908030392443
2018-01-02,0.006988213737336623
2018-01-03,-0.0016271272441108818
2018-01-04,0.004084163600386992
2018-01-05,-0.0004578579729740517
2018-01-08,0.0004064476040640864
2018-01-09,-0.004065276137176044
2018-01-10,0.0015811698172115138
2018-01-11,0.002608052433720087
2018-01-12,0.008630459128234612
2018-01-16,0.0014331405366324822
2018-01-17,-0.005285885111138133
2018-01-18,-0.0019224126927630978
2018-01-19,0.0033139622442652336
2018-01-22,0.0018527479106153599
2018-01-23,0.005131744995668396
2018-01-24,0.00816084928410441
2018-01-25,-0.00437729795583891
2018-01-29,-0.003937918232263315
2018-01-30,-0.00421235942497703
2018-01-31,0.0045517892911848485
2018-02-01,0.0011736475490432884
2018-02-02,-0.012249713498643122
2018-02-05,0.002541782924758029
2018-02-06,-0.009798543883012278
2018-02-07,-0.004083959724450847
2018-02-08,0.0021976096389541237
2018-02-09,-0.0026803164290588933
2018-02-12,0.004118713895858717
2018-02-14,0.004048287515670912
2018-02-15,0.002138062102842664
2018-02-16,-0.0038090638429695736
2018-02-20,-0.007872922286067252
2018-02-21,-0.0008311530582836844
2018-02-22,0.0013740765346602624
2018-02-23,0.0049441460383364945
2018-02-26,0.004580246802553867
2018-02-27,-0.005140148976760107
2018-02-28,-0.0019341758658669493
2018-03-01,-0.0006961832677589987
2018-03-05,-0.004192568910045336
2018-03-06,-0.0010261089581683372
2018-03-07,-0.0056300194935908435
2018-03-08,0.003386472155180209
2018-03-09,8.454378545746924e-05
2018-03-12,0.0023733563617591713
2018-03-13,0.0017232966445890339
2018-03-14,-0.00020730739276418885
2018-03-15,-0.005020372062125189
2018-03-16,-0.0035081948500923724
2018-03-19,0.0003317932592272752
2018-03-20,-0.003232206644763513
2018-03-21,0.012661872986413148
2018-03-22,-0.002343728882279294
2018-03-23,0.008176210030406294
2018-03-26,0.004456251319026893
2018-03-27,-0.0026502441366906154
2018-03-28,-0.00696662695788236
2018-04-02,0.008448588304127291
2018-04-03,-0.0019225635651456514
2018-04-04,-0.004371356678696692
2018-04-05,0.005468915629390558
2018-04-06,0.0029741721770852434
2018-04-09,0.0029277608506672378
2018-04-10,0.0010676047359255646
2018-04-11,0.0032012572478687055
2018-04-12,-0.0029746794227128674
2018-04-13,0.003069258125854191
2018-04-16,0.0020999633785730777
2018-04-17,0.0012306311874784813
2018-04-18,-0.001787968217288516
2018-04-19,7.722681504736002e-05
2018-04-20,-0.006000353508033529
2018-04-23,-0.005584598136858765
2018-04-24,0.0034426926584000257
2018-04-25,-0.005394085836869355
2018-04-26,-0.0014353899439234375
2018-04-27,0.004005605488456654
2018-04-30,-0.004419240705608973
2018-05-02,-0.005753421257360436
2018-05-03,0.0037212326341972135
2018-05-04,0.0009092449888542074
2018-05-07,0.000986048958832564
2018-05-08,-0.00020085004735284075
2018-05-09,-0.0016912797616554951
2018-05-10,0.004966573683590369
2018-05-11,-0.00014747807412297516
2018-05-14,-0.003288973366696712
2018-05-15,-0.012452961059643507
2018-05-16,-0.002065632973682918
2018-05-17,-0.00026252385229403875
2018-05-18,0.0002554540728254784
2018-05-21,-0.0002128726404575621
2018-05-22,-0.0002892091842434441
2018-05-23,0.0006468636467916178
2018-05-24,0.007312184149302792
2018-05-25,-0.0004956855475633624
2018-05-29,0.0023107712440398444
2018-05-30,-9.774542665408423e-06
2018-05-31,-0.0004819939526615191
2018-06-01,-0.004579700807303155
2018-06-04,-0.0020252435690676475
2018-06-05,0.0029252473335668826
2018-06-06,0.0004573753812041615
2018-06-07,0.0012895575723422706
2018-06-08,0.0005733134596539124
2018-06-11,0.0012344353636875914
2018-06-12,-0.0019288079202059217
2018-06-13,0.0020001292205969797
2018-06-14,0.001262539682072583
2018-06-15,-0.011327453815679178
2018-06-18,-0.0013935928164098164
2018-06-19,-0.0020895006538915297
2018-06-20,-0.0032002524849148116
2018-06-21,-0.0009792878834916307
2018-06-22,0.0024819244333443404
2018-06-25,-0.002892225773579771
2018-06-26,-0.0035182585539185844
2018-06-27,-0.004136462433600918
2018-06-28,-0.0030912602385134826
2018-06-29,0.0035725321364983072
2018-07-02,-0.007689474812794505
2018-07-03,0.00800009943305393
2018-07-05,0.002845370432798644
2018-07-06,-0.000728599374782246
2018-07-09,0.0019459920656211603
2018-07-10,-0.0005795219270089967
2018-07-11,-0.007172389392522582
2018-07-12,0.003521782974809495
2018-07-13,-0.002788420128173663
2018-07-16,-0.001433102737136971
2018-07-17,-0.00702890860075791
2018-07-18,-0.0002264244119870918
2018-07-19,-0.00267449985056597
2018-07-20,0.004316095362735872
2018-07-23,-0.0036643941794320505
2018-07-24,0.0008261584505733222
2018-07-25,0.003702408814475388
2018-07-26,-0.005358450816553339
2018-07-27,0.001672158640168453
2018-07-30,-0.0009779420533404081
2018-07-31,0.0026597032865992576
2018-08-01,-0.005692938428927884
2018-08-02,-0.004427067846293586
2018-08-03,0.003989920641028277
2018-08-06,-0.003263873617420021
2018-08-07,0.0011998857761533089
2018-08-08,0.0026635792444273717
2018-08-09,-0.000303885854384922
2018-08-10,0.00019907535845373756
2018-08-13,-0.011262663101886273
2018-08-14,0.0011849165347809665
2018-08-16,-0.012203274232280913
2018-08-17,0.007320524288131125
2018-08-20,0.004826415020596974
2018-08-21,0.001943244784038911
2018-08-23,-0.004625749296269776
2018-08-24,0.004442425093150603
2018-08-27,0.005126938226865285
2018-08-28,-0.0014621851985566199
2018-08-29,-0.00030376833272761656
2018-08-30,-0.001431088712952644
2018-08-31,-0.00015762739310183347
2018-09-04,-0.007704630479768937
2018-09-05,-0.0004984843535305484
2018-09-06,0.003288499115054022
2018-09-07,-0.0003574123131180769
2018-09-10,-0.005246968605127411
2018-09-11,-0.0061696092311028915
2018-09-12,0.005791574425137003
2018-09-14,0.0015000889413784861
2018-09-17,-0.0031494863028166628
2018-09-18,-0.002743448359323419
2018-09-19,0.0019839476212571206
2018-09-21,-0.0031105336993343946
2018-09-24,-0.0019178543950488015
2018-09-25,0.0018244829436181887
2018-09-26,-0.003164181584381009
2018-09-27,-0.006881758339252242
2018-09-28,0.004105348859643365
2018-10-01,-0.0009742034590179416
2018-10-03,0.0029493402377451117
2018-10-04,-0.0025338258859819445
2018-10-05,-0.0011743936408881166
2018-10-08,-0.007363908455895329
2018-10-09,0.00029982277183749907
2018-10-10,0.0033848220358957404
2018-10-11,0.00031588197558669526
2018-10-12,0.007512314854280777
2018-10-15,0.003711990157879752
2018-10-16,0.002201897728462099
2018-10-17,-0.005869862892438582
2018-10-19,-0.004970913130433119
2018-10-22,-0.0029792710958721938
2018-10-23,-0.001301663705438006
2018-10-24,0.005382559033401591
2018-10-25,-0.005288179907741664
2018-10-26,-0.0014547733206121015
2018-10-29,0.007596038059539866
2018-10-30,-0.0040146166662315295
2018-10-31,0.004954226117177619
2018-11-01,0.003875933936847864
2018-11-02,0.005029389076482294
2018-11-05,-0.001639347871092156
2018-11-06,-0.0009525609814028391
2018-11-07,0.0025724467601367378
2018-11-09,-0.0037551743420473514
2018-11-12,-0.005388032468270131
2018-11-13,0.0013624362941788038
2018-11-14,0.0061462008714416975
2018-11-15,0.0013147867951153634
2018-11-16,0.0064161594644112085
2018-11-19,0.0013594778826536923
2018-11-20,-0.0010355373874209263
2018-11-21,0.0005834256383314363
2018-11-26,-0.0010992996316121603
2018-11-27,-0.0034430148065481944
2018-11-28,0.003003605610789517
2018-11-29,0.003907617260708984
2018-11-30,-0.0006496118258667581
2018-12-03,0.00577248492654614
2018-12-04,0.005061923224361886
2018-12-06,-0.0018409107897503943
2018-12-07,0.007135284050649137
2018-12-10,-0.004232933712806297
2018-12-11,-0.0007594418317688034
2018-12-12,0.002729330882658276
2018-12-13,-0.0009252198895132847
2018-12-14,-0.002358025663633789
2018-12-17,0.006195829606768677
2018-12-18,0.0023427689408401344
2018-12-19,-0.0030289107259478306
2018-12-20,0.010395430299845443
2018-12-21,-0.004683456216074976
2018-12-24,0.007327429136308127
2018-12-26,-0.002424448000272328
2018-12-27,0.006293810775536412
2018-12-28,0.004672688473249486
2018-12-31,0.0018743158061592879
2019-01-02,0.0002392919670942239
2019-01-03,0.0068218283001468365
2019-01-04,-0.006759343770943371
2019-01-07,0.002279769211594984
2019-01-08,-0.002113364723003164
2019-01-09,0.00509896768512772
2019-01-10,-0.004525988679207238
2019-01-11,0.0015596247949114183
2019-01-14,0.001020202361670819
2019-01-15,-6.510622430899726e-06
2019-01-16,0.0021566881401207994
2019-01-17,-0.001144821378981431
2019-01-18,-0.006868541031221819
2019-01-22,0.0033280938357556516
2019-01-23,-0.0019114796951480884
2019-01-24,-0.00029147626604861785
2019-01-25,0.009132644473894568
2019-01-28,0.0014038613081560623
2019-01-29,0.004407713610143616
2019-01-30,0.004465604123671007
2019-01-31,0.0029382654484683803
2019-02-01,-0.0018940453086455531
2019-02-04,-0.003307245708955408
2019-02-05,0.0023561630189547823
2019-02-06,-0.003405998221624006
2019-02-07,0.0024170960383459892
2019-02-08,0.0017904252701943177
2019-02-11,-0.004244439455860005
2019-02-12,0.0006773247979167449
2019-02-14,0.0007832084260520177
2019-02-15,0.003782705532537511
2019-02-19,0.009882317039913201
2019-02-20,-1.738734038755343e-05
2019-02-21,-0.008000400325661385
2019-02-22,0.0031302583093041564
2019-02-25,-0.00021141541394960046
2019-02-26,0.0013544343958290849
2019-02-27,-0.0059317825292156115
2019-02-28,-0.004578182226860749
2019-03-01,-0.011910716506061368
2019-03-05,0.0009559614863973388
2019-03-06,0.0005219644910884004
2019-03-07,0.00014292487820911651
2019-03-08,0.0077425831004432335
2019-03-11,-0.0023698237434206623
2019-03-12,0.005984087280938599
2019-03-13,0.005177141669681239
2019-03-14,-0.008355270610427868
2019-03-15,0.004569346286590226
2019-03-18,0.0004414699827297808
2019-03-19,0.0024132781068672005
2019-03-20,0.005832476478542281
2019-03-22,-0.00035805599105819257
2019-03-25,0.004975962198369021
2019-03-26,-0.002506918494227994
2019-03-27,-0.0034111090492113354
2019-03-28,-0.008796556307344817
2019-04-01,-0.0029590771770857892
2019-04-02,0.0033100590254133916
2019-04-03,-0.0022473428511653017
2019-04-04,0.0015952721808948688
2019-04-05,-6.465479868390518e-05
2019-04-08,0.002193057895223882
2019-04-09,0.004598057520801468
2019-04-10,0.0018818692799992816
2019-04-11,-0.009299097549140234
2019-04-12,-0.0012121999012957851
2019-04-15,-0.0006528364202937452
2019-04-16,-0.0061297082484735085
2019-04-18,-0.000590521146152112
2019-04-22,-0.001632175369195621
2019-04-23,-0.0012521344312632966
2019-04-24,0.004096469003081316
2019-04-25,-0.00038417589908527075
2019-04-26,0.006144173514684747
2019-04-30,-0.0010546437092283979
2019-05-02,-0.008135004290317249
2019-05-03,0.004302983895570211
2019-05-06,0.0004668594039427652
2019-05-07,0.0021333611333681835
2019-05-08,-0.003313600924046833
2019-05-09,0.0017000780577136384
2019-05-10,0.0009939687058547085
2019-05-13,0.006988162805957588
2019-05-14,-0.0007233469607284547
2019-05-15,-0.0003416082681470867
2019-05-16,-0.004528776743862972
2019-05-17,-0.003527694330990016
2019-05-20,0.0032962393972867376
2019-05-21,-0.0028572252320315013
2019-05-22,0.00014940743605557094
2019-05-23,0.005943059039342746
2019-05-24,0.002299852466392793
2019-05-28,-0.0011221405383892045
2019-05-29,-0.00040955091284403675
2019-05-30,0.006187382447235868
2019-05-31,0.010571468729717481
2019-06-03,0.012455460511085835
2019-06-04,-0.0010620365416801002
2019-06-06,0.0025663827583794147
2019-06-07,0.004965871814795353
2019-06-10,-0.0075176099055573094
2019-06-11,-0.0004779838430965522
2019-06-12,0.0036536011935836
2019-06-13,0.004844966796192706
2019-06-14,-0.0008364034211271854
2019-06-17,-0.0017573417262806478
2019-06-18,0.004092040884950498
2019-06-19,0.004787476483228981
2019-06-20,0.012845218347118825
2019-06-21,-0.0028759596921638098
2019-06-24,0.004661646070587744
2019-06-25,0.004355837192784717
2019-06-26,-0.0022431850274700843
2019-06-27,0.0004071077704661196
2019-06-28,-0.0008308828391804247
2019-07-01,-0.003583572459917161
2019-07-02,0.008981510723710118
2019-07-03,0.0012836306473906767
2019-07-05,-0.008793718719115972
2019-07-08,-0.01078371012960996
2019-07-09,0.0007657988879120948
2019-07-10,0.0029277690518134665
2019-07-11,-0.0010908825193178813
2019-07-12,0.0011569610720374211
2019-07-15,0.0018740456882830436
2019-07-16,-0.0006347162140191041
2019-07-17,0.007196758074403297
2019-07-18,0.0018740599193413747
2019-07-19,-0.011092125244622008
2019-07-22,-0.002466555847667429
2019-07-23,-0.0027223239386356068
2019-07-24,-0.0001449681535343754
2019-07-25,-0.003320363348476796
2019-07-26,0.001582780926741323
2019-07-29,-0.0010990789775970904
2019-07-30,-0.002570322655515423
2019-07-31,-0.0019910903969754474
2019-08-01,0.0056445478799223014
2019-08-02,0.0001104754078889769
2019-08-05,0.0018844139326871
2019-08-06,0.0060742460906609615
2019-08-07,0.0011682391260534825
2019-08-08,0.008057307063102216
2019-08-09,0.0013500505393398313
2019-08-13,-0.004684074955091867
2019-08-14,0.00784472594357779
2019-08-16,0.0018434261582919386
2019-08-19,-0.004713894628163162
2019-08-20,0.0023299425795259227
2019-08-21,-0.005310824588272289
2019-08-22,-0.007921109992454545
2019-08-23,0.011171257691385848
2019-08-26,0.008191690130851071
2019-08-27,0.005882700906025651
2019-08-28,-0.0028739352575893663
2019-08-29,-0.006268890735962762
2019-08-30,0.002047291065532464
2019-09-03,-0.00334458104846418
2019-09-04,0.004078266311999678
2019-09-05,-0.00949616324518383
2019-09-06,0.0012529536787360463
2019-09-09,-0.0008948373147413258
2019-09-11,-0.0020524661421577267
2019-09-12,-0.0019715007481738603
2019-09-13,-0.0018368564243547822
2019-09-16,0.0011929815087327266
2019-09-17,-0.005379528963993407
2019-09-18,-0.000925539871424752
2019-09-19,-0.003662515336553085
2019-09-20,0.026546720650131597
2019-09-23,0.013673677448556477
2019-09-24,0.002670167388146516
2019-09-25,-0.012641686717587974
2019-09-26,0.005138685512722285
2019-09-27,-0.0031494391369459307
2019-09-30,-0.00573597434225126
2019-10-01,-0.0015205337344786469
2019-10-03,0.005871707866927944
2019-10-04,-0.004342039746634341
2019-10-07,-0.005290498595847803
2019-10-09,0.009486834447256998
2019-10-10,-0.007281629201481088
2019-10-11,-0.001201968380195395
2019-10-14,0.0033081371891446
2019-10-15,-0.00046119957393004913
2019-10-16,0.003559648433099194
2019-10-17,0.004589029777842524
2019-10-18,0.002554624766970426
2019-10-22,-0.0034781441147480607
2019-10-23,0.0013570151889172877
2019-10-24,0.0013400995997272956
2019-10-25,0.00010052174986300289
2019-10-29,0.0027428738844207943
2019-10-30,0.005045953146386872
2019-10-31,0.006031072237317737
2019-11-01,0.0003721643380598438
2019-11-04,-0.0026034591442085976
2019-11-05,-0.012603456318390981
2019-11-06,0.0039897569263817045
2019-11-07,-0.012080110952853617
2019-11-08,-0.0055917949674729505
2019-11-11,-0.0014191784590080192
2019-11-13,0.004720235126919325
2019-11-14,0.004221348762940846
2019-11-15,-0.0017331736506469128
2019-11-18,0.0023262357010616296
2019-11-19,0.0011984848418218341
2019-11-20,0.001582284359016617
2019-11-21,-0.004589811881573036
2019-11-22,-0.0018058232451654943
2019-11-25,-0.0019271942735965882
2019-11-26,0.0034475990951065684
2019-11-27,-0.0037045869588310794
2019-11-29,0.003812557105025149
2019-12-02,-0.0011386669747440402
2019-12-03,0.008041375620299607
2019-12-04,-0.0013154535894627673
2019-12-05,-0.00026892598676510066
2019-12-06,-0.00836675640335025
2019-12-09,9.29347187059615e-05
2019-12-10,0.0010741999580790472
2019-12-11,0.006099141334779357
2019-12-12,-0.0035314303201357975
2019-12-13,0.005271215000376306
2019-12-16,-0.0012568859056166005
2019-12-17,0.000788310194359343
2019-12-18,-2.6151834598486757e-05
2019-12-19,0.002280128947205595
2019-12-20,0.0008018048698608337
2019-12-23,0.001902323586123167
2019-12-24,0.006554112569240688
2019-12-26,0.005069587543937393
2019-12-27,0.001027103086317993
2019-12-30,0.0014310214680001599
2019-12-31,-0.00011123559646635266
2020-01-02,0.007003669254409205
2020-01-03,0.010172322986959803
2020-01-06,0.005216735860140631
2020-01-07,0.0029666694966707483
2020-01-08,-0.00594772656888185
2020-01-09,-0.0022273077356188215
2020-01-10,0.00498547173100059
2020-01-13,-0.004833820807781197
2020-01-14,3.75197540817607e-05
2020-01-15,0.004433295656035851
2020-01-16,-0.0014119662363849537
2020-01-17,0.0011048151392286096
2020-01-21,7.718394322628894e-05
2020-01-22,-0.00024298963844376914
2020-01-23,0.0026813901391272267
2020-01-24,0.005363550210499479
2020-01-27,0.005074167497127624
2020-01-28,-0.00744161560498201
2020-01-29,0.005361101082908592
2020-01-30,-0.0005312730668479925
2020-01-31,0.0044469700880444
2020-02-03,-0.006842280279322165
2020-02-04,-0.007945242440877874
2020-02-05,0.0009083125204512487
2020-02-06,0.0043176452749573045
2020-02-07,0.0024839271786941896
2020-02-10,0.0016358345878494495
2020-02-11,-0.0022503004616002634
2020-02-12,-0.00031060816860499756
2020-02-13,0.003944804938157598
2020-02-14,0.002917850153747503
2020-02-18,0.008292423889803911
2020-02-19,0.005158930603293489
2020-02-20,0.003069468592874169
2020-02-24,0.0024771839822320656
2020-02-25,-0.005593569855665526
2020-02-26,-0.002893049711465146
2020-02-27,-3.3922592840118825e-05
2020-02-28,-0.017712959508004188
2020-03-02,-0.002800369490445187
2020-03-03,0.01545105198550485
2020-03-04,-0.0030163712026451293
2020-03-05,0.006514977766277497
2020-03-06,-0.00830445365689032
2020-03-09,-0.020725049715548328
2020-03-11,-0.013387156974032189
2020-03-12,-0.045295270545774466
2020-03-13,0.013373393753881557
2020-03-16,-0.02863860474358516
2020-03-17,-0.021195767967314337
2020-03-18,-0.0353269186872293
2020-03-19,-0.012701815283221929
2020-03-20,0.04085516058026184
2020-03-23,-0.05575042355891334
2020-03-24,0.014667975922230037
2020-03-25,0.031988562335462004
2020-03-26,0.02170258885738994
2020-03-27,0.0034064510794943105
2020-03-30,-0.02052455100562437
2020-03-31,0.016659793250034673
2020-04-01,-0.017428136039965115
2020-04-03,-0.007795976088782186
2020-04-07,0.042461230542685066
2020-04-08,-0.003858216573927897
2020-04-09,0.024228573873932048
2020-04-13,-0.005623750177672082
2020-04-15,0.0005710797259445123
2020-04-16,0.004121419875186461
2020-04-17,0.012241249294475221
2020-04-20,0.0014996061615745184
2020-04-21,-0.014705760234921294
2020-04-22,0.012185006473457837
2020-04-23,0.008147697145118694
2020-04-24,-0.008892695330343458
2020-04-27,0.004192955350507588
2020-04-28,0.006610399069717698
2020-04-29,0.009548197346206887
2020-04-30,0.013281440375683129
2020-05-04,-0.02713378479898341
2020-05-05,-0.004600913739767032
2020-05-06,0.0007813340097318818
2020-05-07,0.00010259320169986319
2020-05-08,0.0009375592484540674
2020-05-11,-0.002407274342324151
2020-05-12,0.00031053829556169075
2020-05-13,0.011637113052741933
2020-05-14,-0.007141884364868823
2020-05-15,0.001238312831616972
2020-05-18,-0.01784341675399047
2020-05-19,0.006268649705380325
2020-05-20,0.009230944548965581
2020-05-21,-0.0024240128115779803
2020-05-22,-0.0006008169299200673
2020-05-26,-0.005503567457704406
2020-05-27,0.013453356738040491
2020-05-28,0.008255139541871381
2020-05-29,0.006971969460587202
2020-06-01,0.011527620767523884
2020-06-02,0.0037906157426102266
2020-06-03,-0.004007060733176226
2020-06-04,0.0006764136173090019
2020-06-05,-0.0030691793445829056
2020-06-08,0.004570081134453808
2020-06-09,-0.0007839646705886556
2020-06-10,0.009308342162552628
2020-06-11,-0.009567727424732476
2020-06-12,0.0026231043579750257
2020-06-15,-0.007167410450498057
2020-06-16,0.0033220129575302184
2020-06-17,-0.0002813400809641654
2020-06-18,0.008598952850639274
2020-06-19,0.009463159191760707
2020-06-22,0.004275404935485783
2020-06-23,0.00862607553758743
2020-06-24,-0.006806462981808048
2020-06-25,-0.0007680098274417291
2020-06-26,0.005811003974068018
2020-06-29,-0.00226256200121302
2020-06-30,0.0003922896874543724
2020-07-01,0.003155335915215796
2020-07-02,0.005683735917109134
2020-07-06,0.005905061058806792
2020-07-07,0.005393379082471416
2020-07-08,0.003166951912166571
2020-07-09,-0.0002463205258254272
2020-07-10,-0.0026286379610368726
2020-07-13,0.0014039364569805811
2020-07-14,0.0014397096026533714
2020-07-15,0.0006536680078423451
2020-07-16,-0.005321962143778391
2020-07-17,0.007223452588500434
2020-07-20,0.004610588509493274
2020-07-21,0.009919237767450916
2020-07-22,0.010441455991798998
2020-07-23,0.007118223596093709
2020-07-24,0.005717257322942992
2020-07-27,0.003232312967481121
2020-07-28,0.009278223683368947
2020-07-29,-0.0008131041370881722
2020-07-30,-0.0053996792200525666
2020-07-31,0.0017656665901349066
2020-08-03,-0.0063759188460131185
2020-08-04,0.014890119385550783
2020-08-05,0.002016047046651692
2020-08-06,0.007873757671766147
2020-08-07,-0.0018150124110087986
2020-08-10,0.0017309216916248536
2020-08-11,-0.004419345228849526
2020-08-12,-0.0022698402308618196
2020-08-13,0.0011878547937164586
2020-08-14,-0.005633386782519056
2020-08-17,0.005901118893749224
2020-08-18,0.0077374868927720716
2020-08-19,-0.0026695634299484074
2020-08-20,-0.0023743982980008347
2020-08-21,0.002119480795520323
2020-08-24,0.0030478996741226893
2020-08-25,-0.0005769475715716066
2020-08-26,0.004387683169721601
2020-08-27,-0.0021525958868950923
2020-08-28,0.006219617945721412
2020-08-31,-0.010498131824879253
2020-09-01,0.005063338180968203
2020-09-02,0.0020676405496857673
2020-09-03,-0.0006129512625651867
2020-09-04,-0.010348242534767616
2020-09-08,-6.433133274288396e-05
2020-09-09,-0.0009648391846516002
2020-09-10,0.007762941639800835
2020-09-11,0.0009825577017346988
2020-09-14,0.0012460225378360884
2020-09-15,0.0019927292802895073
2020-09-16,0.003550940686323523
2020-09-17,-0.004597278013610107
2020-09-18,-0.0002646293345569539
2020-09-21,-0.014328866396481444
2020-09-22,-0.00489903844082179
2020-09-23,-0.007263784032116227
2020-09-24,-0.010461576566223485
2020-09-25,0.008449238094097568
2020-09-28,0.00938692022860188
2020-09-29,0.0025676247289592832
2020-09-30,-0.0017156725418011388
2020-10-01,0.008870661482282905
2020-10-05,0.0020271028403397785
2020-10-06,0.0026969611783789317
2020-10-07,0.0016203771378616285
2020-10-08,0.004875274744514946
2020-10-09,0.007990251778355374
2020-10-12,2.3115740042023523e-05
2020-10-13,-0.003930967044650469
2020-10-14,0.002252182984901974
2020-10-15,-0.008940571644800777
2020-10-16,0.0015988127524769083
2020-10-19,0.0034177525410733047
2020-10-20,0.0016019722388891599
2020-10-21,0.003235547821557427
2020-10-22,-0.005365272417981459
2020-10-23,0.0012454073698094149
2020-10-26,-0.0048053306969725994
2020-10-27,0.005595846152562945
2020-10-28,-0.010244006956869944
2020-10-29,-0.004513549088128621
2020-10-30,-0.0005763591586226079
2020-11-02,0.004345532102838434
2020-11-03,0.005977293889347968
2020-11-04,0.0055756345017360705
2020-11-05,0.013959927113758541
2020-11-06,0.0041366509915862215
2020-11-09,0.0006709498115975432
2020-11-10,0.006017396411438303
2020-11-11,0.004877469042324434
2020-11-12,0.0005947253207812643
2020-11-13,0.0012977398597728174
2020-11-17,0.0064240408170957
2020-11-18,0.0017822812407546238
2020-11-19,-0.006191601419899606
2020-11-20,0.004420571844740739
2020-11-23,-0.00014533194570102168
2020-11-24,0.0028133577245161964
2020-11-25,-0.007449242296943115
2020-11-27,0.0044829458292614645
2020-12-01,0.004433733522419847
2020-12-02,0.0002628407385467878
2020-12-03,0.002627170168001003
2020-12-04,0.0028923425257386115
2020-12-07,0.006397253889260846
2020-12-08,0.002142541109074814
2020-12-09,0.0028059519398878517
2020-12-10,-0.0013989069582713955
2020-12-11,0.002213191439783468
2020-12-14,-0.0005158615370754124
2020-12-15,0.004183625661477475
2020-12-16,0.004791589124415796
2020-12-17,0.004633770466078324
2020-12-18,-0.00018199764290243163
2020-12-21,-0.013313393451887158
2020-12-22,0.0022689822829039647
2020-12-23,0.005372614875227422
2020-12-24,0.005978992672422079
2020-12-28,0.002542379210352186
2020-12-29,0.002755213801628342
2020-12-30,0.003913710643788937
2020-12-31,0.0013087462164271145
2021-01-04,0.011076849622962381
2021-01-05,0.002073179032328487
2021-01-06,-0.008126773400455834
2021-01-07,-0.0020108397621304117
2021-01-08,0.0028557511506041465
2021-01-11,0.003817575101195403
2021-01-12,0.003296250293363734
2021-01-13,0.0010072446376985789
2021-01-14,4.718193452124672e-06
2021-01-15,-0.007346554993804377
2021-01-19,0.0051427319650255935
2021-01-20,0.008414520130478786
2021-01-21,-0.002102854985767322
2021-01-22,-0.00789469609497354
2021-01-25,-0.002228479048893717
2021-01-27,-0.010009326089271653
2021-01-28,-0.004796573300194196
2021-01-29,-0.005947951253035667
2021-02-01,0.022159554073423803
2021-02-02,0.005860947540647522
2021-02-03,0.0026925991390791995
2021-02-04,-0.0037020491776835855
2021-02-05,0.0030945099353179347
2021-02-08,0.0082821632843177
2021-02-09,0.0010364826663338488
2021-02-10,0.0017871338850417918
2021-02-11,-0.001064946040254466
2021-02-12,-0.0021648778178405825
2021-02-16,-0.002510030046575417
2021-02-17,-0.0059315574440208406
2021-02-18,-0.002409341918496688
2021-02-19,-0.0035904342044625007
2021-02-22,-0.0041695580284940035
2021-02-23,0.00041673045378052284
2021-02-24,0.0068321564719547425
2021-02-25,-0.006564171764246728
2021-02-26,-0.019615885106521104
2021-03-01,0.005541841980034057
2021-03-02,0.006448876638721158
2021-03-03,0.0038406965659285707
2021-03-04,-0.008761201109935612
2021-03-05,-0.004014066422064877
2021-03-08,-0.003805573851400723
2021-03-09,0.011605821892898693
2021-03-10,0.004182325007862465
2021-03-12,-0.006381776438531606
2021-03-15,-0.0010120355565085063
2021-03-16,-0.00028548333263528347
2021-03-17,-0.0034308583608599784
2021-03-18,-0.008055719194696942
2021-03-19,0.006184062519905631
2021-03-22,0.0003347169568657214
2021-03-23,0.0014181103683967302
2021-03-24,-0.0057314135724144235
2021-03-25,-0.007656459877275113
2021-03-26,0.0049458777306986565
2021-03-30,0.0070381685562392
2021-03-31,-0.004249401530786789
2021-04-01,0.00904728065627316
2021-04-05,-0.00888612337197201
2021-04-06,0.0043099997486595095
2021-04-07,0.004087354829984924
2021-04-08,0.004296825968130946
2021-04-09,-0.004098896952323694
2021-04-12,-0.016134161079389055
2021-04-13,0.008790293345993084
2021-04-15,0.007190749707702393
2021-04-16,0.0020012892682903403
2021-04-19,-0.008215410532633726
2021-04-20,0.00020404967598874869
2021-04-22,0.00447291301603443
2021-04-23,-0.003341247215993115
2021-04-26,0.00448550165953564
2021-04-27,0.0027053506406212744
2021-04-28,0.007051746894736222
2021-04-29,-0.0009493563123684655
2021-04-30,-0.007831554215105074
2021-05-03,0.004487790408316683
2021-05-04,-0.005566959165211815
2021-05-05,0.004958540031217296
2021-05-06,0.0080615610741132
2021-05-07,0.005475624670233815
2021-05-10,0.00352308943495423
2021-05-11,-0.0028987189699272945
2021-05-12,-0.008581341226148887
2021-05-14,0.005134162519392826
2021-05-17,0.009888956742106292
2021-05-18,0.005541229097985001
2021-05-19,-0.0027524503062041237
2021-05-20,-0.0006925115445944431
2021-05-21,0.007466926005940811
2021-05-24,0.001407583894940001
2021-05-25,0.004107022176302899
2021-05-26,0.0015834523801040558
2021-05-27,0.0005462499930123154
2021-05-28,0.0036553625873170237
2021-06-01,0.0027448724576591534
2021-06-02,0.0018430433410991486
2021-06-03,-0.003702506077309875
2021-06-04,0.0043785391064263155
2021-06-07,0.0030449032422370298
2021-06-08,-0.00035772644137197494
2021-06-09,-0.002298195334245834
2021-06-10,0.004974174033937806
2021-06-11,-0.002250575951510103
2021-06-14,-0.0023760040466385803
2021-06-15,0.00037083570458904544
2021-06-16,-0.009686989439764981
2021-06-17,-0.01007947882504243
2021-06-18,-0.00017212143330328492
2021-06-21,0.004324201546267703
2021-06-22,-4.392957743569719e-05
2021-06-23,-0.0029725402499736985
2021-06-24,0.00240649232074065
2021-06-25,0.0021390317342342867
2021-06-28,-0.00022930144365879168
2021-06-29,-0.004671059577391456
2021-06-30,0.0012398129591533857
2021-07-01,-0.00023915577632325222
2021-07-02,0.004136542491686645
2021-07-06,0.005513059625607286
2021-07-07,0.0035712335207560343
2021-07-08,-0.003246818663875839
2021-07-09,-0.0014855663000058693
2021-07-12,-0.000455685839127451
2021-07-13,0.0025147250629484865
2021-07-14,0.005572100032645077
2021-07-15,0.0030871095990030904
2021-07-16,-0.0068317509874258
2021-07-19,0.001462459100980229
2021-07-20,-0.001926058424551136
2021-07-22,-0.0007078703436601773
2021-07-23,-0.002298487990210174
2021-07-26,-0.001996865780569612
2021-07-27,0.001526289910987677
2021-07-28,0.003467051819100908
2021-07-29,0.007601740604189588
2021-07-30,-0.00505609060037091
2021-08-02,0.0007862488306255468
2021-08-03,0.0011015506993223181
2021-08-04,0.0009083220682731374
2021-08-05,-0.003274258748866898
2021-08-06,-0.010640037070060539
2021-08-09,-0.005467757897301039
2021-08-10,6.521559023338065e-05
2021-08-11,0.004522881547993407
2021-08-12,0.0017828575073950746
2021-08-13,0.010047771858489884
2021-08-16,0.0029833689742623016
2021-08-17,0.0006432678661524749
2021-08-18,-0.0010212482339804097
2021-08-20,-0.003191882844379923
2021-08-23,0.00484713125872871
2021-08-24,0.002148519584194586
2021-08-25,-0.0030164949439700833
2021-08-26,0.0003944474592309399
2021-08-27,0.007127218683175584
2021-08-30,0.004516112818508522
2021-08-31,0.004792259700209811
2021-09-01,-0.0011604964148512976
2021-09-02,0.0032617662549434432
2021-09-03,0.004568100663759655
2021-09-07,-0.006165671107887605
2021-09-08,-0.00012577817005697824
2021-09-09,0.0025374580961047273
2021-09-13,-0.0014278728261729156
2021-09-14,0.0036293637452500466
2021-09-15,0.000939137423989567
2021-09-16,-0.005227042393065173
2021-09-17,-0.0023548989924175754
2021-09-20,-0.0006193193456740746
2021-09-21,0.005617494339730112
2021-09-22,-0.0011878607110604289
2021-09-23,0.00011949376873299309
2021-09-24,-0.0006109866281594932
2021-09-27,-0.00013655511791679228
2021-09-28,-0.0064447339210593315
2021-09-29,-0.0018787749486312124
2021-09-30,0.0036541412728644308
2021-10-01,-5.426040136953265e-05
2021-10-04,0.004672506090228212
2021-10-05,0.0006306367664080663
2021-10-06,-0.003076674542829561
2021-10-07,0.0004921036388084053
2021-10-08,0.0018313877835323459
2021-10-11,-0.0001659884674943045
2021-10-12,0.0037462764767261848
2021-10-13,0.009688840159311974
2021-10-14,0.005332900962454046
2021-10-18,-0.004380746941872614
2021-10-19,-0.0013729837610463426
2021-10-20,-0.0008066646907154643
2021-10-21,-0.0029971872328747318
2021-10-22,0.0012098197713700685
2021-10-25,0.0026745586169190094
2021-10-26,0.001304128792046855
2021-10-27,0.0012099783218425307
2021-10-28,-0.008623704234660379
2021-10-29,-0.006578955753729155
2021-11-01,0.007382446463172631
2021-11-02,-0.000819316253571356
2021-11-03,-0.004771216942452061
2021-11-04,0.006992685722495673
2021-11-08,0.008737187303067584
2021-11-09,0.0023204942827930396
2021-11-10,9.194026426169195e-05
2021-11-11,-0.002474803153634586
2021-11-12,0.006326339872052134
2021-11-15,-0.0014940990466867808
2021-11-16,-0.004868094441378201
2021-11-17,0.0015849705881087802
2021-11-18,-0.003770647086187251
2021-11-22,-0.01819800356530392
2021-11-23,-0.0018387343144176003
2021-11-24,-0.0013802396054456878
2021-11-26,-0.005538517620986772
2021-11-29,-0.0004435309860681856
2021-11-30,-0.0018777941519018905
2021-12-01,0.006088321789822725
2021-12-02,0.0031618331444670305
2021-12-03,-0.0004239973688302543
2021-12-06,-0.008850015461960892
2021-12-07,0.0061794498970342395
2021-12-08,0.006023854671315898
2021-12-09,1.7698979276061736e-06
2021-12-10,0.001347455677179088
2021-12-13,-0.0010806266977098082
2021-12-14,-0.004318547795867589
2021-12-15,-0.0015430119313400103
2021-12-16,0.005129824408461591
2021-12-17,-0.006072174044941492
2021-12-20,-0.010264994339940615
2021-12-21,-0.0001440588498709095
2021-12-22,0.007871310321421743
2021-12-23,0.0018533761608978462
2021-12-27,0.001806296399156948
2021-12-28,-0.0021913114502352888
2021-12-29,-0.0013446278415376602
2021-12-30,0.0056302810282140795
2021-12-31,0.005428721340278053
2022-01-03,-0.011064124614130155
2022-01-04,0.006070001447476536
2022-01-05,-0.002274531891152509
2022-01-06,-0.010065333011575072
2022-01-07,0.0029080209782703205
2022-01-10,0.003144942655632454
2022-01-11,0.009215722724788565
2022-01-12,0.0027525453679215326
2022-01-13,-0.0014911560651310937
2022-01-14,-0.003403142449316998
2022-01-18,-0.003446889633802852
2022-01-19,0.0016322181297630184
2022-01-20,-0.004151796447278322
2022-01-21,-0.0023917355529788024
2022-01-24,-0.009244598307731357
2022-01-25,0.003565558034688699
2022-01-27,-0.013420528231325923
2022-01-28,-0.0003920796282222638
2022-01-31,0.007341648365992226
2022-02-01,0.005311407671611879
2022-02-02,0.006325361855722633
2022-02-03,-0.006650803712561771
2022-02-04,-0.0028396363520257874
2022-02-07,-0.0046106742215166864
2022-02-08,0.0011810616172198809
2022-02-09,0.005990516827635007
2022-02-10,-0.0006416152477597302
2022-02-11,0.003574965889555258
2022-02-14,-0.01271973247186279
2022-02-15,0.008356727258630637
2022-02-16,0.0030150002349992543
2022-02-17,0.005299177854720316
2022-02-18,0.00010012550993003782
2022-02-22,-0.0036628841917453305
2022-02-23,-0.0008899289900873075
2022-02-24,-0.020342400915971916
2022-02-25,0.009024308989533282
2022-02-28,0.009772886261932068
2022-03-02,-0.003837190120743339
2022-03-03,0.0004794456410933232
2022-03-04,0.001628173804680476
2022-03-07,-0.006226150067048043
2022-03-08,0.0048781273735420076
2022-03-09,0.004923034701108775
2022-03-10,0.006109774868900297
2022-03-11,0.0002596052254319136
2022-03-14,0.0006689996054400791
2022-03-15,-0.00822704937906682
2022-03-16,0.009448614543552124
2022-03-17,0.008899110571217861
2022-03-21,-0.009068772905744815
2022-03-22,0.00286321787056385
2022-03-23,0.0020390452967703364
2022-03-24,-0.002164602870018806
2022-03-25,-0.006539866884591417
2022-03-28,0.0010960405521887261
2022-03-29,0.0050377796827538075
2022-03-30,0.007367437346947425
2022-03-31,-0.00017281758459806171
2022-04-01,0.002647844822745859
2022-04-04,0.011058149773807346
2022-04-05,-0.008051759764108369
2022-04-06,-0.0036866028108165417
2022-04-07,-0.003383834549149134
2022-04-08,0.0036444133594991986
2022-04-11,-0.002413066496021121
2022-04-12,0.00047675596705083496
2022-04-13,0.0008519548165973
2022-04-18,-0.010541257864337527
2022-04-19,-0.011519484437650574
2022-04-20,0.008007022232759087
2022-04-21,0.0032532964761996077
2022-04-22,-0.007845128007601255
2022-04-25,-0.008542072399593027
2022-04-26,0.008283481357687883
2022-04-27,-0.007715291248827571
2022-04-28,0.006036104098939643
2022-04-29,-0.00493553680776132
2022-05-02,-0.008579568985917062
2022-05-04,-0.003129122751497305
2022-05-05,-0.004030926507272603
2022-05-06,-0.007722087819795442
2022-05-09,-0.004784666878231814
2022-05-10,-0.0030482569485270395
2022-05-11,0.002502963447359363
2022-05-12,-0.012492638159552528
2022-05-13,-0.004657625976215974
2022-05-16,0.005643277917659751
2022-05-17,0.006373991642708965
2022-05-18,0.0018336918045990687
2022-05-19,-0.00512624387207219
2022-05-20,0.013159021225242973
2022-05-23,-0.0016901523822485554
2022-05-24,0.0026344303185964926
2022-05-25,-0.0036683419824709686
2022-05-26,0.0029044971272949474
2022-05-27,0.005097416964538537
2022-05-31,-0.0004222962721270535
2022-06-01,-0.0012690047102113745
2022-06-02,0.00667935915855573
2022-06-03,-0.0046806899119234855
2022-06-06,-0.003929257382978879
2022-06-07,-0.0005345209682806385
2022-06-08,-0.0028573600320020544
2022-06-09,0.0017598034818096188
2022-06-10,-0.005632429296528652
2022-06-13,-0.023806639030772493
2022-06-14,-0.005868991849956474
2022-06-15,0.0070869662335362625
2022-06-16,-0.00311907379764711
2022-06-17,-0.004124257998000291
2022-06-21,0.006353252079022455
2022-06-22,-0.0007798653052043308
2022-06-23,0.003575515008540242
2022-06-24,0.0023030855756143503
2022-06-27,0.001357930984520939
2022-06-28,0.0003519124517726846
2022-06-29,0.0008932399097333896
2022-06-30,4.662975808411563e-06
2022-07-01,0.0022519008035079002
2022-07-05,-0.003765452601878793
2022-07-06,-0.002773237720321263
2022-07-07,0.001906810283110949
2022-07-08,0.00048221058920489023
2022-07-11,0.0006432086322346152
2022-07-12,-0.004301132533075469
2022-07-13,0.0004409004306251238
2022-07-14,-0.006576368587007564
2022-07-15,-2.8724398219548094e-05
2022-07-18,0.0015051700692973124
2022-07-19,0.0011348468474247752
2022-07-20,-0.005674119711185997
2022-07-21,0.012665416182152243
2022-07-22,0.0047251123777586335
2022-07-25,-0.0031560389490765117
2022-07-26,-0.001637824195830795
2022-07-27,0.0074947212002265395
2022-07-28,0.013541296068923247
2022-07-29,0.00635993481199919
2022-08-01,0.007692893104238863
2022-08-02,-0.0058046033608309955
2022-08-03,0.0029549003699715693
2022-08-04,0.00634111491639755
2022-08-05,-0.007356017627232946
2022-08-08,0.00724145444014992
2022-08-10,-0.00033742426655133386
2022-08-11,5.123105265418884e-05
2022-08-12,0.0048375454688550645
2022-08-16,-0.0008979789397529081
2022-08-17,-0.0012919129077486264
2022-08-18,6.968917769323296e-05
2022-08-19,-0.00919085423020466
2022-08-22,-0.009339520404213908
2022-08-23,0.0033471844601766
2022-08-24,0.0005072956095490746
2022-08-25,0.0009665884114059774
2022-08-26,-0.0031662566507215657
2022-08-29,-0.007124989947014061
2022-08-30,0.007722818731083892
2022-09-01,-0.013428702074764987
2022-09-02,0.004245828931192119
2022-09-06,-0.0024455755785338868
2022-09-07,0.004305462150896377
2022-09-08,0.0010468436285764994
2022-09-09,0.002392961257199122
2022-09-12,0.003108324319901934
2022-09-13,-0.002610967283535048
2022-09-14,-0.0024703352802333267
2022-09-15,-0.009441783527441882
2022-09-16,-0.005845770123580385
2022-09-19,0.0014652220464819842
2022-09-20,0.0008318010845255195
2022-09-21,0.00039129503393842135
2022-09-22,-0.006694597706672866
2022-09-23,-0.011673081138997277
2022-09-26,-0.015659077921443745
2022-09-27,-0.0016423372256801016
2022-09-28,0.009493940469329299
2022-09-29,-0.0024153343520592952
2022-09-30,0.005810338171351127
2022-10-03,0.001123585799724592
2022-10-04,0.013714883741001294
2022-10-06,-0.004972269566260113
2022-10-07,-0.0035556661035549995
2022-10-10,-0.005999398860005301
2022-10-11,-0.006657968105133449
2022-10-12,0.005964711096577901
2022-10-13,-0.005562856863196408
2022-10-14,0.001553488197019115
2022-10-17,0.00438061871956188
2022-10-18,0.006291075286078684
2022-10-19,-0.0048017840692578416
2022-10-20,-0.0016725498567097376
2022-10-21,0.0030383085911227514
2022-10-24,0.003553841907762467
2022-10-25,0.003117950134624504
2022-10-27,0.007647318123034609
2022-10-28,-0.0034810390225164405
2022-10-31,0.0012603647098836778
2022-11-01,0.005964839103057007
2022-11-02,-0.003980187821904269
2022-11-03,-0.003116904443348578
2022-11-04,0.00999615288045912
2022-11-07,-0.0003574373493255398
2022-11-09,0.007412643916049211
2022-11-10,0.008473412339940057
2022-11-11,0.008745140809308017
2022-11-14,-0.001300142839963281
2022-11-15,0.0053445364031624145
2022-11-16,0.0028855519815071617
2022-11-17,-0.0052304542028766225
2022-11-18,-0.0030872824972956407
2022-11-21,-0.0048424591169505815
2022-11-22,0.004727063952508881
2022-11-23,0.0034075758813989056
2022-11-25,0.006682003223568956
2022-11-28,0.0007249100562253696
2022-11-29,0.000295522147473015
2022-11-30,0.008643250324230656
2022-12-01,0.00765061404458085
2022-12-02,-0.0026267141984631205
2022-12-05,-0.005637091068329781
2022-12-06,0.001416865052502647
2022-12-07,0.0035721688036250525
2022-12-08,-0.0003892345228262205
2022-12-09,-0.003581826706914459
2022-12-12,-0.0028955407404641417
2022-12-13,0.010223389602034637
2022-12-14,0.0012159032855381781
2022-12-15,-0.009584370252944507
2022-12-16,-0.0013151795299650164
2022-12-19,3.6854135620623465e-05
2022-12-20,0.0020373483260907044
2022-12-21,-0.004177117247616891
2022-12-22,-0.005295261036842624
2022-12-23,-0.007531838889207233
2022-12-27,0.00732910747344554
2022-12-28,-0.002287113571667709
2022-12-29,0.004664566561114691
2022-12-30,-0.0017284518146795215
2023-01-03,0.007671665078468481
2023-01-04,0.0009637507459712364
2023-01-05,-0.005293371130569068
2023-01-06,0.006522813271168792
2023-01-09,0.0068504046336355096
2023-01-10,-0.004916379127732306
2023-01-11,0.0013103520164347347
2023-01-12,0.005308529063390188
2023-01-13,0.004206868835443455
2023-01-17,-0.0007489464921110354
2023-01-18,0.005694935581478055
2023-01-19,0.0029245547052524027
2023-01-20,-0.0047555893882441965
2023-01-23,0.0016178417188406737
2023-01-24,0.00280991147140528
2023-01-25,-0.0032840821714269944
2023-01-27,-0.011097627157643675
2023-01-30,-0.000695780018884906
2023-01-31,0.002909514193001006
2023-02-01,0.004898302180423908
2023-02-02,-0.006479828491301764
2023-02-03,-0.005173719226494632
2023-02-06,-0.003967554844674981
2023-02-07,-0.0014309081945124923
2023-02-08,0.005239169317944503
2023-02-09,-0.0032355496242710276
2023-02-10,-0.0017011152042069268
2023-02-13,-0.002728648572895065
2023-02-14,0.0024456675520253216
2023-02-15,-0.0019701065061180963
2023-02-16,-0.0007968722738370458
2023-02-17,-0.00029413271844096504
2023-02-21,-0.007007600095242872
2023-02-22,-0.007265233869083632
2023-02-23,2.171179761385495e-05
2023-02-24,-0.005010863964808354
2023-02-27,0.0004146677040540504
2023-02-28,-0.00020367242793291047
2023-03-01,0.0027302415345576317
2023-03-02,-0.004366731979031535
2023-03-03,0.010688984267015544
2023-03-06,-0.003222349167892635
2023-03-08,-0.012362250682127394
2023-03-09,0.007208628159239049
2023-03-10,0.007975394666180491
2023-03-13,0.004581163665916188
2023-03-14,-0.007157847357077341
2023-03-15,0.005006321837937788
2023-03-16,-0.001774312355184693
2023-03-17,0.011011056301854682
2023-03-20,-0.00483845589120605
2023-03-21,-0.001861834004627705
2023-03-22,0.008265035382729047
2023-03-23,0.0013636995194482027
2023-03-24,-0.004865555464088678
2023-03-27,-0.00465169725582314
2023-03-28,-0.0004251129528347941
2023-03-29,0.0026192296264722858
2023-03-31,0.011350513723373057
2023-04-03,0.0037079703584135706
2023-04-05,0.010618283619302038
2023-04-06,0.0006050738084853568
2023-04-10,-0.003973720292974048
2023-04-11,0.0032586110672966793
2023-04-12,0.004196794161607098
2023-04-13,0.0004661566246509264
2023-04-17,-0.01011286168347616
2023-04-18,-0.0002794296829972452
2023-04-19,-0.0025032549778779443
2023-04-20,0.0030514577320908784
2023-04-21,-0.0037040275370404437
2023-04-24,0.005081532545579748
2023-04-25,0.005076903021414725
2023-04-26,-0.0018026137986127953
2023-04-27,0.00033735469723202884
2023-04-28,0.005671801548922972
2023-05-02,0.006574250955853956
2023-05-03,0.0032275822525255505
2023-05-04,0.005719573444791936
2023-05-05,-0.010403666910982457
2023-05-08,0.002858017688333803
2023-05-09,0.0017963718419412133
2023-05-10,0.0028911159629537494
2023-05-11,-0.0018567210118339062
2023-05-12,-0.0019226254883243916
2023-05-15,0.0018145055626948015
2023-05-16,-0.0071595114771823565
2023-05-17,-0.004300393621650922
2023-05-18,-0.006887173579914262
2023-05-19,0.0034575107769395765
2023-05-22,0.0011835166394287167
2023-05-23,0.0015866232725299636
2023-05-24,-0.004553674640282957
2023-05-25,-0.0039829198304567985
2023-05-26,0.005647408413568478
2023-05-30,0.007117552715100284
2023-05-31,-0.0005371186831147237
2023-06-01,0.0021967646309100307
2023-06-02,-0.005806692037209914
2023-06-05,0.0030030904410070945
2023-06-06,0.0006252077796131905
2023-06-07,-0.003051245715491047
2023-06-08,0.004019300690334826
2023-06-09,-0.0034119135614621206
2023-06-12,0.0010525265955954265
2023-06-13,-0.0018766396664856347
2023-06-14,0.0014202617339071021
2023-06-15,0.002993733448601277
2023-06-16,-0.0012028885462720517
2023-06-20,-0.006696220384063456
2023-06-21,-0.0006138564074687491
2023-06-22,-0.008526932979387435
2023-06-23,0.002194017722278707
2023-06-26,0.0018496823863065168
2023-06-27,-0.0032388311482412172
2023-06-28,1.1098786665608815e-05
2023-06-30,0.0034302689076428864
2023-07-03,0.0006135090396849118
2023-07-05,-0.0030368283702239427
2023-07-06,-0.003210497170194515
2023-07-07,0.004148476961250635
2023-07-10,0.0017093020025091387
2023-07-11,0.003475334295031751
2023-07-12,0.011147731717109675
2023-07-13,0.002315344829617305
2023-07-14,-0.0024438128507284214
2023-07-17,0.0015842393823370048
2023-07-18,0.00843870563628115
2023-07-19,0.0012209876292212263
2023-07-20,-0.004393745062293641
2023-07-21,-0.0031511156732501487
2023-07-24,-0.003841997971392952
2023-07-25,0.0035653037564235875
2023-07-26,0.00459910909628205
2023-07-27,-0.013776348083355584
2023-07-28,0.006167031006999346
2023-07-31,0.002685535731506561
2023-08-01,-0.008526431398721057
2023-08-02,-0.004785099109793467
2023-08-03,-0.0024535290949475818
2023-08-04,0.0053591408270522445
2023-08-07,-0.0016653628576775994
2023-08-08,-0.0035612008554399936
2023-08-09,-0.002889616797342498
2023-08-10,-0.0027346631661512525
2023-08-11,-0.0016441349877825864
2023-08-14,-0.0024149409145329593
2023-08-16,-0.006883147827090363
2023-08-17,-0.0018458758699976818
2023-08-18,0.00043538498926846134
2023-08-21,0.0011092412194007692
2023-08-22,0.0012553446678260191
2023-08-23,0.00953101649642456
2023-08-24,-0.0011961991111437032
2023-08-25,-0.001592887313474134
2023-08-28,0.0027738923694174524
2023-08-29,0.00845356453708943
2023-08-30,0.001754994953150213
2023-08-31,-0.0012470089023247422
2023-09-01,7.00634692621493e-05
2023-09-05,-0.006207918878878282
2023-09-06,-0.0035032114558759208
2023-09-07,0.002026375917476919
2023-09-08,0.0007496383192382217
2023-09-11,0.0018449885780959852
2023-09-12,-0.0033469907459134913
2023-09-13,-0.0009974633287055169
2023-09-14,7.193517358858868e-05
2023-09-15,0.004445496394926684
2023-09-18,0.004022296225102283
2023-09-20,-0.0021879368421465874
2023-09-21,-0.007360553630293942
2023-09-22,0.00267780591715615
2023-09-25,-0.0050750204599417145
2023-09-26,-0.005709192093248738
2023-09-27,-0.009287437936796726
2023-09-28,-0.003928899247604189
2023-09-29,-0.0065612398523124055
2023-10-03,-0.013171843154108775
2023-10-04,0.0007113628116003468
2023-10-05,-0.00034278284403274064
2023-10-06,0.0029884857840535737
2023-10-09,0.014705191596954692
2023-10-10,-0.00065968933553443
2023-10-11,0.0068276972566904785
2023-10-12,-0.004145013024288346
2023-10-13,0.010695778026279343
2023-10-16,-0.0036258541755025075
2023-10-17,-0.0007708823957226275
2023-10-18,0.00010356956486831095
2023-10-19,0.0012619986823146354
2023-10-20,0.000900785645233637
2023-10-23,-0.004944988978685805
2023-10-25,-0.00418382179425153
2023-10-26,-0.002782203177071052
2023-10-27,0.007986269313112793
2023-10-30,-0.0007245994152166868
2023-10-31,-0.0035529009495918864
2023-11-01,0.0006138304353938582
2023-11-02,0.005891745203722753
2023-11-03,0.005436184829210955
2023-11-06,-0.00030502338969613536
2023-11-07,0.0003649027205348876
2023-11-08,-0.0010202834400667936
2023-11-09,-0.0027643425336799756
2023-11-10,-0.002323853106930218
2023-11-13,0.003883508743105057
2023-11-15,0.0070012641237459095
2023-11-16,0.00985995573974765
2023-11-17,-0.00011539699850866558
2023-11-20,-0.0010539807907161691
2023-11-21,0.008271512152178027
2023-11-22,-0.002904425479056405
2023-11-24,0.0025194922941207953
2023-11-28,0.011576512790635896
2023-11-29,0.006179083389656226
2023-11-30,-0.0019930011516239078
2023-12-01,0.010689116027228461
2023-12-04,0.000539114600831136
2023-12-05,0.004234617226018112
2023-12-06,0.003930862469290419
2023-12-07,-0.0006465634632838558
2023-12-08,-0.004631238552119409
2023-12-11,-0.0027525667150348873
2023-12-12,-0.0012527749731870764
2023-12-13,0.011611061127604082
2023-12-14,0.009152434989857804
2023-12-15,0.0021734299466946052
2023-12-18,-1.0966536348690128e-06
2023-12-19,0.003251265906575251
2023-12-20,-0.00581296412645832
2023-12-21,0.0036384793483772216
2023-12-22,0.0028254665855981242
2023-12-26,0.004196124150981362
2023-12-27,0.007680064420832355
2023-12-28,-0.0005994314044698522
2023-12-29,-0.002083846146104873
2024-01-02,-0.0030340977820971673
2024-01-03,-0.004523280077597424
2024-01-04,0.0011196555983553405
2024-01-05,-8.58307016862736e-05
2024-01-08,-0.004982129527493506
2024-01-09,0.0005625350013230724
2024-01-10,-0.0015726153809684674
2024-01-11,0.002581609476050173
2024-01-12,0.008540304352036343
2024-01-16,-0.007633657576199371
2024-01-17,-0.010450193758177118
2024-01-18,0.004813110484474425
2024-01-19,0.002859324760679227
2024-01-23,-0.0015942674667963064
2024-01-24,-0.005328319009691995
2024-01-25,0.003172333144889683
2024-01-29,0.0070952329793454675
2024-01-30,0.00024718492789237417
2024-01-31,0.002098926228297127
2024-02-01,0.008389225372790552
2024-02-02,-0.00849950149697396
2024-02-05,-0.006181869722092226
2024-02-06,0.005459471240621894
2024-02-07,-0.0005379509846975217
2024-02-08,-0.002253352020380828
2024-02-09,-0.0027752572538964236
2024-02-12,-0.0024019797298000523
2024-02-13,-0.011262895681173966
2024-02-14,0.0007763293700878028
2024-02-15,0.005584135850884685
2024-02-16,0.002285931691544385
2024-02-20,0.005295272845669152
2024-02-21,-0.0012409595804171447
2024-02-22,0.001056376373374479
2024-02-23,0.00485350578292657
2024-02-26,-0.0022645827521681652
2024-02-27,-0.0008462845685909492
2024-02-28,0.0008782076353866853
2024-02-29,0.004153452880168906
2024-03-01,0.015769826068815163
2024-03-04,0.005382153664641687
2024-03-05,0.0027731929600489204
2024-03-06,0.005299540654252911
2024-03-07,0.0025575220570053015
2024-03-11,7.196800450104401e-05
2024-03-12,-0.004457748020694285
2024-03-13,-0.00461592316277838
2024-03-14,-0.0007660484094904711
2024-03-15,-0.0036970213712774203
2024-03-18,0.0007159031783419812
2024-03-19,-0.0037998842468869093
2024-03-20,0.004674012442763486
2024-03-21,0.002886273628625558
2024-03-22,0.0006021386154636658
2024-03-26,-8.400897965987753e-05
2024-03-27,0.005478775348136011
2024-03-28,0.007259743145509612
2024-04-01,0.0027684165962625906
2024-04-02,0.003635311673458141
2024-04-03,0.00265309154732658
2024-04-04,0.0007332330936277052
2024-04-05,0.003133604123114553
2024-04-08,0.0039033881628594337
2024-04-09,0.0024280660305477484
2024-04-10,-0.004864573050044051
2024-04-12,-0.001524941590991658
2024-04-15,-0.0006873091734760366
2024-04-16,-0.0030486609813355162
2024-04-18,-0.003085575435053145
2024-04-19,0.004080999353273263
2024-04-22,-0.003957240481627166
2024-04-23,0.00022066992656718528
2024-04-24,-0.0008572120900334989
2024-04-25,0.0036414609972303283
2024-04-26,-0.0008709561992987782
2024-04-29,0.0045905618244106
2024-04-30,-0.008066424291353024
2024-05-02,0.005154305796567793
2024-05-03,-0.0016192451793014206
2024-05-06,0.002825079840267608
2024-05-07,-0.0031008226877359936
2024-05-08,-0.0017230511434106032
2024-05-09,-0.0005460312778986518
2024-05-10,0.0032436667469967206
2024-05-13,-0.002117984247187354
2024-05-14,0.0054725898859499635
2024-05-15,0.005801135668292345
2024-05-16,0.0019179740501494296
2024-05-17,0.005129306178259695
2024-05-21,0.00220748977724472
2024-05-22,-0.004677703090976049
2024-05-23,-0.0005002410145007567
2024-05-24,0.0004824422722822019
2024-05-28,0.00027307284970442517
2024-05-29,-0.0074589064051177045
2024-05-30,-0.0017356943562441222
2024-05-31,0.0003852819300136036
2024-06-03,0.017657062245714526
2024-06-04,-0.02476775488077748
2024-06-05,0.01809272747720627
2024-06-06,0.005644937528509541
2024-06-07,0.0024861519993290004
2024-06-10,-0.0006083095960983442
2024-06-11,0.002520356490280351
2024-06-12,0.0037456019315420088
2024-06-13,0.0034582304540585976
2024-06-14,0.003653637257588849
2024-06-18,0.0017194069619710483
2024-06-20,0.00042646229946470267
2024-06-21,-0.002862698319955936
2024-06-24,0.0015167690680401025
2024-06-25,0.0037396329293401974
2024-06-26,-0.00022623309122156172
2024-06-27,0.005708400106487588
2024-06-28,-0.00281996331051646
2024-07-01,1.8198734463581185e-05
2024-07-02,0.0011313018474536807
2024-07-03,0.007164374049063405
2024-07-05,0.004338922208730712
2024-07-08,-0.0011806286842372506
2024-07-09,0.0019474816956959408
2024-07-10,-0.00039522796772168984
2024-07-11,0.007092047213829455
2024-07-12,0.0035081327403040713
2024-07-15,0.0014005669843508818
2024-07-16,0.0077368890505102655
2024-07-18,-0.000845204747185046
2024-07-19,-0.010683701334559925
2024-07-22,-0.0005438205564413767
2024-07-23,0.0007843541608928415
2024-07-24,-0.0027886644917786475
2024-07-25,-0.004146961036423058
2024-07-26,0.011615088417795905
2024-07-29,0.00010375312426709194
2024-07-30,0.003967533460501738
2024-07-31,0.00914532340999703
2024-08-01,0.0012060459211875154
2024-08-02,-0.0006134688507863145
2024-08-05,-0.014215048897281712
2024-08-06,-0.006117851022239574
2024-08-07,0.003796657958195649
2024-08-08,0.0008338955959958363
2024-08-09,0.006106737213855818
2024-08-12,0.005644856194222769
2024-08-13,-0.002546063314660219
2024-08-14,-0.0019675138440457653
2024-08-16,0.012970504819942398
2024-08-19,0.0004238153591103355
2024-08-20,0.004359008505038741
2024-08-21,0.0013702994488716037
2024-08-22,-0.004306147940386717
2024-08-23,0.005040820506937038
2024-08-26,0.0036091475598825865
2024-08-27,0.0008035057983669213
2024-08-28,-0.0017084937638876863
2024-08-29,0.0026210175647801816
2024-08-30,-0.0018498538696525841
2024-09-03,0.0013772199510742491
2024-09-04,0.0006536386997779474
2024-09-05,0.0023530948254779195
2024-09-06,-0.006453406872341427
2024-09-09,0.0030447960861578636
2024-09-10,0.004279859986203838
2024-09-11,-0.002648662772926769
2024-09-12,0.01233646661901563
2024-09-13,0.0030502331075768605
2024-09-16,0.0011935758986919786
2024-09-17,-0.0016556017346718297
2024-09-18,-0.004261841404992961
2024-09-19,0.005021485577511253
2024-09-20,0.009625967720773631
2024-09-23,0.0026962066828194907
2024-09-24,0.004547082306072302
2024-09-25,-0.0006501840157748461
2024-09-26,0.0045714251915966895
2024-09-27,-0.0017529930637976698
2024-09-30,-0.008847385773025084
2024-10-01,0.0040227909698576925
2024-10-03,-0.011008245322249722
2024-10-04,-0.0072244429172982575
2024-10-07,-0.005604338566373312
2024-10-08,0.0015451605398667302
2024-10-09,-0.0032554345578850066
2024-10-10,0.0024357574313391027
2024-10-11,0.0028206885924734193
2024-10-14,0.0016020801170696264
2024-10-15,0.0014528746260019656
2024-10-16,0.0005947600706127652
2024-10-17,-0.0033079672638746897
2024-10-18,0.005213898515980575
2024-10-21,-0.003547767008047098
2024-10-22,-0.0020350530212091106
2024-10-23,-0.0049074049183679075
2024-10-24,0.0023810219355993698
2024-10-25,-0.0036291094662977085
2024-10-28,0.0019357707110895907
2024-10-29,0.005493846954419124
2024-10-30,-0.000851528970914517
2024-10-31,-0.007033918461889121
2024-11-01,-0.0013712226326720643
2024-11-04,-0.0030563709706142644
2024-11-05,0.004468787075104186
2024-11-06,-0.007731770343554832
2024-11-07,0.002584632510107253
2024-11-08,-0.00223800937366343
2024-11-11,-0.0035939599971386627
2024-11-12,-0.008715888696498208
2024-11-13,-0.008056533716547942
2024-11-14,-0.000863062967539996
2024-11-18,0.0011171293031669418
2024-11-19,0.0031306043266953855
2024-11-21,-0.0029934617733937906
2024-11-22,0.01348056088094629
2024-11-25,0.007951001306238525
2024-11-26,-0.0012172945356625053
2024-11-27,0.003493779006842601
2024-11-29,-0.0004115154799497643
2024-12-02,0.002094211690376535
2024-12-03,0.0027930855860998525
2024-12-04,0.0020358438269781013
2024-12-05,0.004142049074748055
2024-12-06,0.0006813383344377645
2024-12-09,-0.0015848744273086247
2024-12-10,0.0004184228625404796
2024-12-11,0.0004166523009959455
2024-12-12,-0.004879422861894045
2024-12-13,0.0013938113890159197
2024-12-16,-0.001650127270704338
2024-12-17,-0.007118227496368734
2024-12-18,-0.007828125206599125
2024-12-19,-0.006776930820377847
2024-12-20,-0.0018465745362302062
2024-12-23,7.338538294223741e-05
2024-12-24,0.00032586456021961303
2024-12-26,0.002633127519828915
2024-12-27,-0.0017765721796533793
2024-12-30,-0.002027915831632954
2024-12-31,0.0013176587230763648
