Date,NSE,Gold,Bonds
2010-01-04,109.80000305175781,61.1409797668457,5232.2001953125
2010-01-05,109.69999694824219,61.40945053100586,5277.89990234375
2010-01-06,111.51000213623047,61.1616325378418,5281.7998046875
2010-01-07,110.81999969482422,61.1616325378418,5263.10009765625
2010-01-08,111.37000274658203,61.23734664916992,5244.75
2010-01-11,112.8499984741211,61.278648376464844,5249.39990234375
2010-01-12,110.48999786376953,61.719261169433594,5210.39990234375
2010-01-13,111.54000091552734,61.423221588134766,5233.9501953125
2010-01-14,112.02999877929688,61.71234130859375,5259.89990234375
2010-01-15,110.86000061035156,61.98775863647461,5252.2001953125
2010-01-19,111.5199966430664,61.8775634765625,5225.64990234375
2010-01-20,108.94000244140625,62.09093475341797,5221.7001953125
2010-01-21,107.37000274658203,62.318092346191406,5094.14990234375
2010-01-22,107.16999816894531,62.37316131591797,5036.0
2010-01-25,107.4800033569336,62.23554229736328,5007.89990234375
2010-01-27,106.52999877929688,62.21485900878906,4853.10009765625
2010-01-28,106.4800033569336,62.19423294067383,4867.25
2010-01-29,105.95999908447266,62.435150146484375,4882.0498046875
2010-02-01,108.3499984741211,62.221073150634766,4899.7001953125
2010-02-02,109.12999725341797,62.32465362548828,4830.10009765625
2010-02-03,108.69999694824219,62.027671813964844,4931.85009765625
2010-02-04,104.37000274658203,62.53874206542969,4845.35009765625
2010-02-05,104.68000030517578,62.7390251159668,4718.64990234375
2010-02-08,104.04000091552734,62.68377685546875,4760.39990234375
2010-02-09,105.41000366210938,62.345306396484375,4792.64990234375
2010-02-10,105.12000274658203,62.17267608642578,4757.2001953125
2010-02-11,107.12999725341797,62.096683502197266,4826.85009765625
2010-02-16,109.62000274658203,62.37986755371094,4855.75
2010-02-17,109.25,62.048362731933594,4914.0
2010-02-18,109.9800033569336,61.82732391357422,4887.75
2010-02-19,109.47000122070312,61.861900329589844,4844.89990234375
2010-02-22,109.06999969482422,61.81355667114258,4856.39990234375
2010-02-23,107.88999938964844,62.2831916809082,4870.0498046875
2010-02-24,107.36000061035156,62.31772994995117,4858.60009765625
2010-02-25,108.30999755859375,62.54563522338867,4859.75
2010-02-26,109.43000030517578,62.64229202270508,4922.2998046875
2010-03-02,111.0199966430664,62.74203872680664,5017.0
2010-03-03,111.62999725341797,62.67973327636719,5088.10009765625
2010-03-04,110.83000183105469,62.79054260253906,5080.25
2010-03-05,110.80999755859375,62.49276351928711,5088.7001953125
2010-03-08,109.87999725341797,62.32654571533203,5124.0
2010-03-09,109.72000122070312,62.48579025268555,5101.5
2010-03-10,108.47000122070312,62.3819580078125,5116.25
2010-03-11,108.5999984741211,62.32654571533203,5133.39990234375
2010-03-12,107.94999694824219,62.42353057861328,5137.0
2010-03-15,108.36000061035156,62.42353057861328,5128.89990234375
2010-03-16,110.4000015258789,62.66587448120117,5198.10009765625
2010-03-17,109.58999633789062,62.74203872680664,5231.89990234375
2010-03-18,110.33999633789062,62.575828552246094,5245.89990234375
2010-03-19,108.27999877929688,62.49276351928711,5262.7998046875
2010-03-22,107.75,62.700462341308594,5205.2001953125
2010-03-23,108.31999969482422,62.56894302368164,5225.2998046875
2010-03-25,106.77999877929688,61.71717071533203,5260.39990234375
2010-03-26,108.58999633789062,61.86259460449219,5282.0
2010-03-29,108.75,61.77250289916992,5302.85009765625
2010-03-30,107.97000122070312,61.83485794067383,5262.4501953125
2010-03-31,108.94999694824219,61.98029327392578,5249.10009765625
2010-04-01,110.26000213623047,61.85179901123047,5290.5
2010-04-05,110.88999938964844,61.29616928100586,5368.39990234375
2010-04-06,111.02999877929688,61.47679138183594,5366.0
2010-04-07,112.48999786376953,61.858741760253906,5374.64990234375
2010-04-08,112.6500015258789,61.789302825927734,5304.4501953125
2010-04-09,113.63999938964844,61.858741760253906,5361.75
2010-04-12,113.01000213623047,62.025421142578125,5339.7001953125
2010-04-13,112.69000244140625,62.14347457885742,5322.9501953125
2010-04-15,113.6500015258789,62.08102035522461,5273.60009765625
2010-04-16,111.23999786376953,62.45603942871094,5262.60009765625
2010-04-19,111.1500015258789,62.30321502685547,5203.64990234375
2010-04-20,111.45999908447266,62.33098220825195,5230.10009765625
2010-04-21,112.30999755859375,62.53243637084961,5244.89990234375
2010-04-22,111.83999633789062,62.38653564453125,5269.35009765625
2010-04-23,113.19000244140625,62.21295166015625,5304.10009765625
2010-04-26,112.75,62.25462341308594,5322.4501953125
2010-04-27,114.62999725341797,62.837974548339844,5308.35009765625
2010-04-28,114.30999755859375,62.518497467041016,5215.4501953125
2010-04-29,114.27999877929688,62.622642517089844,5254.14990234375
2010-04-30,115.36000061035156,63.004642486572266,5278.0
2010-05-03,115.7300033569336,62.839542388916016,5222.75
2010-05-04,114.87000274658203,63.26448440551758,5148.5
2010-05-05,115.08999633789062,63.50829315185547,5124.89990234375
2010-05-06,118.48999786376953,64.20491027832031,5090.85009765625
2010-05-07,118.2699966430664,64.03076171875,5018.0498046875
2010-05-10,117.56999969482422,63.54314422607422,5193.60009765625
2010-05-11,120.66000366210938,63.619754791259766,5136.14990234375
2010-05-12,121.4000015258789,63.4595947265625,5156.64990234375
2010-05-13,120.55999755859375,63.633697509765625,5178.89990234375
2010-05-14,120.37000274658203,64.04468536376953,5093.5
2010-05-17,119.36000061035156,63.90534210205078,5059.89990234375
2010-05-18,119.48999786376953,64.37213897705078,5066.2001953125
2010-05-19,116.62999725341797,64.42776489257812,4919.64990234375
2010-05-20,115.83999633789062,65.05477142333984,4947.60009765625
2010-05-21,115.22000122070312,65.08956909179688,4931.14990234375
2010-05-24,116.83999633789062,65.08956909179688,4943.9501953125
2010-05-25,117.36000061035156,65.3125228881836,4806.75
2010-05-26,118.47000122070312,65.18014526367188,4917.39990234375
2010-05-27,118.69000244140625,64.5601577758789,5003.10009765625
2010-05-28,118.87999725341797,64.85272216796875,5066.5498046875
2010-06-01,119.91000366210938,64.93656158447266,4970.2001953125
2010-06-02,119.77999877929688,64.56632995605469,5019.85009765625
2010-06-03,117.95999908447266,64.47549438476562,5110.5
2010-06-04,119.19000244140625,65.36962890625,5135.5
2010-06-07,121.48999786376953,65.63507080078125,5034.0
2010-06-08,121.0,65.43250274658203,4987.10009765625
2010-06-09,120.55999755859375,65.43949127197266,5000.2998046875
2010-06-10,118.97000122070312,64.83172607421875,5078.60009765625
2010-06-11,120.01000213623047,65.243896484375,5119.35009765625
2010-06-14,119.5999984741211,65.1880111694336,5197.7001953125
2010-06-15,120.98999786376953,64.98544311523438,5222.35009765625
2010-06-16,120.33000183105469,65.16706848144531,5233.35009765625
2010-06-17,121.9000015258789,65.4744644165039,5274.85009765625
2010-06-18,122.83000183105469,65.3416976928711,5262.60009765625
2010-06-21,120.38999938964844,65.2928237915039,5353.2998046875
2010-06-22,121.44999694824219,65.68401336669922,5316.5498046875
2010-06-23,120.94999694824219,65.92849731445312,5323.14990234375
2010-06-24,121.30000305175781,65.87255859375,5320.60009765625
2010-06-25,122.76000213623047,65.97737121582031,5269.0498046875
2010-06-28,121.08999633789062,66.44538879394531,5333.5
2010-06-29,121.2699966430664,66.73179626464844,5256.14990234375
2010-06-30,121.68000030517578,66.82962799072266,5312.5
2010-07-01,117.04000091552734,66.80017852783203,5251.39990234375
2010-07-02,118.48999786376953,66.68111419677734,5237.10009765625
2010-07-06,116.51000213623047,66.84224700927734,5289.0498046875
2010-07-07,117.7300033569336,66.63207244873047,5241.10009765625
2010-07-08,117.20999908447266,66.47103118896484,5296.85009765625
2010-07-09,118.36000061035156,66.2959213256836,5352.4501953125
2010-07-12,117.33999633789062,66.4079818725586,5383.0
2010-07-13,118.36000061035156,66.07881927490234,5400.64990234375
2010-07-14,118.30000305175781,66.4079818725586,5386.14990234375
2010-07-15,118.2300033569336,66.75113677978516,5378.75
2010-07-16,116.66999816894531,67.13636016845703,5393.89990234375
2010-07-19,115.7300033569336,66.96127319335938,5386.4501953125
2010-07-20,116.6500015258789,67.03133392333984,5368.0
2010-07-21,115.8499984741211,67.45851135253906,5399.35009765625
2010-07-22,116.86000061035156,67.08731842041016,5441.9501953125
2010-07-23,116.08999633789062,66.87023162841797,5449.10009765625
2010-07-26,115.5199966430664,66.84919738769531,5418.60009765625
2010-07-27,113.51000213623047,66.61811828613281,5430.60009765625
2010-07-28,113.77999877929688,66.90522766113281,5397.5498046875
2010-07-29,114.29000091552734,67.0453109741211,5408.89990234375
2010-07-30,115.48999786376953,67.4374771118164,5367.60009765625
2010-08-02,115.54000091552734,67.22895050048828,5431.64990234375
2010-08-03,115.98999786376953,67.54496765136719,5439.5498046875
2010-08-04,116.72000122070312,67.26407623291016,5467.85009765625
2010-08-05,116.9800033569336,67.5870590209961,5447.10009765625
2010-08-06,117.83999633789062,68.02944946289062,5439.25
2010-08-09,117.4000015258789,68.01545715332031,5486.14990234375
2010-08-10,117.7300033569336,68.35948181152344,5460.7001953125
2010-08-11,117.33999633789062,68.74573516845703,5420.60009765625
2010-08-12,118.7699966430664,68.57015228271484,5416.4501953125
2010-08-13,118.73999786376953,68.86512756347656,5452.10009765625
2010-08-16,119.7300033569336,69.36363983154297,5418.2998046875
2010-08-17,119.75,69.01258850097656,5414.14990234375
2010-08-18,120.22000122070312,68.94233703613281,5479.14990234375
2010-08-19,120.38999938964844,69.2513427734375,5540.2001953125
2010-08-20,119.97000122070312,69.02656555175781,5530.64990234375
2010-08-23,119.77999877929688,69.1178970336914,5543.5
2010-08-24,120.36000061035156,69.66556549072266,5505.10009765625
2010-08-25,121.36000061035156,69.34964752197266,5462.35009765625
2010-08-26,120.95999908447266,69.66556549072266,5477.89990234375
2010-08-27,121.01000213623047,68.86512756347656,5408.7001953125
2010-08-30,120.91000366210938,69.3917007446289,5415.4501953125
2010-08-31,122.08000183105469,69.7007064819336,5402.39990234375
2010-09-01,121.69000244140625,69.19874572753906,5471.85009765625
2010-09-02,122.29000091552734,68.91019439697266,5486.14990234375
2010-09-03,121.86000061035156,68.51594543457031,5479.39990234375
2010-09-07,122.69999694824219,69.05802917480469,5604.0
2010-09-08,122.70999908447266,68.86790466308594,5607.85009765625
2010-09-09,121.55999755859375,68.32592010498047,5640.0498046875
2010-09-13,121.62000274658203,68.45260620117188,5760.0
2010-09-14,124.0199966430664,68.79753875732422,5795.5498046875
2010-09-15,123.94000244140625,68.55821228027344,5860.9501953125
2010-09-16,124.62999725341797,68.3188705444336,5828.7001953125
2010-09-17,124.54000091552734,68.47372436523438,5884.9501953125
2010-09-20,124.87000274658203,68.68489837646484,5980.4501953125
2010-09-21,126.01000213623047,69.32553100585938,6009.0498046875
2010-09-22,126.19999694824219,69.43112182617188,5991.0
2010-09-23,126.30000305175781,69.5296859741211,5959.5498046875
2010-09-24,126.69000244140625,69.18474578857422,6018.2998046875
2010-09-27,126.72000122070312,69.71974182128906,6035.64990234375
2010-09-28,127.8499984741211,69.9520263671875,6029.5
2010-09-29,127.94999694824219,69.78306579589844,5991.2998046875
2010-09-30,127.91000366210938,69.6985855102539,6029.9501953125
2010-10-01,128.91000366210938,69.73600769042969,6143.39990234375
2010-10-04,128.4600067138672,69.98298645019531,6159.4501953125
2010-10-05,130.99000549316406,69.99710083007812,6145.7998046875
2010-10-06,131.80999755859375,70.44865417480469,6186.4501953125
2010-10-07,130.3699951171875,70.51921844482422,6120.2998046875
2010-10-08,131.66000366210938,70.5474624633789,6103.4501953125
2010-10-11,132.2899932861328,70.61802673339844,6135.85009765625
2010-10-12,131.9600067138672,70.41338348388672,6090.89990234375
2010-10-13,134.07000732421875,70.41338348388672,6233.89990234375
2010-10-14,134.75,70.01122283935547,6177.35009765625
2010-10-15,133.67999267578125,69.707763671875,6062.64990234375
2010-10-18,134.27999877929688,70.03943634033203,6075.9501953125
2010-10-19,130.11000061035156,70.27935791015625,6027.2998046875
2010-10-20,131.32000732421875,70.23698425292969,5982.10009765625
2010-10-21,129.47000122070312,69.84890747070312,6101.5
2010-10-22,129.72999572753906,69.87003326416016,6066.0498046875
2010-10-25,130.85000610351562,69.84890747070312,6105.7998046875
2010-10-26,130.8800048828125,69.3831787109375,6082.0
2010-10-27,129.52000427246094,68.98100280761719,6012.64990234375
2010-10-28,131.24000549316406,69.3831787109375,5987.7001953125
2010-10-29,132.6199951171875,69.69369506835938,6017.7001953125
2010-11-01,131.9199981689453,69.57698822021484,6117.5498046875
2010-11-02,132.49000549316406,69.81037139892578,6119.0
2010-11-03,131.57000732421875,70.03667449951172,6160.5
2010-11-04,136.02999877929688,70.60256958007812,6281.7998046875
2010-11-08,137.77999877929688,70.32669067382812,6273.2001953125
2010-11-09,135.58999633789062,69.73259735107422,6301.5498046875
2010-11-10,137.24000549316406,69.99424743652344,6275.7001953125
2010-11-11,137.66000366210938,69.91643524169922,6194.25
2010-11-12,133.69000244140625,69.33650970458984,6071.64990234375
2010-11-15,132.4199981689453,68.44524383544922,6121.60009765625
2010-11-16,130.97000122070312,68.95452880859375,5988.7001953125
2010-11-18,132.08999633789062,68.59378814697266,5998.7998046875
2010-11-19,132.1999969482422,68.73526000976562,5890.2998046875
2010-11-22,133.47999572753906,69.10311889648438,6010.0
2010-11-23,134.41000366210938,69.24451446533203,5934.75
2010-11-24,134.17999267578125,68.50189208984375,5865.75
2010-11-26,133.11000061035156,68.79891204833984,5751.9501953125
2010-11-29,133.50999450683594,68.94741821289062,5830.0
2010-11-30,135.4199981689453,69.0677261352539,5862.7001953125
2010-12-01,135.3800048828125,68.15949249267578,5960.89990234375
2010-12-02,135.1999969482422,67.98926544189453,6011.7001953125
2010-12-03,138.07000732421875,67.99636840820312,5992.7998046875
2010-12-06,139.11000061035156,68.42179870605469,5992.25
2010-12-07,136.5,67.28734588623047,5976.5498046875
2010-12-08,134.7899932861328,66.71296691894531,5903.7001953125
2010-12-09,135.3699951171875,66.85477447509766,5766.5
2010-12-10,135.41000366210938,66.2876205444336,5857.35009765625
2010-12-13,136.0500030517578,66.50029754638672,5907.64990234375
2010-12-14,136.17999267578125,65.79838562011719,5944.10009765625
2010-12-15,134.6999969482422,65.52892303466797,5892.2998046875
2010-12-16,133.80999755859375,65.91886901855469,5948.75
2010-12-20,135.11000061035156,66.47897338867188,5947.0498046875
2010-12-21,135.32000732421875,66.62080383300781,6000.64990234375
2010-12-22,135.0500030517578,66.43649291992188,5984.39990234375
2010-12-23,134.66000366210938,66.20245361328125,5980.0
2010-12-27,135.02000427246094,66.45779418945312,5998.10009765625
2010-12-28,137.22000122070312,65.7596664428711,5996.0
2010-12-29,137.7100067138672,66.49903106689453,6060.35009765625
2010-12-30,137.02999877929688,66.36390686035156,6101.85009765625
2010-12-31,138.72000122070312,66.69805145263672,6134.5
2011-01-03,138.0,66.49185180664062,6157.60009765625
2011-01-04,134.75,66.64824676513672,6146.35009765625
2011-01-05,134.3699951171875,65.93028259277344,6079.7998046875
2011-01-06,133.8300018310547,66.27152252197266,6048.25
2011-01-07,133.5800018310547,66.71224975585938,5904.60009765625
2011-01-10,134.1199951171875,66.93974304199219,5762.85009765625
2011-01-11,134.91000366210938,66.67670440673828,5754.10009765625
2011-01-12,135.4600067138672,66.48474884033203,5863.25
2011-01-13,134.0500030517578,66.93260192871094,5751.89990234375
2011-01-14,132.69000244140625,66.74781036376953,5654.5498046875
2011-01-18,133.42999267578125,66.58426666259766,5724.0498046875
2011-01-19,133.72000122070312,66.75495147705078,5691.0498046875
2011-01-20,131.1999969482422,66.2359390258789,5711.60009765625
2011-01-21,131.02999877929688,66.45629119873047,5696.5
2011-01-24,130.36000061035156,66.46342468261719,5743.25
2011-01-25,130.10000610351562,66.79756927490234,5687.39990234375
2011-01-27,127.93000030517578,66.64114379882812,5604.2998046875
2011-01-28,130.27999877929688,66.94683837890625,5512.14990234375
2011-01-31,129.8699951171875,66.68379974365234,5505.89990234375
2011-02-01,130.8000030517578,66.3738021850586,5417.2001953125
2011-02-02,130.4499969482422,66.21705627441406,5432.0
2011-02-03,132.1999969482422,65.8392333984375,5526.75
2011-02-04,131.66000366210938,65.43302154541016,5395.75
2011-02-07,131.67999267578125,65.404541015625,5396.0
2011-02-08,133.13999938964844,64.95550537109375,5312.5498046875
2011-02-09,133.07000732421875,65.3261489868164,5253.5498046875
2011-02-10,132.85000610351562,65.11229705810547,5225.7998046875
2011-02-11,132.32000732421875,65.41166687011719,5310.0
2011-02-14,132.9499969482422,65.43302154541016,5456.0
2011-02-15,133.97000122070312,65.58272552490234,5481.0
2011-02-16,134.10000610351562,65.49008178710938,5481.7001953125
2011-02-17,135.0399932861328,65.73236083984375,5546.4501953125
2011-02-18,135.41000366210938,65.71808624267578,5458.9501953125
2011-02-22,136.2899932861328,66.35245513916016,5469.2001953125
2011-02-23,137.50999450683594,66.18851470947266,5437.35009765625
2011-02-24,136.47999572753906,66.35954284667969,5262.7001953125
2011-02-25,137.3800048828125,66.57339477539062,5303.5498046875
2011-02-28,137.66000366210938,66.54483795166016,5333.25
2011-03-01,140.02999877929688,66.62056732177734,5522.2998046875
2011-03-03,138.08999633789062,65.82048797607422,5536.2001953125
2011-03-04,139.35000610351562,66.2919921875,5538.75
2011-03-07,139.72000122070312,66.12767791748047,5463.14990234375
2011-03-08,139.36000061035156,65.97053527832031,5520.7998046875
2011-03-09,139.41000366210938,66.3563003540039,5531.0
2011-03-10,137.77000427246094,66.92060852050781,5494.39990234375
2011-03-11,138.22000122070312,66.76343536376953,5445.4501953125
2011-03-14,138.86000061035156,66.91350555419922,5531.5
2011-03-15,136.27000427246094,67.15631866455078,5449.64990234375
2011-03-16,136.24000549316406,67.72779083251953,5511.14990234375
2011-03-17,136.97000122070312,67.52062225341797,5446.64990234375
2011-03-18,138.3699951171875,67.47782897949219,5373.7001953125
2011-03-21,139.13999938964844,67.12774658203125,5364.75
2011-03-22,139.0500030517578,67.1634292602539,5413.85009765625
2011-03-23,140.33999633789062,67.07776641845703,5480.25
2011-03-24,139.22000122070312,66.73490142822266,5522.39990234375
2011-03-25,139.25999450683594,66.5562744140625,5654.25
2011-03-28,138.5399932861328,66.57766723632812,5687.25
2011-03-29,138.2100067138672,66.38482666015625,5736.35009765625
2011-03-30,138.6699981689453,66.61338806152344,5787.64990234375
2011-03-31,139.86000061035156,66.44203186035156,5833.75
2011-04-01,139.1999969482422,66.583740234375,5826.0498046875
2011-04-04,139.83999633789062,66.73424530029297,5908.4501953125
2011-04-05,142.0500030517578,66.39754486083984,5910.0498046875
2011-04-06,142.3800048828125,66.1110610961914,5891.75
2011-04-07,142.50999450683594,66.11824035644531,5885.7001953125
2011-04-08,143.66000366210938,65.92481994628906,5842.0
2011-04-11,142.63999938964844,66.01083374023438,5785.7001953125
2011-04-13,141.89999389648438,66.6410903930664,5911.5
2011-04-15,145.0500030517578,66.90614318847656,5824.5498046875
2011-04-18,145.92999267578125,67.0708236694336,5729.10009765625
2011-04-19,145.92999267578125,67.15676879882812,5740.75
2011-04-20,146.5,66.89179992675781,5851.64990234375
2011-04-21,146.74000549316406,66.94190216064453,5884.7001953125
2011-04-25,146.8699951171875,67.17829132080078,5874.5
2011-04-26,146.3800048828125,67.4648208618164,5868.39990234375
2011-04-27,149.1999969482422,67.27140808105469,5833.89990234375
2011-04-28,149.82000732421875,67.5292739868164,5785.4501953125
2011-04-29,152.3699951171875,67.66537475585938,5749.5
2011-05-02,150.41000366210938,67.64453125,5701.2998046875
2011-05-03,149.8800048828125,67.82402038574219,5565.25
2011-05-04,147.72999572753906,67.99636840820312,5537.14990234375
2011-05-05,143.47000122070312,68.33390045166016,5459.85009765625
2011-05-06,145.3000030517578,68.36980438232422,5551.4501953125
2011-05-09,147.3800048828125,68.47032165527344,5551.10009765625
2011-05-10,147.89999389648438,68.1400146484375,5541.25
2011-05-11,146.5399932861328,68.38414001464844,5565.0498046875
2011-05-12,146.58999633789062,68.23338317871094,5486.14990234375
2011-05-13,145.6300048828125,68.49908447265625,5544.75
2011-05-16,145.3699951171875,68.6642074584961,5499.0
2011-05-17,144.74000549316406,68.8652572631836,5438.9501953125
2011-05-18,145.60000610351562,68.47032165527344,5420.60009765625
2011-05-19,145.64999389648438,68.54212188720703,5428.10009765625
2011-05-20,147.49000549316406,68.70732879638672,5486.35009765625
2011-05-23,147.8300018310547,68.80065155029297,5386.5498046875
2011-05-24,148.58999633789062,68.8724594116211,5394.85009765625
2011-05-25,148.5800018310547,68.8796615600586,5348.9501953125
2011-05-26,148.22000122070312,69.26025390625,5412.35009765625
2011-05-27,149.6999969482422,69.2530288696289,5476.10009765625
2011-06-01,149.91000366210938,69.93235778808594,5592.0
2011-06-02,149.5,69.51481628417969,5550.35009765625
2011-06-03,150.22000122070312,69.78842163085938,5516.75
2011-06-06,150.47999572753906,69.74517822265625,5532.0498046875
2011-06-07,150.4199981689453,69.87482452392578,5556.14990234375
2011-06-08,149.80999755859375,70.0259780883789,5526.85009765625
2011-06-09,150.55999755859375,69.74517822265625,5521.0498046875
2011-06-10,149.24000549316406,69.96839904785156,5485.7998046875
2011-06-13,147.77000427246094,69.81717681884766,5482.7998046875
2011-06-14,148.6699981689453,69.26287078857422,5500.5
2011-06-15,149.1199951171875,70.01158142089844,5447.5
2011-06-16,148.97000122070312,70.20598602294922,5396.75
2011-06-17,149.94000244140625,70.1555404663086,5366.39990234375
2011-06-20,150.02999877929688,70.04756164550781,5257.89990234375
2011-06-21,150.75999450683594,69.9539794921875,5275.85009765625
2011-06-22,150.99000549316406,69.92520141601562,5278.2998046875
2011-06-23,148.33999633789062,70.29234313964844,5320.0
2011-06-24,146.25999450683594,70.58748626708984,5471.25
2011-06-27,145.72999572753906,70.31392669677734,5526.60009765625
2011-06-28,146.24000549316406,69.66603088378906,5545.2998046875
2011-06-29,147.17999267578125,69.2485122680664,5600.4501953125
2011-06-30,146.0,69.0108871459961,5647.39990234375
2011-07-01,144.92999267578125,68.8384780883789,5627.2001953125
2011-07-05,147.6300048828125,69.2713851928711,5632.10009765625
2011-07-06,148.91000366210938,69.39411926269531,5625.4501953125
2011-07-07,149.14999389648438,69.12712097167969,5728.9501953125
2011-07-08,150.25,69.86317443847656,5660.64990234375
2011-07-11,151.58999633789062,70.39723205566406,5616.10009765625
2011-07-12,152.77000427246094,70.4982681274414,5526.14990234375
2011-07-13,154.13999938964844,70.61371612548828,5585.4501953125
2011-07-15,155.1999969482422,70.4982681274414,5581.10009765625
2011-07-18,156.57000732421875,70.45494079589844,5567.0498046875
2011-07-19,154.66000366210938,70.72196197509766,5613.5498046875
2011-07-20,156.02000427246094,70.37554168701172,5567.0498046875
2011-07-21,154.8300018310547,69.98584747314453,5541.60009765625
2011-07-22,156.1199951171875,70.25286102294922,5633.9501953125
2011-07-25,157.33999633789062,70.02912902832031,5680.2998046875
2011-07-26,157.77000427246094,70.32499694824219,5574.85009765625
2011-07-27,157.19000244140625,70.2095947265625,5546.7998046875
2011-07-28,157.32000732421875,70.34667205810547,5487.75
2011-07-29,158.2899932861328,71.19821166992188,5482.0
2011-08-01,157.72000122070312,71.45718383789062,5516.7998046875
2011-08-02,161.52000427246094,72.11553955078125,5456.5498046875
2011-08-03,161.49000549316406,72.17334747314453,5404.7998046875
2011-08-04,160.63999938964844,73.12828063964844,5331.7998046875
2011-08-05,161.75,72.2818832397461,5211.25
2011-08-08,167.1199951171875,73.43204498291016,5118.5
2011-08-09,168.61000061035156,73.85887908935547,5072.85009765625
2011-08-10,174.5800018310547,74.83548736572266,5161.0
2011-08-11,170.75,73.73592376708984,5138.2998046875
2011-08-12,169.97000122070312,74.24950408935547,5072.9501953125
2011-08-16,173.9199981689453,74.31462097167969,5035.7998046875
2011-08-17,174.4199981689453,74.83548736572266,5056.60009765625
2011-08-18,177.72000122070312,75.22608184814453,4944.14990234375
2011-08-19,179.9499969482422,75.30567932128906,4845.64990234375
2011-08-22,184.58999633789062,75.16825866699219,4898.7998046875
2011-08-23,177.6699981689453,74.86442565917969,4948.89990234375
2011-08-24,171.64999389648438,74.06145477294922,4888.89990234375
2011-08-25,172.36000061035156,74.5171890258789,4839.60009765625
2011-08-26,177.47000122070312,74.75590515136719,4747.7998046875
2011-08-29,173.88999938964844,74.26393127441406,4919.60009765625
2011-08-30,179.10000610351562,74.77763366699219,5001.0
2011-09-02,183.24000549316406,75.79248809814453,5040.0
2011-09-06,182.89999389648438,75.89402770996094,5064.2998046875
2011-09-07,177.0800018310547,75.48796081542969,5124.64990234375
2011-09-08,181.80999755859375,75.85773468017578,5153.25
2011-09-09,180.6999969482422,76.22752380371094,5059.4501953125
2011-09-12,176.6699981689453,75.9955062866211,4946.7998046875
2011-09-13,178.5399932861328,75.77070617675781,4940.9501953125
2011-09-14,177.2100067138672,75.81426239013672,5012.5498046875
2011-09-15,174.39999389648438,75.24876403808594,5075.7001953125
2011-09-16,176.02999877929688,75.39375305175781,5084.25
2011-09-19,173.30999755859375,76.00999450683594,5031.9501953125
2011-09-20,175.77999877929688,76.11148071289062,5140.2001953125
2011-09-21,173.58999633789062,76.43771362304688,5133.25
2011-09-22,169.0500030517578,77.14823150634766,4923.64990234375
2011-09-23,159.8000030517578,76.51023864746094,4867.75
2011-09-26,157.5800018310547,76.19129180908203,4835.39990234375
2011-09-27,160.6300048828125,75.68374633789062,4971.25
2011-09-28,156.22000122070312,75.6982650756836,4945.89990234375
2011-09-29,157.6999969482422,75.6982650756836,5015.4501953125
2011-09-30,158.05999755859375,76.17677307128906,4943.25
2011-10-03,160.9600067138672,76.88212585449219,4849.5
2011-10-04,157.63999938964844,76.4898452758789,4772.14990234375
2011-10-05,159.4600067138672,76.17019653320312,4751.2998046875
2011-10-07,159.17999267578125,75.2475814819336,4888.0498046875
2011-10-10,163.27000427246094,74.45574188232422,4979.60009765625
2011-10-11,162.10000610351562,74.7027359008789,4974.35009765625
2011-10-12,163.25999450683594,74.44847869873047,5099.39990234375
2011-10-13,162.3000030517578,74.74634552001953,5077.85009765625
2011-10-14,163.39999389648438,74.3758316040039,5132.2998046875
2011-10-17,162.6199951171875,74.86257934570312,5118.25
2011-10-18,161.83999633789062,74.78268432617188,5037.5
2011-10-19,159.8699951171875,74.89888000488281,5139.14990234375
2011-10-20,157.77000427246094,74.74634552001953,5091.89990234375
2011-10-21,159.52000427246094,74.6082763671875,5049.9501953125
2011-10-24,161.02000427246094,74.57198333740234,5098.35009765625
2011-10-25,165.58999633789062,75.21126556396484,5191.60009765625
2011-10-28,169.6199951171875,74.20150756835938,5360.7001953125
2011-10-31,167.33999633789062,75.19669342041016,5326.60009765625
2011-11-01,167.3800048828125,76.09867095947266,5257.9501953125
2011-11-02,169.05999755859375,75.91667938232422,5258.4501953125
2011-11-03,171.72000122070312,75.5599594116211,5265.75
2011-11-04,170.85000610351562,75.78562927246094,5284.2001953125
2011-11-08,173.52999877929688,75.53087615966797,5289.35009765625
2011-11-09,172.07000732421875,76.20055389404297,5221.0498046875
2011-11-11,173.9600067138672,75.47991180419922,5168.85009765625
2011-11-14,173.1999969482422,75.95310974121094,5148.35009765625
2011-11-15,173.36000061035156,75.85115051269531,5068.5
2011-11-16,171.50999450683594,76.12783813476562,5030.4501953125
2011-11-17,167.10000610351562,76.2806625366211,4934.75
2011-11-18,167.6199951171875,75.99674987792969,4905.7998046875
2011-11-21,163.5,76.20777130126953,4778.35009765625
2011-11-22,165.30999755859375,76.44075775146484,4812.35009765625
2011-11-23,164.8300018310547,76.70285034179688,4706.4501953125
2011-11-25,163.39999389648438,76.215087890625,4710.0498046875
2011-11-28,166.6300048828125,76.22242736816406,4851.2998046875
2011-11-29,166.8800048828125,76.07682800292969,4805.10009765625
2011-11-30,170.1300048828125,75.63279724121094,4832.0498046875
2011-12-01,169.6300048828125,75.61090087890625,4936.85009765625
2011-12-02,169.82000732421875,75.94639587402344,5050.14990234375
2011-12-05,167.32000732421875,75.90264892578125,5039.14990234375
2011-12-07,169.39999389648438,76.04849243164062,5062.60009765625
2011-12-08,165.97999572753906,76.4350814819336,4943.64990234375
2011-12-09,166.39999389648438,75.90992736816406,4866.7001953125
2011-12-12,161.99000549316406,76.1725082397461,4764.60009765625
2011-12-13,158.4499969482422,76.52256774902344,4800.60009765625
2011-12-14,152.88999938964844,76.84344482421875,4763.25
2011-12-15,152.3300018310547,76.77783966064453,4746.35009765625
2011-12-16,155.22999572753906,77.1497573852539,4651.60009765625
2011-12-19,154.8699951171875,77.41236877441406,4613.10009765625
2011-12-20,156.97999572753906,76.71212768554688,4544.2001953125
2011-12-21,157.16000366210938,76.46418762207031,4693.14990234375
2011-12-22,156.0399932861328,76.55904388427734,4733.85009765625
2011-12-23,156.30999755859375,76.24539184570312,4714.0
2011-12-27,154.91000366210938,76.28852844238281,4750.5
2011-12-28,151.02999877929688,76.77075958251953,4705.7998046875
2011-12-29,150.33999633789062,76.86575317382812,4646.25
2011-12-30,151.99000549316406,77.13609313964844,4624.2998046875
2012-01-03,155.9199981689453,76.64661407470703,4765.2998046875
2012-01-04,156.7100067138672,76.4054946899414,4749.64990234375
2012-01-05,157.77999877929688,76.42002868652344,4749.9501953125
2012-01-06,157.1999969482422,76.71959686279297,4754.10009765625
2012-01-09,156.5,76.73418426513672,4742.7998046875
2012-01-10,158.63999938964844,76.58082580566406,4849.5498046875
2012-01-11,159.6699981689453,77.02650451660156,4860.9501953125
2012-01-12,160.3800048828125,76.86575317382812,4831.25
2012-01-13,159.25999450683594,77.20916748046875,4866.0
2012-01-17,160.5,77.2822265625,4967.2998046875
2012-01-18,161.60000610351562,77.04106140136719,4955.7998046875
2012-01-19,161.22000122070312,76.58082580566406,5018.39990234375
2012-01-20,162.07000732421875,76.31771850585938,5048.60009765625
2012-01-23,163.16000366210938,76.14967346191406,5046.25
2012-01-24,162.00999450683594,76.23741149902344,5127.35009765625
2012-01-25,166.4199981689453,76.60269165039062,5158.2998046875
2012-01-27,168.97000122070312,77.24571228027344,5204.7001953125
2012-01-30,168.02999877929688,77.50874328613281,5087.2998046875
2012-01-31,169.30999755859375,77.80097198486328,5199.25
2012-02-01,169.55999755859375,77.5308609008789,5235.7001953125
2012-02-02,171.0500030517578,77.64069366455078,5269.89990234375
2012-02-03,167.63999938964844,77.02586364746094,5325.85009765625
2012-02-06,167.17999267578125,77.23811340332031,5361.64990234375
2012-02-07,169.6999969482422,76.74032592773438,5335.14990234375
2012-02-08,168.5,76.77699279785156,5368.14990234375
2012-02-09,168.02000427246094,76.60128784179688,5412.35009765625
2012-02-10,167.13999938964844,77.03314971923828,5381.60009765625
2012-02-13,167.50999450683594,76.98192596435547,5390.2001953125
2012-02-14,167.1199951171875,77.14298248291016,5416.0498046875
2012-02-15,168.11000061035156,77.20148468017578,5531.9501953125
2012-02-16,168.0,76.85021209716797,5521.9501953125
2012-02-17,167.35000610351562,76.7696762084961,5564.2998046875
2012-02-21,171.02000427246094,76.49150085449219,5607.14990234375
2012-02-22,172.94000244140625,76.79164123535156,5505.35009765625
2012-02-23,173.02000427246094,76.90138244628906,5483.2998046875
2012-02-24,172.22999572753906,76.9599838256836,5429.2998046875
2012-02-27,171.6999969482422,77.21612548828125,5281.2001953125
2012-02-28,173.49000549316406,77.25273132324219,5375.5
2012-02-29,164.2899932861328,76.94528198242188,5385.2001953125
2012-03-01,166.61000061035156,76.69605255126953,5339.75
2012-03-02,166.33999633789062,77.00396728515625,5359.35009765625
2012-03-05,165.64999389648438,76.85005187988281,5280.35009765625
2012-03-06,162.6999969482422,77.17264556884766,5222.39990234375
2012-03-07,163.6300048828125,77.02598571777344,5220.4501953125
2012-03-09,166.3800048828125,76.74005126953125,5333.5498046875
2012-03-12,165.07000732421875,76.71810913085938,5359.5498046875
2012-03-13,162.3000030517578,76.16815185546875,5429.5
2012-03-14,159.57000732421875,75.29568481445312,5463.89990234375
2012-03-15,161.0800018310547,75.27374267578125,5380.5
2012-03-16,161.3000030517578,75.25171661376953,5317.89990234375
2012-03-19,161.58999633789062,74.7897720336914,5257.0498046875
2012-03-20,160.1300048828125,74.82645416259766,5274.85009765625
2012-03-21,160.2100067138672,75.20772552490234,5364.9501953125
2012-03-22,159.57000732421875,75.30305480957031,5228.4501953125
2012-03-23,161.52999877929688,75.58167266845703,5278.2001953125
2012-03-26,164.39999389648438,75.49365997314453,5184.25
2012-03-27,163.24000549316406,75.91158294677734,5243.14990234375
2012-03-28,161.50999450683594,75.7795639038086,5194.75
2012-03-29,161.27999877929688,76.09485626220703,5178.85009765625
2012-03-30,162.1199951171875,75.72095489501953,5295.5498046875
2012-04-02,162.94000244140625,75.90235137939453,5317.89990234375
2012-04-03,159.88999938964844,75.3441390991211,5358.5
2012-04-04,157.2100067138672,75.7260971069336,5322.89990234375
2012-04-09,159.3699951171875,76.84244537353516,5234.39990234375
2012-04-10,161.10000610351562,77.20223999023438,5243.60009765625
2012-04-11,161.07000732421875,76.9011459350586,5226.85009765625
2012-04-12,162.6999969482422,76.74690246582031,5276.85009765625
2012-04-13,160.85000610351562,77.20960998535156,5207.4501953125
2012-04-16,160.4600067138672,77.18758392333984,5226.2001953125
2012-04-17,160.25,77.10681915283203,5289.7001953125
2012-04-18,159.30999755859375,77.2610092163086,5300.0
2012-04-19,159.42999267578125,77.34911346435547,5332.39990234375
2012-04-20,159.5399932861328,77.3564453125,5290.85009765625
2012-04-23,159.07000732421875,77.51072692871094,5200.60009765625
2012-04-24,159.3000030517578,77.31244659423828,5222.64990234375
2012-04-25,159.6199951171875,77.21692657470703,5202.0
2012-04-26,161.02999877929688,77.4740219116211,5189.0
2012-04-27,161.3800048828125,77.55476379394531,5190.60009765625
2012-04-30,161.8800048828125,77.62084197998047,5248.14990234375
2012-05-02,160.58999633789062,77.62677001953125,5239.14990234375
2012-05-03,158.97000122070312,77.61943054199219,5188.39990234375
2012-05-04,159.47000122070312,77.92838287353516,5086.85009765625
2012-05-07,159.0800018310547,77.90633392333984,5114.14990234375
2012-05-08,156.0,78.08283996582031,4999.9501953125
2012-05-09,154.47000122070312,78.1490249633789,4974.7998046875
2012-05-10,154.77000427246094,78.0386962890625,4965.7001953125
2012-05-11,153.55999755859375,78.29615020751953,4928.89990234375
2012-05-14,151.3300018310547,78.64188385009766,4907.7998046875
2012-05-15,149.74000549316406,78.66392517089844,4942.7998046875
2012-05-16,149.4600067138672,78.7227783203125,4858.25
2012-05-17,152.8000030517578,79.01704406738281,4870.2001953125
2012-05-18,154.5500030517578,78.96556854248047,4891.4501953125
2012-05-22,152.0800018310547,78.59036254882812,4860.5
2012-05-23,151.6199951171875,78.79638671875,4835.64990234375
2012-05-24,151.41000366210938,78.627197265625,4921.39990234375
2012-05-25,152.67999267578125,78.8552017211914,4920.39990234375
2012-05-29,151.02000427246094,78.78902435302734,4990.10009765625
2012-05-30,151.91000366210938,79.53927612304688,4950.75
2012-05-31,151.6199951171875,79.8482666015625,4924.25
2012-06-01,157.5,80.53411865234375,4841.60009765625
2012-06-04,157.32000732421875,80.07005310058594,4848.14990234375
2012-06-05,157.13999938964844,79.80476379394531,4863.2998046875
2012-06-06,157.2100067138672,79.28170013427734,4997.10009765625
2012-06-07,154.5,79.47323608398438,5049.64990234375
2012-06-08,154.72999572753906,79.53216552734375,5068.35009765625
2012-06-11,155.36000061035156,79.74585723876953,5054.10009765625
2012-06-12,156.4600067138672,79.3185043334961,5115.89990234375
2012-06-13,157.1199951171875,79.73844909667969,5121.4501953125
2012-06-14,157.75,79.52482604980469,5054.75
2012-06-15,157.83999633789062,79.8931884765625,5139.0498046875
2012-06-18,157.92999267578125,79.8710708618164,5064.25
2012-06-19,157.16000366210938,79.59850311279297,5103.85009765625
2012-06-20,155.97000122070312,79.43635559082031,5120.5498046875
2012-06-21,152.02000427246094,79.6058120727539,5165.0
2012-06-22,152.63999938964844,79.25958251953125,5146.0498046875
2012-06-25,153.75999450683594,79.69426727294922,5114.64990234375
2012-06-26,152.6199951171875,79.51744842529297,5120.7998046875
2012-06-27,152.8300018310547,79.6279296875,5141.89990234375
2012-06-28,151.0500030517578,79.88584899902344,5149.14990234375
2012-06-29,155.19000244140625,79.51744842529297,5278.89990234375
2012-07-02,155.08999633789062,79.88639831542969,5278.60009765625
2012-07-03,157.4600067138672,79.68714904785156,5287.9501953125
2012-07-05,155.67999267578125,79.9011459350586,5327.2998046875
2012-07-06,153.7100067138672,80.1814956665039,5316.9501953125
2012-07-09,154.0399932861328,80.40287780761719,5275.14990234375
2012-07-10,152.14999389648438,80.43977355957031,5345.35009765625
2012-07-11,152.99000549316406,80.36598205566406,5306.2998046875
2012-07-12,152.58999633789062,80.55042266845703,5235.25
2012-07-13,154.13999938964844,80.48400115966797,5227.25
2012-07-16,154.2100067138672,80.66109466552734,5197.25
2012-07-17,153.47000122070312,80.45447540283203,5192.85009765625
2012-07-18,153.0500030517578,80.53564453125,5216.2998046875
2012-07-19,153.3800048828125,80.41759490966797,5242.7001953125
2012-07-20,153.6699981689453,80.73486328125,5205.10009765625
2012-07-23,153.02999877929688,80.86769104003906,5117.9501953125
2012-07-24,153.52000427246094,81.02264404296875,5128.2001953125
2012-07-25,155.6699981689453,81.0669174194336,5109.60009765625
2012-07-26,156.77000427246094,80.81603240966797,5043.0
2012-07-27,157.5399932861328,80.23313903808594,5099.85009765625
2012-07-30,157.42999267578125,80.49137115478516,5199.7998046875
2012-07-31,156.49000549316406,80.63162994384766,5229.0
2012-08-01,155.13999938964844,80.3375015258789,5240.5
2012-08-02,154.1300048828125,80.52961730957031,5227.75
2012-08-03,155.5500030517578,80.1084213256836,5215.7001953125
2012-08-06,156.3000030517578,80.16016387939453,5282.5498046875
2012-08-07,156.27999877929688,79.73894500732422,5336.7001953125
2012-08-08,156.47999572753906,79.62809753417969,5338.0
2012-08-09,156.99000549316406,79.56898498535156,5322.9501953125
2012-08-10,157.17999267578125,79.798095703125,5320.39990234375
2012-08-13,155.99000549316406,79.74632263183594,5347.89990234375
2012-08-14,155.1300048828125,79.35474395751953,5380.35009765625
2012-08-16,156.55999755859375,78.76354217529297,5362.9501953125
2012-08-17,156.72000122070312,78.85960388183594,5366.2998046875
2012-08-21,158.8300018310547,78.9704818725586,5421.0
2012-08-22,160.5399932861328,79.583740234375,5412.85009765625
2012-08-23,161.88999938964844,79.72416687011719,5415.35009765625
2012-08-24,161.97000122070312,79.68722534179688,5386.7001953125
2012-08-27,161.36000061035156,79.8941650390625,5350.25
2012-08-29,160.58999633789062,79.87197875976562,5287.7998046875
2012-08-30,160.52000427246094,80.0197525024414,5315.0498046875
2012-08-31,164.22000122070312,80.53699493408203,5258.5
2012-09-04,164.47999572753906,80.35275268554688,5274.0
2012-09-05,164.30999755859375,80.32315063476562,5225.7001953125
2012-09-06,164.88999938964844,79.77555084228516,5238.39990234375
2012-09-07,168.44000244140625,79.8791732788086,5342.10009765625
2012-09-10,167.2899932861328,79.91614532470703,5363.4501953125
2012-09-11,167.89999389648438,79.76817321777344,5390.0
2012-09-12,167.9199981689453,79.3759994506836,5431.0
2012-09-13,171.30999755859375,79.60542297363281,5435.35009765625
2012-09-14,171.8000030517578,78.8580322265625,5577.64990234375
2012-09-17,170.39999389648438,79.02083587646484,5610.0
2012-09-18,171.72000122070312,79.22056579589844,5600.0498046875
2012-09-20,171.47000122070312,79.45002746582031,5554.25
2012-09-21,171.9600067138672,79.62023162841797,5691.14990234375
2012-09-24,171.0500030517578,79.79780578613281,5669.60009765625
2012-09-25,170.77000427246094,80.09378051757812,5673.89990234375
2012-09-26,169.80999755859375,80.4267807006836,5663.4501953125
2012-09-27,172.33999633789062,80.2565689086914,5649.5
2012-09-28,171.88999938964844,80.2565689086914,5703.2998046875
2012-10-01,172.2899932861328,80.40547180175781,5718.7998046875
2012-10-03,172.41000366210938,80.43510437011719,5731.25
2012-10-04,173.61000061035156,80.11651611328125,5787.60009765625
2012-10-05,172.6199951171875,79.75343322753906,5746.9501953125
2012-10-08,172.0500030517578,80.0128173828125,5676.0
2012-10-09,170.99000549316406,79.84978485107422,5704.60009765625
2012-10-10,170.83999633789062,80.0424575805664,5652.14990234375
2012-10-11,171.32000732421875,80.11651611328125,5708.0498046875
2012-10-12,170.05999755859375,80.12396240234375,5676.0498046875
2012-10-15,168.35000610351562,80.14616394042969,5687.25
2012-10-16,169.4199981689453,79.76830291748047,5648.0
2012-10-17,169.5399932861328,79.26445770263672,5660.25
2012-10-18,168.7899932861328,79.12367248535156,5718.7001953125
2012-10-19,166.97000122070312,79.45708465576172,5684.25
2012-10-22,167.5800018310547,79.19038391113281,5717.14990234375
2012-10-23,165.42999267578125,79.5682373046875,5691.39990234375
2012-10-25,166.02000427246094,79.10888671875,5705.2998046875
2012-10-31,166.8300018310547,79.938720703125,5619.7001953125
2012-11-01,166.07000732421875,79.7791519165039,5645.0498046875
2012-11-02,162.60000610351562,79.8459701538086,5697.7001953125
2012-11-05,163.22999572753906,80.03884887695312,5704.2001953125
2012-11-06,166.3000030517578,79.67533874511719,5724.39990234375
2012-11-07,166.49000549316406,80.34302520751953,5760.10009765625
2012-11-08,167.99000549316406,80.69918060302734,5738.75
2012-11-09,167.82000732421875,80.70659637451172,5686.25
2012-11-12,167.4499969482422,80.75855255126953,5683.7001953125
2012-11-15,166.08999633789062,80.84014129638672,5631.0
2012-11-16,165.8800048828125,80.89208221435547,5574.0498046875
2012-11-19,167.8699951171875,80.72884368896484,5571.39990234375
2012-11-20,167.38999938964844,80.39500427246094,5571.5498046875
2012-11-21,167.55999755859375,80.27632141113281,5614.7998046875
2012-11-23,169.61000061035156,80.23178100585938,5626.60009765625
2012-11-26,169.42999267578125,80.36531829833984,5635.89990234375
2012-11-27,168.7100067138672,80.55078125,5727.4501953125
2012-11-29,167.17999267578125,80.73628234863281,5825.0
2012-11-30,166.0500030517578,80.72145080566406,5879.85009765625
2012-12-03,166.1300048828125,80.68949890136719,5870.9501953125
2012-12-04,164.4199981689453,80.83062744140625,5889.25
2012-12-05,164.1199951171875,80.89750671386719,5900.5
2012-12-06,164.5,80.94207763671875,5930.89990234375
2012-12-07,165.16000366210938,80.71180725097656,5907.39990234375
2012-12-10,165.8000030517578,80.78605651855469,5908.89990234375
2012-12-11,165.64999389648438,80.63007354736328,5898.7998046875
2012-12-12,165.77000427246094,80.28839874267578,5888.0
2012-12-13,164.3699951171875,80.13236236572266,5851.5
2012-12-14,164.1300048828125,80.31062316894531,5879.60009765625
2012-12-17,164.44000244140625,79.88721466064453,5857.89990234375
2012-12-18,162.0800018310547,79.57524108886719,5896.7998046875
2012-12-19,161.69000244140625,79.68663024902344,5929.60009765625
2012-12-20,159.72999572753906,79.73865509033203,5916.39990234375
2012-12-21,160.3300018310547,79.95405578613281,5847.7001953125
2012-12-24,160.6199951171875,79.87232208251953,5855.75
2012-12-26,160.77999877929688,80.0367431640625,5905.60009765625
2012-12-27,161.16000366210938,80.2004165649414,5870.10009765625
2012-12-28,160.5399932861328,80.38642120361328,5908.35009765625
2012-12-31,162.02000427246094,79.9623794555664,5905.10009765625
2013-01-02,163.1699981689453,79.59788513183594,5993.25
2013-01-03,161.1999969482422,79.18869018554688,6009.5
2013-01-04,160.44000244140625,79.22589111328125,6016.14990234375
2013-01-07,159.42999267578125,79.27050018310547,5988.39990234375
2013-01-08,160.55999755859375,79.46391296386719,6001.7001953125
2013-01-09,160.49000549316406,79.50855255126953,5971.5
2013-01-10,161.97999572753906,79.27799224853516,5968.64990234375
2013-01-11,161.05999755859375,79.53092193603516,5951.2998046875
2013-01-14,161.5399932861328,79.50117492675781,6024.0498046875
2013-01-15,162.55999755859375,79.69452667236328,6056.60009765625
2013-01-16,162.64999389648438,79.79865264892578,6001.85009765625
2013-01-17,163.35000610351562,79.43418884277344,6039.2001953125
2013-01-18,163.08999633789062,79.65737915039062,6064.39990234375
2013-01-22,163.6699981689453,79.72428894042969,6048.5
2013-01-23,163.2100067138672,79.76155853271484,6054.2998046875
2013-01-24,161.4199981689453,79.62764739990234,6019.35009765625
2013-01-25,160.64999389648438,79.09940338134766,6074.64990234375
2013-01-28,160.2899932861328,78.93577575683594,6074.7998046875
2013-01-29,160.99000549316406,78.81671905517578,6049.89990234375
2013-01-30,162.19000244140625,78.86141204833984,6055.75
2013-01-31,161.1999969482422,78.92831420898438,6034.75
2013-02-01,161.4499969482422,78.66016387939453,5998.89990234375
2013-02-04,162.0,79.11459350585938,5987.25
2013-02-05,161.9600067138672,78.83151245117188,5956.89990234375
2013-02-06,162.38999938964844,79.06985473632812,5959.2001953125
2013-02-07,161.83999633789062,79.10713195800781,5938.7998046875
2013-02-08,161.57000732421875,79.16670989990234,5903.5
2013-02-11,159.6999969482422,79.08482360839844,5897.85009765625
2013-02-12,159.88999938964844,79.00285339355469,5922.5
2013-02-13,159.0500030517578,78.72721862792969,5932.9501953125
2013-02-14,158.35000610351562,79.0623779296875,5896.9501953125
2013-02-15,155.75999450683594,78.9879379272461,5887.39990234375
2013-02-19,155.3300018310547,78.86131286621094,5939.7001953125
2013-02-20,151.44000244140625,79.03262329101562,5943.0498046875
2013-02-21,152.6199951171875,79.18907165527344,5852.25
2013-02-22,152.97000122070312,79.2859115600586,5850.2998046875
2013-02-25,154.33999633789062,79.89668273925781,5854.75
2013-02-26,156.22000122070312,79.74771881103516,5761.35009765625
2013-02-27,154.57000732421875,79.71043395996094,5796.89990234375
2013-02-28,153.0,79.82218933105469,5693.0498046875
2013-03-01,152.44000244140625,80.0213394165039,5719.7001953125
2013-03-04,152.3000030517578,79.8348617553711,5698.5
2013-03-05,152.3800048828125,79.75285339355469,5784.25
2013-03-06,153.22999572753906,79.49928283691406,5818.60009765625
2013-03-07,152.69000244140625,79.19349670410156,5863.2998046875
2013-03-08,152.7100067138672,78.79077911376953,5945.7001953125
2013-03-11,152.99000549316406,78.8281021118164,5942.35009765625
2013-03-12,154.19000244140625,79.0443344116211,5914.10009765625
2013-03-13,153.66000366210938,78.97724151611328,5851.2001953125
2013-03-14,153.67999267578125,78.99958038330078,5908.9501953125
2013-03-15,154.0,79.27555084228516,5872.60009765625
2013-03-18,155.3800048828125,79.53652954101562,5835.25
2013-03-19,156.0800018310547,79.78265380859375,5745.9501953125
2013-03-20,155.3699951171875,79.4769287109375,5694.39990234375
2013-03-21,156.25,79.68567657470703,5658.75
2013-03-22,155.5500030517578,79.71553802490234,5651.35009765625
2013-03-25,155.24000549316406,79.77519226074219,5633.85009765625
2013-03-26,154.72000122070312,79.85723876953125,5641.60009765625
2013-03-28,154.4499969482422,80.05119323730469,5682.5498046875
2013-04-01,154.6699981689453,80.26399993896484,5704.39990234375
2013-04-02,152.42999267578125,80.10708618164062,5748.10009765625
2013-04-03,150.72999572753906,80.44320678710938,5672.89990234375
2013-04-04,150.2899932861328,80.76432037353516,5574.75
2013-04-05,152.80999755859375,81.01822662353516,5553.25
2013-04-08,152.16000366210938,80.75688171386719,5542.9501953125
2013-04-09,153.33999633789062,80.78675842285156,5495.10009765625
2013-04-10,150.75,80.45064544677734,5558.7001953125
2013-04-11,151.0500030517578,80.54026794433594,5594.0
2013-04-12,143.9499969482422,80.98834228515625,5528.5498046875
2013-04-15,131.30999755859375,81.16757202148438,5568.39990234375
2013-04-16,132.8000030517578,80.93605041503906,5688.9501953125
2013-04-17,132.8699951171875,81.08544158935547,5688.7001953125
2013-04-18,134.3000030517578,81.13024139404297,5783.10009765625
2013-04-22,137.89999389648438,81.13024139404297,5834.39990234375
2013-04-23,136.8800048828125,81.07794189453125,5836.89990234375
2013-04-25,141.6300048828125,81.02571868896484,5916.2998046875
2013-04-26,140.91000366210938,81.31690979003906,5871.4501953125
2013-04-29,142.3000030517578,81.28706359863281,5904.10009765625
2013-04-30,142.77000427246094,81.27210998535156,5930.2001953125
2013-05-02,141.9199981689453,81.53758239746094,5999.35009765625
2013-05-03,142.08999633789062,80.84222412109375,5944.0
2013-05-06,142.14999389648438,80.7375259399414,5971.0498046875
2013-05-07,140.3800048828125,80.62540435791016,6043.5498046875
2013-05-08,142.4600067138672,80.7225570678711,6069.2998046875
2013-05-09,140.80999755859375,80.7076644897461,6050.14990234375
2013-05-10,139.60000610351562,80.25151824951172,6094.75
2013-05-13,138.42999267578125,80.10942840576172,5980.4501953125
2013-05-14,137.80999755859375,79.78794860839844,5995.39990234375
2013-05-15,134.6300048828125,79.99725341796875,6146.75
2013-05-16,134.08999633789062,80.3786392211914,6169.89990234375
2013-05-17,131.07000732421875,79.94499969482422,6187.2998046875
2013-05-20,135.1199951171875,79.88511657714844,6156.89990234375
2013-05-21,132.8800048828125,80.09451293945312,6114.10009765625
2013-05-22,131.94000244140625,79.45889282226562,6094.5
2013-05-23,134.61000061035156,79.54116821289062,5967.0498046875
2013-05-24,133.75999450683594,79.57111358642578,5983.5498046875
2013-05-28,133.49000549316406,78.63644409179688,6111.25
2013-05-29,134.8300018310547,78.95797729492188,6104.2998046875
2013-05-30,136.6999969482422,78.96542358398438,6124.0498046875
2013-05-31,133.9199981689453,78.74858093261719,5985.9501953125
2013-06-03,136.50999450683594,78.8624038696289,5939.2998046875
2013-06-04,135.22999572753906,78.66027069091797,5919.4501953125
2013-06-05,135.52000427246094,79.0421142578125,5923.85009765625
2013-06-06,136.52999877929688,79.13944244384766,5921.39990234375
2013-06-07,133.27999877929688,78.52552795410156,5881.0
2013-06-10,133.94000244140625,78.33084869384766,5878.0
2013-06-11,133.25,78.52552795410156,5788.7998046875
2013-06-12,134.25,78.17361450195312,5760.2001953125
2013-06-13,133.74000549316406,78.76509094238281,5699.10009765625
2013-06-14,134.42999267578125,78.8698959350586,5808.39990234375
2013-06-17,133.77000427246094,78.6827163696289,5850.0498046875
2013-06-18,132.1300048828125,78.63784790039062,5813.60009765625
2013-06-19,130.58999633789062,77.55964660644531,5822.25
2013-06-20,123.5999984741211,77.207763671875,5655.89990234375
2013-06-21,125.05000305175781,76.39163208007812,5667.64990234375
2013-06-24,123.93000030517578,76.20449829101562,5590.25
2013-06-25,123.47000122070312,76.11463165283203,5609.10009765625
2013-06-26,118.27999877929688,76.42164611816406,5588.7001953125
2013-06-27,115.94000244140625,76.83342742919922,5682.35009765625
2013-06-28,119.11000061035156,76.74359893798828,5842.2001953125
2013-07-01,121.12999725341797,76.77281188964844,5898.85009765625
2013-07-02,120.05000305175781,76.80274963378906,5857.5498046875
2013-07-03,120.73999786376953,76.65281677246094,5770.89990234375
2013-07-05,118.08999633789062,75.3632583618164,5867.89990234375
2013-07-08,119.51000213623047,75.8056411743164,5811.5498046875
2013-07-09,120.62000274658203,75.93311309814453,5859.0
2013-07-10,120.94999694824219,75.66315460205078,5816.7001953125
2013-07-11,124.23999786376953,76.42037200927734,5935.10009765625
2013-07-12,124.12999725341797,76.36043548583984,6009.0
2013-07-15,124.18000030517578,76.60034942626953,6030.7998046875
2013-07-16,124.88999938964844,76.63786315917969,5955.25
2013-07-17,123.31999969482422,76.97525787353516,5973.2998046875
2013-07-18,124.01000213623047,76.61536407470703,6038.0498046875
2013-07-19,125.11000061035156,77.03519439697266,6029.2001953125
2013-07-22,128.83999633789062,77.02771759033203,6031.7998046875
2013-07-23,129.7100067138672,76.93772888183594,6077.7998046875
2013-07-24,127.4800033569336,76.42037200927734,5990.5
2013-07-25,128.6699981689453,76.53289794921875,5907.5
2013-07-26,128.77999877929688,76.60034942626953,5886.2001953125
2013-07-29,128.47000122070312,76.44290161132812,5831.64990234375
2013-07-30,128.1199951171875,76.42037200927734,5755.0498046875
2013-07-31,127.95999908447266,76.47290802001953,5742.0
2013-08-01,126.61000061035156,75.7979965209961,5727.85009765625
2013-08-02,126.36000061035156,76.44365692138672,5677.89990234375
2013-08-05,125.69999694824219,76.20336151123047,5685.39990234375
2013-08-06,123.97000122070312,76.22583770751953,5542.25
2013-08-07,124.1500015258789,76.50366973876953,5519.10009765625
2013-08-08,126.86000061035156,76.61630249023438,5565.64990234375
2013-08-12,129.1300048828125,76.51863861083984,5612.39990234375
2013-08-13,127.73999786376953,75.82801055908203,5699.2998046875
2013-08-14,129.0,75.89556884765625,5742.2998046875
2013-08-16,132.5800018310547,75.18230438232422,5507.85009765625
2013-08-19,132.00999450683594,74.85948944091797,5414.75
2013-08-20,132.4499969482422,75.2649154663086,5401.4501953125
2013-08-21,132.07000732421875,74.79195404052734,5302.5498046875
2013-08-22,132.80999755859375,74.76189422607422,5408.4501953125
2013-08-23,134.89999389648438,75.18230438232422,5471.75
2013-08-26,135.4499969482422,75.33243560791016,5476.5
2013-08-27,136.75,75.7603759765625,5287.4501953125
2013-08-28,136.7100067138672,75.45259094238281,5285.0
2013-08-29,135.8699951171875,75.52767944335938,5409.0498046875
2013-08-30,134.6199951171875,75.385009765625,5471.7998046875
2013-09-03,136.4199981689453,74.95716857910156,5341.4501953125
2013-09-04,134.66000366210938,74.70906829833984,5448.10009765625
2013-09-05,132.1999969482422,74.13764953613281,5592.9501953125
2013-09-06,134.14999389648438,74.58876037597656,5680.39990234375
2013-09-10,131.74000549316406,74.39327239990234,5896.75
2013-09-11,131.6999969482422,74.76921844482422,5913.14990234375
2013-09-12,127.66999816894531,74.77674102783203,5850.7001953125
2013-09-13,127.81999969482422,74.87451934814453,5850.60009765625
2013-09-16,126.44999694824219,75.0398941040039,5840.5498046875
2013-09-17,126.5,75.19029235839844,5850.2001953125
2013-09-18,132.00999450683594,76.1226806640625,5899.4501953125
2013-09-19,131.75,75.85945892333984,6115.5498046875
2013-09-20,127.95999908447266,75.9346694946289,6012.10009765625
2013-09-23,127.55000305175781,76.22034454345703,5889.75
2013-09-24,127.66000366210938,76.49859619140625,5892.4501953125
2013-09-25,128.7899932861328,76.70909118652344,5873.85009765625
2013-09-26,127.79000091552734,76.54373931884766,5882.25
2013-09-27,128.97000122070312,76.64898681640625,5833.2001953125
2013-09-30,128.17999267578125,76.7768325805664,5735.2998046875
2013-10-01,124.58999633789062,76.60586547851562,5780.0498046875
2013-10-03,127.18000030517578,76.83934020996094,5909.7001953125
2013-10-04,126.52999877929688,76.62847900390625,5907.2998046875
2013-10-07,127.63999938964844,76.6962661743164,5906.14990234375
2013-10-08,127.4000015258789,76.65861511230469,5928.39990234375
2013-10-09,126.11000061035156,76.52301788330078,6007.4501953125
2013-10-10,124.2699966430664,76.35735321044922,6020.9501953125
2013-10-11,122.5999984741211,76.4703369140625,6096.2001953125
2013-10-14,122.83000183105469,76.21429443359375,6112.7001953125
2013-10-15,123.7300033569336,76.22933959960938,6089.0498046875
2013-10-17,127.41999816894531,77.03508758544922,6045.85009765625
2013-10-18,126.8499984741211,77.04263305664062,6189.35009765625
2013-10-21,126.9800033569336,76.98988342285156,6204.9501953125
2013-10-22,129.33999633789062,77.52457427978516,6202.7998046875
2013-10-23,128.69000244140625,77.66011810302734,6178.35009765625
2013-10-24,129.89999389648438,77.50198364257812,6164.35009765625
2013-10-25,130.4600067138672,77.63751220703125,6144.89990234375
2013-10-28,130.55999755859375,77.56221771240234,6101.10009765625
2013-10-29,129.77000427246094,77.66764068603516,6220.89990234375
2013-10-30,129.60000610351562,77.46432495117188,6251.7001953125
2013-10-31,127.73999786376953,77.37393951416016,6299.14990234375
2013-11-01,126.94999694824219,76.94477081298828,6307.2001953125
2013-11-05,126.55999755859375,76.74870300292969,6253.14990234375
2013-11-06,127.19999694824219,76.98246765136719,6215.14990234375
2013-11-07,126.16000366210938,77.18612670898438,6187.25
2013-11-08,124.27999877929688,76.31885528564453,6140.75
2013-11-11,123.87000274658203,76.28112030029297,6078.7998046875
2013-11-12,122.44999694824219,76.21320343017578,6018.0498046875
2013-11-13,122.8499984741211,76.52996826171875,5989.60009765625
2013-11-14,124.2699966430664,76.8995590209961,6056.14990234375
2013-11-18,122.9000015258789,77.11071014404297,6189.0
2013-11-19,122.94999694824219,76.82413482666016,6203.35009765625
2013-11-20,120.12000274658203,76.40177154541016,6122.89990234375
2013-11-21,119.94000244140625,76.46964263916016,5999.0498046875
2013-11-22,119.91999816894531,76.68836975097656,5995.4501953125
2013-11-25,120.45999908447266,76.74870300292969,6115.35009765625
2013-11-26,119.81999969482422,76.91466522216797,6059.10009765625
2013-11-27,119.45999908447266,76.74119567871094,6057.10009765625
2013-11-29,120.69999694824219,76.69596099853516,6176.10009765625
2013-12-02,117.58000183105469,76.36653137207031,6217.85009765625
2013-12-03,117.95999908447266,76.50255584716797,6201.85009765625
2013-12-04,119.95999908447266,76.15501403808594,6160.9501953125
2013-12-05,118.30000305175781,75.96611022949219,6241.10009765625
2013-12-06,118.55000305175781,76.03418731689453,6259.89990234375
2013-12-09,119.72000122070312,76.12481689453125,6363.89990234375
2013-12-10,121.81999969482422,76.44209289550781,6332.85009765625
2013-12-11,120.86000061035156,76.14746856689453,6307.89990234375
2013-12-12,118.29000091552734,75.92841339111328,6237.0498046875
2013-12-13,119.37999725341797,76.04176330566406,6168.39990234375
2013-12-16,119.69000244140625,76.0039291381836,6154.7001953125
2013-12-17,118.6500015258789,76.24568939208984,6139.0498046875
2013-12-18,117.61000061035156,75.95860290527344,6217.14990234375
2013-12-19,114.81999969482422,75.641357421875,6166.64990234375
2013-12-20,115.94000244140625,75.87550354003906,6274.25
2013-12-23,115.56999969482422,75.63375091552734,6284.5
2013-12-24,116.0999984741211,75.33917236328125,6268.39990234375
2013-12-26,116.73999786376953,75.27413177490234,6278.89990234375
2013-12-27,117.12000274658203,75.2286605834961,6313.7998046875
2013-12-30,115.38999938964844,75.4329833984375,6291.10009765625
2013-12-31,116.12000274658203,75.09251403808594,6304.0
2014-01-02,118.0,75.38755798339844,6221.14990234375
2014-01-03,119.29000091552734,75.34220886230469,6211.14990234375
2014-01-06,119.5,75.55406188964844,6191.4501953125
2014-01-07,118.81999969482422,75.6751480102539,6162.25
2014-01-08,118.12000274658203,75.30431365966797,6174.60009765625
2014-01-09,118.45999908447266,75.50109100341797,6168.35009765625
2014-01-10,120.26000213623047,76.13663482666016,6171.4501953125
2014-01-13,121.0199966430664,76.35613250732422,6272.75
2014-01-14,119.88999938964844,76.06861877441406,6241.85009765625
2014-01-15,119.66000366210938,76.00049591064453,6320.89990234375
2014-01-16,119.79000091552734,76.21234130859375,6318.89990234375
2014-01-17,120.93000030517578,76.39398956298828,6261.64990234375
2014-01-21,119.69999694824219,76.31073760986328,6313.7998046875
2014-01-22,119.19000244140625,76.09886932373047,6338.9501953125
2014-01-23,121.79000091552734,76.6134033203125,6345.64990234375
2014-01-24,122.29000091552734,76.92365264892578,6266.75
2014-01-27,120.95999908447266,76.68907165527344,6135.85009765625
2014-01-28,120.94999694824219,76.80255126953125,6126.25
2014-01-29,122.47000122070312,77.16576385498047,6120.25
2014-01-30,119.7699966430664,77.09009552001953,6073.7001953125
2014-01-31,120.08999633789062,77.39280700683594,6089.5
2014-02-03,121.31999969482422,77.81340789794922,6001.7998046875
2014-02-04,120.98999786376953,77.57845306396484,6000.89990234375
2014-02-05,121.29000091552734,77.29805755615234,6022.39990234375
2014-02-06,121.23999786376953,77.15401458740234,6036.2998046875
2014-02-07,122.16999816894531,77.35867309570312,6063.2001953125
2014-02-10,122.91999816894531,77.39654541015625,6053.4501953125
2014-02-11,124.36000061035156,77.05548858642578,6062.7001953125
2014-02-12,124.43000030517578,76.87358093261719,6084.0
2014-02-13,125.48999786376953,77.23741149902344,6001.10009765625
2014-02-14,127.1500015258789,77.1843490600586,6048.35009765625
2014-02-18,127.4000015258789,77.37381744384766,6127.10009765625
2014-02-19,126.2699966430664,77.22222137451172,6152.75
2014-02-20,127.5999984741211,77.13883209228516,6091.4501953125
2014-02-21,127.58000183105469,77.23741149902344,6155.4501953125
2014-02-24,128.99000549316406,77.16157531738281,6186.10009765625
2014-02-25,129.2100067138672,77.4268569946289,6200.0498046875
2014-02-26,128.11000061035156,77.65428161621094,6238.7998046875
2014-02-28,127.62000274658203,77.66942596435547,6276.9501953125
2014-03-03,130.2899932861328,78.05357360839844,6221.4501953125
2014-03-04,128.67999267578125,77.45380401611328,6297.9501953125
2014-03-05,128.88999938964844,77.53736877441406,6328.64990234375
2014-03-06,130.1699981689453,77.20333099365234,6401.14990234375
2014-03-07,129.08999633789062,76.86927795410156,6526.64990234375
2014-03-10,129.1300048828125,76.95274353027344,6537.25
2014-03-11,129.86000061035156,77.02870178222656,6511.89990234375
2014-03-12,131.75999450683594,77.33235931396484,6516.89990234375
2014-03-13,132.2100067138672,77.78788757324219,6493.10009765625
2014-03-14,133.10000610351562,77.79546356201172,6504.2001953125
2014-03-18,130.6199951171875,77.67396545410156,6516.64990234375
2014-03-19,128.08999633789062,76.95274353027344,6524.0498046875
2014-03-20,127.86000061035156,76.96793365478516,6483.10009765625
2014-03-21,128.47000122070312,77.1121597290039,6493.2001953125
2014-03-24,126.18000030517578,77.14254760742188,6583.5
2014-03-25,126.41000366210938,77.09700775146484,6589.75
2014-03-26,125.41000366210938,77.42347717285156,6601.39990234375
2014-03-27,124.58999633789062,77.4993896484375,6641.75
2014-03-28,124.55999755859375,77.22604370117188,6695.89990234375
2014-03-31,123.61000061035156,77.23360443115234,6704.2001953125
2014-04-01,123.38999938964844,77.073974609375,6721.0498046875
2014-04-02,124.31999969482422,76.73926544189453,6752.5498046875
2014-04-03,123.91999816894531,76.79251098632812,6736.10009765625
2014-04-04,125.56999969482422,77.26410675048828,6694.35009765625
2014-04-07,124.91000366210938,77.44664764404297,6695.0498046875
2014-04-09,126.31999969482422,77.53030395507812,6796.2001953125
2014-04-10,127.01000213623047,77.85741424560547,6796.39990234375
2014-04-11,126.93000030517578,78.01715850830078,6776.2998046875
2014-04-15,125.48999786376953,77.98666381835938,6733.10009765625
2014-04-16,125.54000091552734,77.86499786376953,6675.2998046875
2014-04-17,124.75,77.42381286621094,6779.39990234375
2014-04-21,124.23999786376953,77.40857696533203,6817.64990234375
2014-04-22,123.77999877929688,77.378173828125,6815.35009765625
2014-04-23,123.76000213623047,77.575927734375,6840.7998046875
2014-04-25,125.43000030517578,77.65957641601562,6782.75
2014-04-28,124.87999725341797,77.5455322265625,6761.25
2014-04-29,124.86000061035156,77.61398315429688,6715.25
2014-04-30,124.22000122070312,77.81934356689453,6696.39990234375
2014-05-02,125.05999755859375,78.15768432617188,6694.7998046875
2014-05-05,126.22000122070312,78.11196899414062,6699.35009765625
2014-05-06,125.9800033569336,78.20345306396484,6715.2998046875
2014-05-07,124.16999816894531,78.26437377929688,6652.5498046875
2014-05-08,124.16999816894531,78.34822845458984,6659.85009765625
2014-05-09,124.0999984741211,78.28724670410156,6858.7998046875
2014-05-12,124.94000244140625,78.08153533935547,7014.25
2014-05-13,124.5999984741211,78.38636779785156,7108.75
2014-05-14,125.80999755859375,78.74446868896484,7108.75
2014-05-15,124.7699966430664,79.02647399902344,7123.14990234375
2014-05-16,124.5,78.8587875366211,7203.0
2014-05-19,124.58000183105469,78.75972747802734,7263.5498046875
2014-05-20,124.69000244140625,78.98838806152344,7275.5
2014-05-21,124.38999938964844,78.86643981933594,7252.89990234375
2014-05-22,124.66999816894531,78.78260040283203,7276.39990234375
2014-05-23,124.51000213623047,78.94263458251953,7367.10009765625
2014-05-27,121.8499984741211,78.96549987792969,7318.0
2014-05-28,121.19999694824219,79.39987182617188,7329.64990234375
2014-05-29,120.94000244140625,79.30078887939453,7235.64990234375
2014-05-30,120.43000030517578,79.23982238769531,7229.9501953125
2014-06-02,119.69999694824219,78.87722778320312,7362.5
2014-06-03,120.01000213623047,78.48028564453125,7415.85009765625
2014-06-04,119.76000213623047,78.4192123413086,7402.25
2014-06-05,120.66000366210938,78.53369903564453,7474.10009765625
2014-06-06,120.61000061035156,78.47267150878906,7583.39990234375
2014-06-09,120.6500015258789,78.35814666748047,7654.60009765625
2014-06-10,121.38999938964844,78.22079467773438,7656.39990234375
2014-06-11,121.41000366210938,78.3276138305664,7626.85009765625
2014-06-12,122.63999938964844,78.63298034667969,7649.89990234375
2014-06-13,122.95999908447266,78.48028564453125,7542.10009765625
2014-06-16,122.41999816894531,78.48028564453125,7533.5498046875
2014-06-17,122.27999877929688,78.152099609375,7631.7001953125
2014-06-18,122.66999816894531,78.56424713134766,7558.2001953125
2014-06-19,126.94000244140625,78.36578369140625,7540.7001953125
2014-06-20,126.5,78.45742797851562,7511.4501953125
2014-06-23,126.8499984741211,78.40396881103516,7493.35009765625
2014-06-24,126.9800033569336,78.7245864868164,7580.2001953125
2014-06-25,126.98999786376953,78.80088806152344,7569.25
2014-06-26,126.7300033569336,79.00698852539062,7493.2001953125
2014-06-27,126.66000366210938,79.00698852539062,7508.7998046875
2014-06-30,128.0399932861328,79.06807708740234,7611.35009765625
2014-07-01,127.69999694824219,78.80957794189453,7634.7001953125
2014-07-02,127.69999694824219,78.48835754394531,7725.14990234375
2014-07-03,127.16000366210938,78.3277816772461,7714.7998046875
2014-07-07,127.0199966430664,78.5189437866211,7787.14990234375
2014-07-08,127.06999969482422,78.87844848632812,7623.2001953125
2014-07-09,127.83999633789062,78.89369201660156,7585.0
2014-07-10,128.5399932861328,79.06195831298828,7567.75
2014-07-11,128.77999877929688,79.19196319580078,7459.60009765625
2014-07-14,125.72000122070312,79.01609802246094,7454.14990234375
2014-07-15,124.52999877929688,78.9472427368164,7526.64990234375
2014-07-16,124.97000122070312,79.06195831298828,7624.39990234375
2014-07-17,127.08999633789062,79.52081298828125,7640.4501953125
2014-07-18,126.12999725341797,79.36026763916016,7663.89990234375
2014-07-21,126.33999633789062,79.38314819335938,7684.2001953125
2014-07-22,125.73999786376953,79.48260498046875,7767.85009765625
2014-07-23,125.62000274658203,79.47489166259766,7795.75
2014-07-24,124.3499984741211,79.15373229980469,7830.60009765625
2014-07-25,125.79000091552734,79.45966339111328,7790.4501953125
2014-07-28,125.58000183105469,79.36785125732422,7748.7001953125
2014-07-30,124.83000183105469,78.91667938232422,7791.39990234375
2014-07-31,123.38999938964844,78.89369201660156,7721.2998046875
2014-08-01,124.37999725341797,79.35806274414062,7602.60009765625
2014-08-04,123.98999786376953,79.40403747558594,7683.64990234375
2014-08-05,123.87000274658203,79.44229888916016,7746.5498046875
2014-08-06,125.66999816894531,79.51130676269531,7672.0498046875
2014-08-07,126.18000030517578,79.87142944335938,7649.25
2014-08-08,126.19000244140625,79.80247497558594,7568.5498046875
2014-08-11,125.95999908447266,79.7641830444336,7625.9501953125
2014-08-12,125.98999786376953,79.64923095703125,7727.0498046875
2014-08-13,126.19999694824219,79.90971374511719,7739.5498046875
2014-08-14,126.30999755859375,80.07063293457031,7791.7001953125
2014-08-18,124.95999908447266,80.13957214355469,7874.25
2014-08-19,124.68000030517578,80.05532836914062,7897.5
2014-08-20,124.22000122070312,79.81778717041016,7875.2998046875
2014-08-21,122.87999725341797,79.98637390136719,7891.10009765625
2014-08-22,123.19000244140625,79.99401092529297,7913.2001953125
2014-08-25,122.73999786376953,80.05532836914062,7906.2998046875
2014-08-26,123.3499984741211,80.04000091552734,7904.75
2014-08-27,123.31999969482422,80.26219940185547,7936.0498046875
2014-08-28,124.0,80.36944580078125,7954.35009765625
2014-09-02,121.6500015258789,79.86363220214844,8083.0498046875
2014-09-03,122.1500015258789,79.97872161865234,8114.60009765625
2014-09-04,121.4800033569336,79.69477081298828,8095.9501953125
2014-09-05,122.05999755859375,79.71778869628906,8086.85009765625
2014-09-08,120.7300033569336,79.63336944580078,8173.89990234375
2014-09-09,120.87000274658203,79.44912719726562,8152.9501953125
2014-09-10,120.26000213623047,79.24958801269531,8094.10009765625
2014-09-11,119.47000122070312,79.14981079101562,8085.7001953125
2014-09-12,118.37999725341797,78.85044860839844,8105.5
2014-09-15,118.63999938964844,78.99626922607422,8042.0
2014-09-16,118.83000183105469,78.9732666015625,7932.89990234375
2014-09-17,117.54000091552734,78.773681640625,7975.5
2014-09-18,117.77999877929688,78.7199935913086,8114.75
2014-09-19,117.08999633789062,79.01934814453125,8121.4501953125
2014-09-22,116.8499984741211,79.18816375732422,8146.2998046875
2014-09-23,117.5999984741211,79.35704803466797,8017.5498046875
2014-09-24,117.05000305175781,79.13448333740234,8002.39990234375
2014-09-25,117.38999938964844,79.51824188232422,7911.85009765625
2014-09-26,117.05999755859375,79.34938049316406,7968.85009765625
2014-09-29,117.02999877929688,79.60266876220703,7958.89990234375
2014-09-30,116.20999908447266,79.53365325927734,7964.7998046875
2014-10-01,116.7699966430664,80.20182800292969,7945.5498046875
2014-10-07,116.36000061035156,80.54016876220703,7852.39990234375
2014-10-08,117.47000122070312,80.82466888427734,7842.7001953125
2014-10-09,117.63999938964844,80.68623352050781,7960.5498046875
2014-10-10,117.58999633789062,81.00151824951172,7859.9501953125
2014-10-13,118.5199966430664,81.4244155883789,7884.25
2014-10-14,118.58999633789062,81.58592987060547,7864.0
2014-10-16,119.22000122070312,81.82428741455078,7748.2001953125
2014-10-17,118.98999786376953,81.58592987060547,7779.7001953125
2014-10-20,119.80000305175781,81.70125579833984,7879.39990234375
2014-10-21,120.0199966430664,81.47824096679688,7927.75
2014-10-22,119.33999633789062,81.45520782470703,7995.89990234375
2014-10-27,118.05999755859375,81.2706298828125,7991.7001953125
2014-10-28,118.0999984741211,81.07074737548828,8027.60009765625
2014-10-29,116.41000366210938,80.80158233642578,8090.4501953125
2014-10-30,115.19000244140625,80.88616180419922,8169.2001953125
2014-10-31,112.66000366210938,80.75545501708984,8322.2001953125
2014-11-03,112.1500015258789,80.72542572021484,8324.150390625
2014-11-05,109.79000091552734,80.74081420898438,8338.2998046875
2014-11-07,112.97000122070312,81.01044464111328,8337.0
2014-11-10,110.45999908447266,80.6792221069336,8344.25
2014-11-11,112.04000091552734,80.68690490722656,8362.650390625
2014-11-12,111.5,80.65609741210938,8383.2998046875
2014-11-13,111.66999816894531,80.78707885742188,8357.849609375
2014-11-14,114.47000122070312,80.95646667480469,8389.900390625
2014-11-17,114.05000305175781,80.86406707763672,8430.75
2014-11-18,115.05000305175781,80.95646667480469,8425.900390625
2014-11-19,113.68000030517578,80.74081420898438,8382.2998046875
2014-11-20,114.86000061035156,80.88720703125,8401.900390625
2014-11-21,115.38999938964844,81.04890441894531,8477.349609375
2014-11-24,115.11000061035156,81.14138793945312,8530.150390625
2014-11-25,115.37999725341797,81.34169006347656,8463.099609375
2014-11-26,115.16000366210938,81.48030853271484,8475.75
2014-11-28,112.11000061035156,81.79612731933594,8588.25
2014-12-01,116.58000183105469,81.59547424316406,8555.900390625
2014-12-02,115.13999938964844,81.23287963867188,8524.7001953125
2014-12-03,116.33000183105469,81.26367950439453,8537.650390625
2014-12-04,115.87999725341797,81.5491714477539,8564.400390625
2014-12-05,114.43000030517578,81.09394073486328,8538.2998046875
2014-12-08,115.77999877929688,81.36405181884766,8438.25
2014-12-09,118.19000244140625,81.6649398803711,8340.7001953125
2014-12-10,117.95999908447266,82.0353012084961,8355.650390625
2014-12-11,117.69000244140625,81.89640808105469,8292.900390625
2014-12-12,117.41000366210938,82.56771850585938,8224.099609375
2014-12-15,114.38999938964844,82.26676177978516,8219.599609375
2014-12-16,114.94999694824219,82.68345642089844,8067.60009765625
2014-12-17,114.2699966430664,82.11248016357422,8029.7998046875
2014-12-18,115.1500015258789,81.64949035644531,8159.2998046875
2014-12-19,114.7699966430664,81.95039367675781,8225.2001953125
2014-12-22,112.55000305175781,81.95039367675781,8324.0
2014-12-23,112.73999786376953,81.27143859863281,8267.0
2014-12-24,112.7699966430664,81.3302001953125,8174.10009765625
2014-12-26,114.83000183105469,81.43832397460938,8200.7001953125
2014-12-29,113.66999816894531,81.71650695800781,8246.2998046875
2014-12-30,115.19999694824219,81.80921936035156,8248.25
2014-12-31,113.58000183105469,81.90196228027344,8282.7001953125
2015-01-02,114.08000183105469,82.31924438476562,8395.4501953125
2015-01-05,115.80000305175781,82.82147216796875,8378.400390625
2015-01-06,117.12000274658203,83.37792205810547,8127.35009765625
2015-01-07,116.43000030517578,83.36241912841797,8102.10009765625
2015-01-08,115.94000244140625,83.02243041992188,8234.599609375
2015-01-09,117.26000213623047,83.43196105957031,8284.5
2015-01-12,118.55999755859375,83.7256088256836,8323.0
2015-01-13,118.16000366210938,83.80290985107422,8299.400390625
2015-01-14,117.97000122070312,84.189208984375,8277.5498046875
2015-01-15,120.94000244140625,84.90788269042969,8494.150390625
2015-01-16,122.5199966430664,84.28197479248047,8513.7998046875
2015-01-20,124.19999694824219,84.47515869140625,8695.599609375
2015-01-21,124.2300033569336,84.07337188720703,8729.5
2015-01-22,125.2300033569336,83.86470794677734,8761.400390625
2015-01-23,124.2300033569336,84.4133529663086,8835.599609375
2015-01-27,124.4000015258789,84.33606719970703,8910.5
2015-01-28,123.41999816894531,84.98518371582031,8914.2998046875
2015-01-29,120.76000213623047,84.68379974365234,8952.349609375
2015-01-30,123.44999694824219,85.42567443847656,8808.900390625
2015-02-02,122.41999816894531,85.3188247680664,8797.400390625
2015-02-03,121.05000305175781,84.59894561767578,8756.5498046875
2015-02-04,121.58000183105469,84.73831176757812,8723.7001953125
2015-02-05,121.79000091552734,84.4287109375,8711.7001953125
2015-02-06,118.63999938964844,83.48443603515625,8661.0498046875
2015-02-09,119.16999816894531,83.4457015991211,8526.349609375
2015-02-10,118.47000122070312,83.23668670654297,8565.5498046875
2015-02-11,117.06999969482422,83.2057876586914,8627.400390625
2015-02-12,117.33999633789062,83.23668670654297,8711.5498046875
2015-02-13,117.9800033569336,82.95809173583984,8805.5
2015-02-18,116.33999633789062,82.76461029052734,8869.099609375
2015-02-19,115.94000244140625,82.55563354492188,8895.2998046875
2015-02-20,115.27999877929688,82.50920867919922,8833.599609375
2015-02-23,115.43000030517578,82.88844299316406,8754.9501953125
2015-02-24,115.26000213623047,83.43798065185547,8762.099609375
2015-02-25,115.69999694824219,83.515380859375,8767.25
2015-02-26,116.06999969482422,83.02001953125,8683.849609375
2015-02-27,116.16000366210938,83.31416320800781,8844.599609375
2015-03-02,115.68000030517578,82.6939697265625,8956.75
2015-03-03,115.47000122070312,82.51563262939453,8996.25
2015-03-04,115.11000061035156,82.5776596069336,8922.650390625
2015-03-05,115.0,82.62422943115234,8937.75
2015-03-09,111.97000122070312,82.15904998779297,8756.75
2015-03-10,111.41999816894531,82.50788879394531,8712.0498046875
2015-03-11,110.75,82.65518951416016,8699.9501953125
2015-03-12,110.72000122070312,82.73270416259766,8776.0
2015-03-13,110.87999725341797,82.60865020751953,8647.75
2015-03-16,110.80999755859375,82.8955307006836,8633.150390625
2015-03-17,110.20999908447266,83.06610107421875,8723.2998046875
2015-03-18,112.37000274658203,84.01953125,8685.900390625
2015-03-19,112.29000091552734,83.624267578125,8634.650390625
2015-03-20,113.56999969482422,83.96534729003906,8570.900390625
2015-03-23,114.29000091552734,84.07389831542969,8550.900390625
2015-03-24,114.56999969482422,84.32968139648438,8542.9501953125
2015-03-25,114.7300033569336,83.96534729003906,8530.7998046875
2015-03-26,115.4800033569336,83.49246978759766,8342.150390625
2015-03-27,115.05999755859375,83.81807708740234,8341.400390625
2015-03-30,113.75,83.81027221679688,8492.2998046875
2015-03-31,113.66000366210938,84.02735900878906,8491.0
2015-04-01,115.5999984741211,84.42720794677734,8586.25
2015-04-06,116.69000244140625,84.2952880859375,8659.900390625
2015-04-07,116.11000061035156,84.36514282226562,8660.2998046875
2015-04-08,115.47000122070312,84.28748321533203,8714.400390625
2015-04-09,114.66999816894531,83.9457778930664,8778.2998046875
2015-04-10,115.97000122070312,83.92254638671875,8780.349609375
2015-04-13,115.13999938964844,84.09335327148438,8834.0
2015-04-16,115.02999877929688,84.45055389404297,8706.7001953125
2015-04-17,115.5999984741211,84.62134552001953,8606.0
2015-04-20,114.72000122070312,84.46607971191406,8448.099609375
2015-04-21,115.37999725341797,84.28748321533203,8377.75
2015-04-22,113.83000183105469,83.7983169555664,8429.7001953125
2015-04-23,114.66000366210938,84.0545425415039,8398.2998046875
2015-04-24,113.05000305175781,84.34957885742188,8305.25
2015-04-27,115.33000183105469,84.21759033203125,8213.7998046875
2015-04-28,116.33000183105469,83.82935333251953,8285.599609375
2015-04-29,115.51000213623047,83.51875305175781,8239.75
2015-04-30,113.47000122070312,83.49542999267578,8181.5
2015-05-04,114.0999984741211,82.86788940429688,8331.9501953125
2015-05-05,114.41999816894531,82.72796630859375,8324.7998046875
2015-05-06,114.36000061035156,82.32350158691406,8097.0
2015-05-07,113.41999816894531,82.67347717285156,8057.2998046875
2015-05-08,113.97000122070312,82.99231719970703,8191.5
2015-05-11,113.52999877929688,82.17578125,8325.25
2015-05-12,114.5,82.23797607421875,8126.9501953125
2015-05-13,116.55000305175781,82.12908172607422,8235.4501953125
2015-05-14,117.18000030517578,82.40908813476562,8224.2001953125
2015-05-15,117.52999877929688,83.00009155273438,8262.349609375
2015-05-18,117.5199966430664,82.44015502929688,8373.650390625
2015-05-19,115.88999938964844,82.07467651367188,8365.650390625
2015-05-20,116.08000183105469,82.25357055664062,8423.25
2015-05-21,115.69000244140625,82.74342346191406,8421.0
2015-05-22,115.5999984741211,82.5567855834961,8458.9501953125
2015-05-26,113.91000366210938,83.0700912475586,8339.349609375
2015-05-27,113.88999938964844,83.02340698242188,8334.599609375
2015-05-28,114.0199966430664,83.10116577148438,8319.0
2015-05-29,114.0999984741211,83.14781188964844,8433.650390625
2015-06-01,114.0,82.7809829711914,8433.400390625
2015-06-02,114.45999908447266,82.20462799072266,8236.4501953125
2015-06-03,113.63999938964844,81.50360870361328,8135.10009765625
2015-06-04,112.83999633789062,81.9008560180664,8130.64990234375
2015-06-05,112.23999786376953,81.30885314941406,8114.7001953125
2015-06-08,112.56999969482422,81.42570495605469,8044.14990234375
2015-06-09,112.81999969482422,81.16088104248047,8022.39990234375
2015-06-10,113.77999877929688,80.84934997558594,8124.4501953125
2015-06-11,113.26000213623047,81.48802185058594,7965.35009765625
2015-06-12,113.2300033569336,81.4413070678711,7982.89990234375
2015-06-15,113.7300033569336,81.63600158691406,8013.89990234375
2015-06-16,113.31999969482422,81.94761657714844,8047.2998046875
2015-06-17,113.8499984741211,81.99429321289062,8091.5498046875
2015-06-18,115.31999969482422,81.93197631835938,8174.60009765625
2015-06-19,115.12000274658203,82.36814880371094,8224.9501953125
2015-06-22,113.63999938964844,81.67494201660156,8353.099609375
2015-06-23,112.88999938964844,81.42570495605469,8381.5498046875
2015-06-24,112.58999633789062,81.66715240478516,8360.849609375
2015-06-25,112.44000244140625,81.46463012695312,8398.0
2015-06-26,112.55999755859375,81.07523345947266,8381.099609375
2015-06-29,113.06999969482422,82.01769256591797,8318.400390625
2015-06-30,112.37000274658203,81.79180145263672,8368.5
2015-07-01,111.9800033569336,81.36433410644531,8453.0498046875
2015-07-02,111.76000213623047,81.6529312133789,8444.900390625
2015-07-06,112.05999755859375,82.23023223876953,8522.150390625
2015-07-07,110.76000213623047,82.44861602783203,8510.7998046875
2015-07-08,111.08999633789062,82.77625274658203,8363.0498046875
2015-07-09,111.36000061035156,82.19902038574219,8328.5498046875
2015-07-10,111.48999786376953,81.62950134277344,8360.5498046875
2015-07-13,110.98999786376953,81.41109466552734,8459.650390625
2015-07-14,110.73999786376953,81.66851806640625,8454.099609375
2015-07-15,110.16000366210938,81.98060607910156,8523.7998046875
2015-07-16,109.76000213623047,81.94939422607422,8608.0498046875
2015-07-17,108.6500015258789,81.9571762084961,8609.849609375
2015-07-20,105.69999694824219,81.7933349609375,8603.4501953125
2015-07-21,105.37000274658203,82.01956176757812,8529.4501953125
2015-07-22,104.80000305175781,82.1209945678711,8633.5
2015-07-23,104.33000183105469,82.45645904541016,8589.7998046875
2015-07-24,105.3499984741211,82.53443908691406,8521.5498046875
2015-07-27,104.86000061035156,82.80744934082031,8361.0
2015-07-28,105.0199966430664,82.57347106933594,8337.0
2015-07-29,105.16999816894531,82.45645904541016,8375.0498046875
2015-07-30,104.2699966430664,82.55008697509766,8421.7998046875
2015-07-31,104.93000030517578,83.03374481201172,8532.849609375
2015-08-03,104.0999984741211,83.2868423461914,8543.0498046875
2015-08-04,104.30999755859375,82.8571548461914,8516.900390625
2015-08-05,103.93000030517578,82.53678894042969,8567.9501953125
2015-08-06,104.38999938964844,82.82587432861328,8588.650390625
2015-08-07,104.6500015258789,83.1540298461914,8564.599609375
2015-08-10,105.72000122070312,82.81027221679688,8525.599609375
2015-08-11,106.26000213623047,83.3571548461914,8462.349609375
2015-08-12,107.75,83.32592010498047,8349.4501953125
2015-08-13,106.86000061035156,83.10713958740234,8355.849609375
2015-08-14,106.8499984741211,83.02118682861328,8518.5498046875
2015-08-17,107.12999725341797,83.16967010498047,8477.2998046875
2015-08-18,107.11000061035156,83.03681945800781,8466.5498046875
2015-08-19,108.55000305175781,83.54466247558594,8495.150390625
2015-08-20,110.44000244140625,83.77125549316406,8372.75
2015-08-21,111.12999725341797,84.10723876953125,8299.9501953125
2015-08-24,110.52999877929688,84.24786376953125,7809.0
2015-08-25,109.16000366210938,83.7868881225586,7880.7001953125
2015-08-26,107.66999816894531,83.27123260498047,7791.85009765625
2015-08-27,107.7300033569336,83.22431182861328,7948.9501953125
2015-08-28,108.69999694824219,83.23997497558594,8001.9501953125
2015-08-31,108.81999969482422,83.099365234375,7971.2998046875
2015-09-01,109.19999694824219,83.47262573242188,7785.85009765625
2015-09-02,108.62000274658203,83.24568176269531,7717.0
2015-09-03,107.83999633789062,83.44910430908203,7823.0
2015-09-04,107.48999786376953,83.7073745727539,7655.0498046875
2015-09-08,107.5199966430664,83.33956146240234,7688.25
2015-09-09,106.12999725341797,83.3708724975586,7818.60009765625
2015-09-10,106.37999725341797,83.18303680419922,7788.10009765625
2015-09-11,106.16000366210938,83.4021987915039,7789.2998046875
2015-09-14,106.22000122070312,83.4804458618164,7872.25
2015-09-15,105.9000015258789,82.82311248779297,7829.10009765625
2015-09-16,107.30999755859375,82.79963684082031,7899.14990234375
2015-09-18,109.20999908447266,83.8794937133789,7981.89990234375
2015-09-21,108.52999877929688,83.4021987915039,7977.10009765625
2015-09-22,107.79000091552734,83.81693267822266,7812.0
2015-09-23,108.22000122070312,83.72298431396484,7845.9501953125
2015-09-24,110.48999786376953,83.84823608398438,7868.5
2015-09-28,108.41999816894531,84.10643768310547,7795.7001953125
2015-09-29,107.9800033569336,84.3960189819336,7843.2998046875
2015-09-30,106.86000061035156,84.41160583496094,7948.89990234375
2015-10-01,106.7300033569336,84.47747039794922,7950.89990234375
2015-10-05,108.7699966430664,84.414794921875,8119.2998046875
2015-10-06,109.86000061035156,84.58717346191406,8152.89990234375
2015-10-07,109.69999694824219,84.3755874633789,8177.39990234375
2015-10-08,109.13999938964844,84.1561508178711,8129.35009765625
2015-10-09,110.87000274658203,84.20318603515625,8189.7001953125
2015-10-12,111.30999755859375,84.48533630371094,8143.60009765625
2015-10-13,111.86000061035156,84.56371307373047,8131.7001953125
2015-10-14,113.80999755859375,85.02609252929688,8107.89990234375
2015-10-15,113.29000091552734,84.7361068725586,8179.5
2015-10-16,112.48999786376953,84.66554260253906,8238.150390625
2015-10-19,112.0199966430664,84.62640380859375,8275.0498046875
2015-10-20,112.7300033569336,84.33644104003906,8261.650390625
2015-10-21,111.7300033569336,84.62640380859375,8251.7001953125
2015-10-23,111.5,84.23452758789062,8295.4501953125
2015-10-26,111.43000030517578,84.45397186279297,8260.5498046875
2015-10-27,111.68000030517578,84.66554260253906,8232.900390625
2015-10-28,110.77999877929688,84.22669982910156,8171.2001953125
2015-10-29,109.72000122070312,83.70945739746094,8111.75
2015-10-30,109.30000305175781,83.8740005493164,8065.7998046875
2015-11-02,108.58999633789062,83.63304138183594,8050.7998046875
2015-11-03,106.9800033569336,83.41326904296875,8060.7001953125
2015-11-04,105.97000122070312,83.32691955566406,8040.2001953125
2015-11-05,105.63999938964844,83.27195739746094,7955.4501953125
2015-11-06,104.0999984741211,82.70679473876953,7954.2998046875
2015-11-09,104.4000015258789,82.56553649902344,7915.2001953125
2015-11-10,104.18000030517578,82.7225112915039,7783.35009765625
2015-11-13,103.55999755859375,83.04437255859375,7762.25
2015-11-16,103.70999908447266,83.1541976928711,7806.60009765625
2015-11-17,102.33999633789062,83.13069915771484,7837.5498046875
2015-11-18,102.43000030517578,83.09143829345703,7731.7998046875
2015-11-19,103.55999755859375,83.27195739746094,7842.75
2015-11-20,103.08999633789062,83.1620864868164,7856.5498046875
2015-11-23,102.26000213623047,83.27195739746094,7849.25
2015-11-24,102.94000244140625,83.3504867553711,7831.60009765625
2015-11-27,101.25,83.48391723632812,7942.7001953125
2015-11-30,101.91999816894531,83.51531219482422,7935.25
2015-12-01,102.27999877929688,83.9594497680664,7954.89990234375
2015-12-02,100.69000244140625,83.7236099243164,7931.35009765625
2015-12-03,101.76000213623047,82.84315490722656,7864.14990234375
2015-12-04,104.0199966430664,83.14970397949219,7781.89990234375
2015-12-07,102.66999816894531,83.41704559326172,7765.39990234375
2015-12-08,102.83999633789062,83.46421813964844,7701.7001953125
2015-12-09,102.63999938964844,83.59001159667969,7612.5
2015-12-10,102.55000305175781,83.40918731689453,7683.2998046875
2015-12-11,103.11000061035156,84.0773696899414,7610.4501953125
2015-12-14,101.79000091552734,83.45629119873047,7650.0498046875
2015-12-15,101.5199966430664,83.24405670166016,7700.89990234375
2015-12-16,102.75,83.02400207519531,7750.89990234375
2015-12-17,100.5,83.3698501586914,7844.35009765625
2015-12-18,102.04000091552734,83.66857147216797,7761.9501953125
2015-12-21,103.1500015258789,83.70789337158203,7834.4501953125
2015-12-22,102.61000061035156,83.4720687866211,7786.10009765625
2015-12-23,102.30999755859375,83.28337860107422,7865.9501953125
2015-12-24,103.05000305175781,83.4361572265625,7861.0498046875
2015-12-28,102.2699966430664,83.4518814086914,7925.14990234375
2015-12-29,102.19999694824219,83.01097869873047,7928.9501953125
2015-12-30,101.41999816894531,83.0424575805664,7896.25
2015-12-31,101.45999908447266,83.13691711425781,7946.35009765625
2016-01-04,102.88999938964844,83.49124145507812,7791.2998046875
2016-01-05,103.18000030517578,83.46762084960938,7784.64990234375
2016-01-06,104.66999816894531,83.97151184082031,7741.0
2016-01-07,106.1500015258789,84.152587890625,7568.2998046875
2016-01-08,105.68000030517578,84.36524963378906,7601.35009765625
2016-01-11,104.73999786376953,84.09750366210938,7563.85009765625
2016-01-12,104.20999908447266,84.47543334960938,7510.2998046875
2016-01-13,104.72000122070312,84.80612182617188,7562.39990234375
2016-01-14,103.0199966430664,84.6329345703125,7536.7998046875
2016-01-15,104.08000183105469,85.026611328125,7437.7998046875
2016-01-19,103.9800033569336,84.9163589477539,7435.10009765625
2016-01-20,105.37000274658203,85.3336410522461,7309.2998046875
2016-01-21,105.48999786376953,85.12110900878906,7276.7998046875
2016-01-22,105.0,84.93212127685547,7422.4501953125
2016-01-25,106.08000183105469,85.21556854248047,7436.14990234375
2016-01-27,107.69000244140625,85.34153747558594,7437.75
2016-01-28,106.54000091552734,85.45179748535156,7424.64990234375
2016-01-29,106.94999694824219,85.90843963623047,7563.5498046875
2016-02-01,108.05000305175781,85.71053314208984,7555.9501953125
2016-02-02,108.08999633789062,86.31765747070312,7455.5498046875
2016-02-03,109.25,86.22303009033203,7361.7998046875
2016-02-04,110.56999969482422,86.42804718017578,7404.0
2016-02-05,112.31999969482422,86.53846740722656,7489.10009765625
2016-02-08,113.83000183105469,87.18505096435547,7387.25
2016-02-09,113.58000183105469,87.20079040527344,7298.2001953125
2016-02-10,114.45999908447266,87.46100616455078,7215.7001953125
2016-02-11,119.05999755859375,87.86312103271484,6976.35009765625
2016-02-12,118.36000061035156,87.19290924072266,6980.9501953125
2016-02-16,114.7699966430664,86.93264770507812,7048.25
2016-02-17,115.4800033569336,86.71979522705078,7108.4501953125
2016-02-18,118.29000091552734,87.12194061279297,7191.75
2016-02-19,117.58000183105469,87.12194061279297,7210.75
2016-02-22,115.48999786376953,87.03517150878906,7234.5498046875
2016-02-23,117.22000122070312,87.20864868164062,7109.5498046875
2016-02-24,117.61000061035156,87.20864868164062,7018.7001953125
2016-02-25,117.91999816894531,87.46887969970703,6970.60009765625
2016-02-26,117.11000061035156,87.04310607910156,7029.75
2016-02-29,118.63999938964844,87.18505096435547,6987.0498046875
2016-03-01,117.7699966430664,86.5035400390625,7222.2998046875
2016-03-02,118.68000030517578,86.35352325439453,7368.85009765625
2016-03-03,120.7300033569336,86.45618438720703,7475.60009765625
2016-03-04,120.54000091552734,86.16407775878906,7485.35009765625
2016-03-08,120.58000183105469,86.48780059814453,7485.2998046875
2016-03-09,119.58000183105469,86.14824676513672,7531.7998046875
2016-03-10,121.5,85.84028625488281,7486.14990234375
2016-03-11,119.41000366210938,85.59548950195312,7510.2001953125
2016-03-14,117.87000274658203,85.65869140625,7538.75
2016-03-15,117.95999908447266,85.64287567138672,7460.60009765625
2016-03-16,120.58999633789062,86.09296417236328,7498.75
2016-03-17,120.12999725341797,86.18772888183594,7512.5498046875
2016-03-18,119.80000305175781,86.3377914428711,7604.35009765625
2016-03-21,118.95999908447266,86.09296417236328,7704.25
2016-03-22,119.30999755859375,85.91136169433594,7714.89990234375
2016-03-23,116.61000061035156,86.30618286132812,7716.5
2016-03-28,116.5999984741211,86.34564971923828,7615.10009765625
2016-03-29,118.76000213623047,86.9299545288086,7597.0
2016-03-30,117.0999984741211,86.81153869628906,7735.2001953125
2016-03-31,117.63999938964844,87.12738037109375,7738.39990234375
2016-04-01,116.93000030517578,87.10205078125,7713.0498046875
2016-04-04,116.1500015258789,87.20489501953125,7758.7998046875
2016-04-05,117.66000366210938,87.55279541015625,7603.2001953125
2016-04-06,116.94000244140625,87.36304473876953,7614.35009765625
2016-04-07,118.61000061035156,87.81380462646484,7546.4501953125
2016-04-08,118.43000030517578,87.67936706542969,7555.2001953125
2016-04-11,120.02999877929688,87.66358184814453,7671.39990234375
2016-04-12,120.05000305175781,87.3155746459961,7708.9501953125
2016-04-13,118.7699966430664,87.37886810302734,7850.4501953125
2016-04-18,117.73999786376953,87.34723663330078,7914.7001953125
2016-04-20,118.97000122070312,86.76203155517578,7914.75
2016-04-21,119.41999816894531,86.61964416503906,7912.0498046875
2016-04-22,117.88999938964844,86.52476501464844,7899.2998046875
2016-04-25,118.2300033569336,86.42986297607422,7855.0498046875
2016-04-26,118.69999694824219,86.24799346923828,7962.64990234375
2016-04-27,119.04000091552734,86.72249603271484,7979.89990234375
2016-04-28,121.29000091552734,87.02298736572266,7847.25
2016-04-29,123.6500015258789,86.99136352539062,7849.7998046875
2016-05-02,123.23999786376953,86.73873901367188,7805.89990234375
2016-05-03,122.95999908447266,87.25348663330078,7747.0
2016-05-04,122.20999908447266,87.41187286376953,7706.5498046875
2016-05-05,122.06999969482422,87.64949035644531,7735.5
2016-05-06,123.18000030517578,87.44359588623047,7733.4501953125
2016-05-09,120.6500015258789,87.60991668701172,7866.0498046875
2016-05-10,120.9800033569336,87.59403991699219,7887.7998046875
2016-05-11,122.12000274658203,87.72869873046875,7848.85009765625
2016-05-12,121.16000366210938,87.49107360839844,7900.39990234375
2016-05-13,121.70999908447266,87.8237533569336,7814.89990234375
2016-05-16,121.80000305175781,87.5069580078125,7860.75
2016-05-17,122.22000122070312,87.38813018798828,7890.75
2016-05-18,120.0999984741211,86.68328857421875,7870.14990234375
2016-05-19,119.87000274658203,86.77037811279297,7783.39990234375
2016-05-20,119.70999908447266,86.82583618164062,7749.7001953125
2016-05-23,119.37000274658203,86.88127136230469,7731.0498046875
2016-05-24,117.30000305175781,86.73873901367188,7748.85009765625
2016-05-25,116.9800033569336,86.6991195678711,7934.89990234375
2016-05-26,116.58000183105469,86.96839141845703,8069.64990234375
2016-05-27,115.62000274658203,86.8021240234375,8156.64990234375
2016-05-31,116.05999755859375,86.90501403808594,8160.10009765625
2016-06-01,115.94000244140625,86.87564086914062,8179.9501953125
2016-06-02,115.66999816894531,87.1453628540039,8218.9501953125
2016-06-03,118.87999725341797,87.95440673828125,8220.7998046875
2016-06-06,118.91999816894531,87.7243423461914,8201.0498046875
2016-06-07,118.81999969482422,87.85126495361328,8266.4501953125
2016-06-08,120.58000183105469,87.95440673828125,8273.0498046875
2016-06-09,121.25,88.08922576904297,8203.599609375
2016-06-10,121.73999786376953,88.3985824584961,8170.0498046875
2016-06-13,122.63999938964844,88.57305145263672,8110.60009765625
2016-06-14,122.7699966430664,88.54926300048828,8108.85009765625
2016-06-15,123.68000030517578,88.8189468383789,8206.599609375
2016-06-16,122.37999725341797,88.91410827636719,8140.75
2016-06-17,123.94999694824219,88.61270141601562,8170.2001953125
2016-06-20,123.20999908447266,88.23200225830078,8238.5
2016-06-21,120.83999633789062,88.03370666503906,8219.900390625
2016-06-22,120.9000015258789,88.20824432373047,8203.7001953125
2016-06-23,120.11000061035156,87.787841796875,8270.4501953125
2016-06-24,126.0,89.00138092041016,8088.60009765625
2016-06-27,126.68000030517578,89.7707748413086,8094.7001953125
2016-06-28,125.31999969482422,89.75489044189453,8127.85009765625
2016-06-29,125.83999633789062,89.39002227783203,8204.0
2016-06-30,126.47000122070312,89.58831024169922,8287.75
2016-07-01,128.41000366210938,89.82503509521484,8328.349609375
2016-07-05,129.47000122070312,90.31745910644531,8335.9501953125
2016-07-07,129.74000549316406,90.21422576904297,8337.900390625
2016-07-08,130.52000427246094,90.3889389038086,8323.2001953125
2016-07-11,129.2899932861328,89.91239166259766,8467.900390625
2016-07-12,127.1500015258789,89.38021850585938,8521.0498046875
2016-07-13,128.32000732421875,89.61056518554688,8519.5
2016-07-14,127.33000183105469,89.23723602294922,8565.0
2016-07-15,126.83999633789062,88.89570617675781,8541.400390625
2016-07-18,127.04000091552734,88.87190246582031,8508.7001953125
2016-07-19,127.20999908447266,89.11015319824219,8528.5498046875
2016-07-20,125.38999938964844,88.92745971679688,8565.849609375
2016-07-21,127.30000305175781,89.12604522705078,8510.099609375
2016-07-22,126.3499984741211,89.05460357666016,8541.2001953125
2016-07-25,125.47000122070312,88.98310089111328,8635.650390625
2016-07-26,126.0,89.03863525390625,8590.650390625
2016-07-27,128.02999877929688,89.41993713378906,8615.7998046875
2016-07-28,127.66000366210938,89.46758270263672,8666.2998046875
2016-07-29,128.97999572753906,89.8091049194336,8638.5
2016-08-01,129.22000122070312,89.49734497070312,8636.5498046875
2016-08-02,130.27000427246094,89.2825698852539,8622.900390625
2016-08-03,129.64999389648438,89.33029174804688,8544.849609375
2016-08-04,129.8699951171875,89.54501342773438,8551.099609375
2016-08-05,127.55000305175781,88.98828887939453,8683.150390625
2016-08-08,127.44000244140625,88.94054412841797,8711.349609375
2016-08-09,127.95999908447266,89.25872802734375,8678.25
2016-08-10,128.55999755859375,89.49734497070312,8575.2998046875
2016-08-11,127.66999816894531,89.0678482055664,8592.150390625
2016-08-16,128.47000122070312,88.97234344482422,8642.5498046875
2016-08-17,128.5,89.11555480957031,8624.0498046875
2016-08-18,129.11000061035156,89.27462768554688,8673.25
2016-08-19,127.97000122070312,88.97234344482422,8666.900390625
2016-08-22,127.77999877929688,89.17121887207031,8629.150390625
2016-08-23,127.76000213623047,89.16320037841797,8632.599609375
2016-08-24,126.33999633789062,89.13146209716797,8650.2998046875
2016-08-25,126.2300033569336,88.98828887939453,8592.2001953125
2016-08-26,126.05000305175781,88.64627838134766,8572.5498046875
2016-08-29,126.30000305175781,89.01211547851562,8607.4501953125
2016-08-30,125.02999877929688,89.00420379638672,8744.349609375
2016-08-31,124.77999877929688,88.9007797241211,8786.2001953125
2016-09-01,125.29000091552734,89.04017639160156,8774.650390625
2016-09-02,126.56999969482422,88.80919647216797,8809.650390625
2016-09-06,128.7100067138672,89.22335815429688,8943.0
2016-09-07,128.27000427246094,89.27120208740234,8917.9501953125
2016-09-08,127.58999633789062,88.83309936523438,8952.5
2016-09-09,126.75,88.41094970703125,8866.7001953125
2016-09-12,126.58999633789062,88.49060821533203,8715.599609375
2016-09-14,126.18000030517578,88.36316680908203,8726.599609375
2016-09-15,125.37000274658203,88.38707733154297,8742.5498046875
2016-09-16,125.05999755859375,88.48260498046875,8779.849609375
2016-09-19,125.31999969482422,88.33131408691406,8808.400390625
2016-09-20,125.44000244140625,88.4666976928711,8775.900390625
2016-09-21,127.2699966430664,88.61006164550781,8777.150390625
2016-09-22,127.56999969482422,88.8729248046875,8867.4501953125
2016-09-23,127.6500015258789,88.9127197265625,8831.5498046875
2016-09-26,127.55000305175781,89.16761779785156,8723.0498046875
2016-09-27,126.62000274658203,89.31893920898438,8706.400390625
2016-09-28,126.22000122070312,89.2790756225586,8745.150390625
2016-09-29,126.06999969482422,89.33489227294922,8591.25
2016-09-30,125.63999938964844,89.11189270019531,8611.150390625
2016-10-03,125.31999969482422,88.904541015625,8738.099609375
2016-10-04,120.97000122070312,88.49774932861328,8769.150390625
2016-10-05,120.77999877929688,88.29837036132812,8743.9501953125
2016-10-06,119.66000366210938,88.11492919921875,8709.5498046875
2016-10-07,119.73999786376953,88.24253845214844,8697.599609375
2016-10-10,120.16000366210938,88.01123046875,8708.7998046875
2016-10-13,120.02999877929688,88.1707763671875,8573.349609375
2016-10-14,119.36000061035156,87.89956665039062,8583.400390625
2016-10-17,119.68000030517578,88.09097290039062,8520.400390625
2016-10-18,120.41999816894531,88.26641845703125,8677.900390625
2016-10-19,121.11000061035156,88.3062973022461,8659.099609375
2016-10-20,120.73999786376953,88.22653198242188,8699.400390625
2016-10-21,120.83000183105469,88.32231903076172,8693.0498046875
2016-10-24,120.55999755859375,88.2026596069336,8708.9501953125
2016-10-25,121.47000122070312,88.18669891357422,8691.2998046875
2016-10-26,120.79000091552734,87.99529266357422,8615.25
2016-10-27,121.01000213623047,87.69222259521484,8615.25
2016-10-28,121.58000183105469,87.70813751220703,8638.0
2016-11-01,122.7300033569336,87.78309631347656,8626.25
2016-11-02,123.63999938964844,88.04668426513672,8514.0
2016-11-03,124.30000305175781,87.99079895019531,8484.9501953125
2016-11-04,124.38999938964844,88.26238250732422,8433.75
2016-11-07,122.1500015258789,87.89491271972656,8497.0498046875
2016-11-08,121.63999938964844,87.58348083496094,8543.5498046875
2016-11-09,121.55999755859375,86.24967956542969,8432.0
2016-11-10,119.75,85.73054504394531,8525.75
2016-11-11,117.0999984741211,85.5548324584961,8296.2998046875
2016-11-15,117.12000274658203,85.05963134765625,8108.4501953125
2016-11-16,116.7699966430664,85.13947296142578,8111.60009765625
2016-11-17,116.16999816894531,84.76409149169922,8079.9501953125
2016-11-18,115.1500015258789,84.38872528076172,8074.10009765625
2016-11-21,115.58000183105469,84.46060180664062,7929.10009765625
2016-11-22,115.54000091552734,84.54047393798828,8002.2998046875
2016-11-23,113.25,84.23698425292969,8033.2998046875
2016-11-25,112.61000061035156,84.16508483886719,8114.2998046875
2016-11-28,113.80000305175781,84.5484619140625,8126.89990234375
2016-11-29,113.2699966430664,84.63632202148438,8142.14990234375
2016-11-30,111.75,84.0692367553711,8224.5
2016-12-01,111.54000091552734,83.74854278564453,8192.900390625
2016-12-02,112.13999938964844,84.12446594238281,8086.7998046875
2016-12-05,111.54000091552734,84.09242248535156,8128.75
2016-12-06,111.43000030517578,84.12446594238281,8143.14990234375
2016-12-07,111.83000183105469,84.40436553955078,8102.0498046875
2016-12-08,111.56999969482422,84.08448028564453,8246.849609375
2016-12-09,110.4000015258789,83.65255737304688,8261.75
2016-12-12,110.81999969482422,83.66854095458984,8170.7998046875
2016-12-13,110.44999694824219,83.71653747558594,8221.7998046875
2016-12-14,108.83000183105469,83.02072143554688,8182.4501953125
2016-12-15,107.33999633789062,82.78874206542969,8153.60009765625
2016-12-16,108.05000305175781,82.89273071289062,8139.4501953125
2016-12-19,108.58999633789062,83.27664184570312,8104.35009765625
2016-12-20,107.79000091552734,83.1007080078125,8082.39990234375
2016-12-21,107.8499984741211,83.23664855957031,8061.2998046875
2016-12-22,107.58999633789062,83.2005844116211,7979.10009765625
2016-12-23,107.93000030517578,83.28070831298828,7985.75
2016-12-27,108.55999755859375,83.16053771972656,8032.85009765625
2016-12-28,108.86000061035156,83.46501159667969,8034.85009765625
2016-12-29,110.29000091552734,83.72135162353516,8103.60009765625
2016-12-30,109.61000061035156,83.96961975097656,8185.7998046875
2017-01-03,110.47000122070312,83.92960357666016,8192.25
2017-01-04,110.86000061035156,84.02571105957031,8190.5
2017-01-05,112.58000183105469,84.57044982910156,8273.7998046875
2017-01-06,111.75,84.18592071533203,8243.7998046875
2017-01-09,112.66999816894531,84.50640106201172,8236.0498046875
2017-01-10,113.1500015258789,84.4663314819336,8288.599609375
2017-01-11,113.5,84.56249237060547,8380.650390625
2017-01-12,113.91000366210938,84.61051940917969,8407.2001953125
2017-01-13,114.20999908447266,84.42628479003906,8400.349609375
2017-01-17,115.8499984741211,84.850830078125,8398.0
2017-01-18,114.87000274658203,84.25,8417.0
2017-01-19,114.7699966430664,83.92960357666016,8435.099609375
2017-01-20,115.05000305175781,83.96961975097656,8349.349609375
2017-01-23,115.79000091552734,84.41023254394531,8391.5
2017-01-24,115.2699966430664,84.08980560302734,8475.7998046875
2017-01-25,114.31999969482422,83.67321014404297,8602.75
2017-01-27,113.48999786376953,83.8895492553711,8641.25
2017-01-30,113.97000122070312,83.8655014038086,8632.75
2017-01-31,115.55000305175781,84.15390014648438,8561.2998046875
2017-02-01,115.19999694824219,83.99262237548828,8716.400390625
2017-02-02,115.83999633789062,84.02473449707031,8734.25
2017-02-03,116.12999725341797,84.08885955810547,8740.9501953125
2017-02-06,117.69999694824219,84.49005126953125,8801.0498046875
2017-02-07,117.45999908447266,84.64246368408203,8768.2998046875
2017-02-08,118.19000244140625,84.98750305175781,8769.0498046875
2017-02-09,117.29000091552734,84.48202514648438,8778.400390625
2017-02-10,117.5999984741211,84.4259033203125,8793.5498046875
2017-02-13,116.80000305175781,84.29751586914062,8805.0498046875
2017-02-14,116.93000030517578,83.99262237548828,8792.2998046875
2017-02-15,117.44999694824219,83.8321762084961,8724.7001953125
2017-02-16,118.08000183105469,84.16913604736328,8778.0
2017-02-17,117.68000030517578,84.39378356933594,8821.7001953125
2017-02-21,117.75,84.35364532470703,8907.849609375
2017-02-22,117.91000366210938,84.49005126953125,8926.900390625
2017-02-23,118.94000244140625,84.71468353271484,8939.5
2017-02-27,119.12000274658203,84.80291748046875,8896.7001953125
2017-02-28,119.2300033569336,84.76280212402344,8879.599609375
2017-03-01,119.05999755859375,84.17235565185547,8945.7998046875
2017-03-02,117.58000183105469,83.93131256103516,8899.75
2017-03-03,117.51000213623047,84.01165771484375,8897.5498046875
2017-03-06,116.72000122070312,83.99563598632812,8963.4501953125
2017-03-07,115.77999877929688,83.87507629394531,8946.900390625
2017-03-08,115.05999755859375,83.5938949584961,8924.2998046875
2017-03-09,114.47000122070312,83.36090087890625,8927.0
2017-03-10,114.72000122070312,83.53768157958984,8934.5498046875
2017-03-14,114.12000274658203,83.41715240478516,9087.0
2017-03-15,116.25,84.14824676513672,9084.7998046875
2017-03-16,116.7300033569336,83.91522979736328,9153.7001953125
2017-03-17,116.98999786376953,84.14020538330078,9160.0498046875
2017-03-20,117.51000213623047,84.3410873413086,9126.849609375
2017-03-21,118.54000091552734,84.62227630615234,9121.5
2017-03-22,118.83000183105469,84.78291320800781,9030.4501953125
2017-03-23,118.66999816894531,84.69457244873047,9086.2998046875
2017-03-24,118.86000061035156,84.74272918701172,9108.0
2017-03-27,119.52999877929688,84.95165252685547,9045.2001953125
2017-03-28,119.04000091552734,84.66241455078125,9100.7998046875
2017-03-29,119.33000183105469,84.9034194946289,9143.7998046875
2017-03-30,118.47000122070312,84.66241455078125,9173.75
2017-03-31,118.72000122070312,84.83110809326172,9173.75
2017-04-03,119.3499984741211,85.24874877929688,9237.849609375
2017-04-05,119.62000274658203,85.28890991210938,9265.150390625
2017-04-06,119.18000030517578,85.23263549804688,9261.9501953125
2017-04-07,119.45999908447266,84.97515869140625,9198.2998046875
2017-04-10,119.45999908447266,85.12803649902344,9181.4501953125
2017-04-11,121.19000244140625,85.52229309082031,9237.0
2017-04-12,122.0199966430664,85.787841796875,9203.4501953125
2017-04-13,122.5999984741211,86.04525756835938,9150.7998046875
2017-04-17,122.23999786376953,85.90847778320312,9139.2998046875
2017-04-18,122.81999969482422,86.39933013916016,9105.150390625
2017-04-19,121.7300033569336,86.174072265625,9103.5
2017-04-20,121.95999908447266,85.98090362548828,9136.400390625
2017-04-21,122.30999755859375,86.02114868164062,9119.400390625
2017-04-24,121.4800033569336,85.84416198730469,9217.9501953125
2017-04-25,120.25,85.40158081054688,9306.599609375
2017-04-26,120.83999633789062,85.62689208984375,9351.849609375
2017-04-27,120.38999938964844,85.6832046508789,9342.150390625
2017-04-28,120.7699966430664,85.771728515625,9304.0498046875
2017-05-02,119.6500015258789,85.76366424560547,9313.7998046875
2017-05-03,117.9800033569336,85.58638763427734,9311.9501953125
2017-05-04,116.79000091552734,85.39299774169922,9359.900390625
2017-05-05,117.01000213623047,85.40912628173828,9285.2998046875
2017-05-08,116.75,85.1996078491211,9314.0498046875
2017-05-09,116.05000305175781,85.10289764404297,9316.849609375
2017-05-10,116.04000091552734,85.07064056396484,9407.2998046875
2017-05-11,116.5,85.13509368896484,9422.400390625
2017-05-12,116.83000183105469,85.57025909423828,9400.900390625
2017-05-15,117.13999938964844,85.51388549804688,9445.400390625
2017-05-16,117.6500015258789,85.62666320800781,9512.25
2017-05-17,119.79000091552734,86.3116455078125,9525.75
2017-05-18,118.80999755859375,86.2874526977539,9429.4501953125
2017-05-19,119.4000015258789,86.2632827758789,9427.900390625
2017-05-22,119.9000015258789,86.16658020019531,9438.25
2017-05-23,119.13999938964844,85.94095611572266,9386.150390625
2017-05-24,119.61000061035156,86.11823272705078,9360.5498046875
2017-05-25,119.4800033569336,86.16658020019531,9509.75
2017-05-26,120.54000091552734,86.22298431396484,9595.099609375
2017-05-30,120.13999938964844,86.44056701660156,9624.5498046875
2017-05-31,120.62000274658203,86.4808578491211,9621.25
2017-06-01,120.72000122070312,86.43563079833984,9616.099609375
2017-06-02,121.61000061035156,86.81494903564453,9653.5
2017-06-05,121.7300033569336,86.66973114013672,9675.099609375
2017-06-06,123.0999984741211,86.94409942626953,9637.150390625
2017-06-07,122.44999694824219,86.78263854980469,9663.900390625
2017-06-08,121.6500015258789,86.64546966552734,9647.25
2017-06-09,120.54000091552734,86.5648193359375,9668.25
2017-06-12,120.36000061035156,86.54863739013672,9616.400390625
2017-06-13,120.4800033569336,86.58090209960938,9606.900390625
2017-06-14,119.81999969482422,87.03288269042969,9618.150390625
2017-06-15,119.31999969482422,86.8795166015625,9578.0498046875
2017-06-16,119.33999633789062,86.92791748046875,9588.0498046875
2017-06-19,118.43000030517578,86.68582153320312,9657.5498046875
2017-06-20,118.18000030517578,86.90376281738281,9653.5
2017-06-21,118.5199966430664,86.89569091796875,9633.599609375
2017-06-22,118.91999816894531,86.97637176513672,9630.0
2017-06-23,119.43000030517578,87.00057983398438,9574.9501953125
2017-06-27,118.80999755859375,86.64546966552734,9511.400390625
2017-06-28,118.9000015258789,86.5648193359375,9491.25
2017-06-29,118.31999969482422,86.24195098876953,9504.099609375
2017-06-30,118.0199966430664,86.04022216796875,9520.900390625
2017-07-03,116.08999633789062,85.72415924072266,9615.0
2017-07-05,116.5199966430664,85.78882598876953,9637.599609375
2017-07-06,116.47000122070312,85.62715911865234,9674.5498046875
2017-07-07,115.27999877929688,85.48975372314453,9665.7998046875
2017-07-10,115.47000122070312,85.60294342041016,9771.0498046875
2017-07-11,115.62000274658203,85.71607971191406,9786.0498046875
2017-07-12,116.02999877929688,85.96664428710938,9816.099609375
2017-07-13,115.81999969482422,85.87773895263672,9891.7001953125
2017-07-14,116.7699966430664,85.99900817871094,9886.349609375
2017-07-17,117.29000091552734,86.10401916503906,9915.9501953125
2017-07-18,118.11000061035156,86.41927337646484,9827.150390625
2017-07-19,118.08000183105469,86.41927337646484,9899.599609375
2017-07-20,118.23999786376953,86.44349670410156,9873.2998046875
2017-07-21,119.26000213623047,86.59708404541016,9915.25
2017-07-24,119.30999755859375,86.54051208496094,9966.400390625
2017-07-25,118.91999816894531,86.05553436279297,9964.5498046875
2017-07-26,119.87999725341797,86.33036041259766,10020.650390625
2017-07-27,119.79000091552734,86.19296264648438,10020.5498046875
2017-07-28,120.69000244140625,86.33845520019531,10014.5
2017-07-31,120.75,86.36266326904297,10077.099609375
2017-08-01,120.6500015258789,86.57720947265625,10114.650390625
2017-08-02,120.4000015258789,86.49627685546875,10081.5
2017-08-03,120.58999633789062,86.79576873779297,10013.650390625
2017-08-04,119.6500015258789,86.56098175048828,10066.400390625
2017-08-07,119.51000213623047,86.60958099365234,10057.400390625
2017-08-08,119.86000061035156,86.53678894042969,9978.5498046875
2017-08-09,121.30999755859375,86.64197540283203,9908.0498046875
2017-08-10,122.20999908447266,86.96575927734375,9820.25
2017-08-11,122.79000091552734,87.06291961669922,9710.7998046875
2017-08-14,121.91999816894531,86.85242462158203,9794.150390625
2017-08-16,121.87000274658203,86.7552719116211,9897.2998046875
2017-08-17,122.48999786376953,87.06291961669922,9904.150390625
2017-08-18,122.30000305175781,87.07911682128906,9837.400390625
2017-08-21,122.76000213623047,87.13579559326172,9754.349609375
2017-08-22,122.20999908447266,86.96575927734375,9765.5498046875
2017-08-23,122.66999816894531,87.26531982421875,9852.5
2017-08-24,122.29000091552734,87.12769317626953,9857.0498046875
2017-08-28,124.69000244140625,87.3543472290039,9912.7998046875
2017-08-29,124.41999816894531,87.55671691894531,9796.0498046875
2017-08-30,124.36000061035156,87.48387908935547,9884.400390625
2017-08-31,125.81999969482422,87.62147521972656,9917.900390625
2017-09-01,126.05999755859375,87.36366271972656,9974.400390625
2017-09-05,127.45999908447266,87.97174072265625,9952.2001953125
2017-09-06,126.80999755859375,87.76093292236328,9916.2001953125
2017-09-07,128.1300048828125,88.14198303222656,9929.900390625
2017-09-08,127.97000122070312,88.07710266113281,9934.7998046875
2017-09-11,126.19000244140625,87.57447052001953,10006.0498046875
2017-09-12,126.55999755859375,87.36366271972656,10093.0498046875
2017-09-13,125.61000061035156,87.1853256225586,10079.2998046875
2017-09-14,126.16000366210938,87.20153045654297,10086.599609375
2017-09-15,125.52999877929688,87.30693054199219,10085.400390625
2017-09-18,124.36000061035156,86.96638488769531,10153.099609375
2017-09-19,124.62000274658203,86.86914825439453,10147.5498046875
2017-09-20,123.62000274658203,86.69890594482422,10141.150390625
2017-09-21,122.68000030517578,86.58537292480469,10121.900390625
2017-09-22,123.23999786376953,86.73941802978516,9964.400390625
2017-09-25,124.52999877929688,86.9988784790039,9872.599609375
2017-09-26,123.13999938964844,86.92588806152344,9871.5
2017-09-27,121.9800033569336,86.47997283935547,9735.75
2017-09-28,122.20999908447266,86.46378326416016,9768.9501953125
2017-09-29,121.58000183105469,86.35834503173828,9788.599609375
2017-10-03,120.83000183105469,86.38190460205078,9859.5
2017-10-04,121.16999816894531,86.35760498046875,9914.900390625
2017-10-05,120.5199966430664,86.26825714111328,9888.7001953125
2017-10-06,121.08999633789062,86.16270446777344,9979.7001953125
2017-10-09,122.08000183105469,86.26010131835938,9988.75
2017-10-10,122.4000015258789,86.29261779785156,10016.9501953125
2017-10-11,122.79000091552734,86.3900375366211,9984.7998046875
2017-10-12,122.88999938964844,86.47124481201172,10096.400390625
2017-10-13,123.81999969482422,86.76355743408203,10167.4501953125
2017-10-16,122.97000122070312,86.61736297607422,10230.849609375
2017-10-17,122.12999725341797,86.58492279052734,10234.4501953125
2017-10-18,121.66999816894531,86.36563873291016,10210.849609375
2017-10-19,122.38999938964844,86.45498657226562,10146.5498046875
2017-10-23,121.80000305175781,86.17892456054688,10184.849609375
2017-10-24,121.33000183105469,85.91909790039062,10207.7001953125
2017-10-25,121.3499984741211,85.78108215332031,10295.349609375
2017-10-26,120.33000183105469,85.66741943359375,10343.7998046875
2017-10-27,120.9000015258789,85.94347381591797,10323.0498046875
2017-10-30,121.12999725341797,86.25199127197266,10363.650390625
2017-10-31,120.66999816894531,86.19515228271484,10335.2998046875
2017-11-01,121.11000061035156,86.24723052978516,10440.5
2017-11-02,121.19000244140625,86.361083984375,10423.7998046875
2017-11-03,120.62000274658203,86.4992904663086,10452.5
2017-11-06,121.6500015258789,86.60502624511719,10451.7998046875
2017-11-07,121.20999908447266,86.63752746582031,10350.150390625
2017-11-08,121.62999725341797,86.5318374633789,10303.150390625
2017-11-09,122.12999725341797,86.4992904663086,10308.9501953125
2017-11-10,121.12999725341797,86.06019592285156,10321.75
2017-11-13,121.30999755859375,86.01952362060547,10224.9501953125
2017-11-14,121.55999755859375,86.14148712158203,10186.599609375
2017-11-15,121.41000366210938,86.45050811767578,10118.0498046875
2017-11-16,121.4000015258789,86.23098754882812,10214.75
2017-11-17,122.86000061035156,86.34477996826172,10283.599609375
2017-11-20,121.30999755859375,86.20657348632812,10298.75
2017-11-21,121.51000213623047,86.22280883789062,10326.900390625
2017-11-22,122.62999725341797,86.4992904663086,10342.2998046875
2017-11-24,122.31999969482422,86.4261245727539,10389.7001953125
2017-11-27,122.83000183105469,86.48301696777344,10399.5498046875
2017-11-28,122.80999755859375,86.4992904663086,10370.25
2017-11-29,122.04000091552734,86.22280883789062,10361.2998046875
2017-11-30,121.0999984741211,85.9544448852539,10226.5498046875
2017-12-01,121.58999633789062,86.2720947265625,10121.7998046875
2017-12-04,121.18000030517578,86.23137664794922,10127.75
2017-12-05,120.31999969482422,86.2965316772461,10118.25
2017-12-06,120.06999969482422,86.47569274902344,10044.099609375
2017-12-07,118.48999786376953,86.32095336914062,10166.7001953125
2017-12-08,118.4800033569336,86.25580596923828,10265.650390625
2017-12-11,118.01000213623047,86.19879150390625,10322.25
2017-12-12,118.1500015258789,86.1255111694336,10240.150390625
2017-12-13,119.16999816894531,86.47569274902344,10192.9501953125
2017-12-14,118.93000030517578,86.4430923461914,10252.099609375
2017-12-15,119.18000030517578,86.42684936523438,10333.25
2017-12-18,119.7300033569336,86.23137664794922,10388.75
2017-12-19,119.81999969482422,85.84043884277344,10463.2001953125
2017-12-20,120.13999938964844,85.5879898071289,10444.2001953125
2017-12-21,120.30999755859375,85.64833068847656,10440.2998046875
2017-12-22,120.94000244140625,85.68093872070312,10493.0
2017-12-26,121.7699966430664,85.7136001586914,10531.5
2017-12-27,122.2300033569336,86.08068084716797,10490.75
2017-12-28,122.8499984741211,85.97461700439453,10477.900390625
2017-12-29,123.6500015258789,86.1133041381836,10530.7001953125
2018-01-02,125.1500015258789,85.82777404785156,10442.2001953125
2018-01-03,124.81999969482422,85.91751861572266,10443.2001953125
2018-01-04,125.45999908447266,85.87675476074219,10504.7998046875
2018-01-05,125.33000183105469,85.77068328857422,10558.849609375
2018-01-08,125.30999755859375,85.72992706298828,10623.599609375
2018-01-09,124.7300033569336,85.32207489013672,10637.0
2018-01-10,125.02999877929688,85.2975845336914,10632.2001953125
2018-01-11,125.44000244140625,85.35469055175781,10651.2001953125
2018-01-12,126.95999908447266,85.2975845336914,10681.25
2018-01-16,127.16999816894531,85.33837890625,10700.4501953125
2018-01-17,126.13999938964844,85.1507797241211,10788.5498046875
2018-01-18,125.86000061035156,84.881591796875,10817.0
2018-01-19,126.41999816894531,84.66136169433594,10894.7001953125
2018-01-22,126.6500015258789,84.62873077392578,10966.2001953125
2018-01-23,127.27999877929688,84.87337493896484,11083.7001953125
2018-01-24,128.8300018310547,84.71027374267578,11086.0
2018-01-25,127.97000122070312,84.89791870117188,11069.650390625
2018-01-29,127.3499984741211,84.43296813964844,11130.400390625
2018-01-30,126.80000305175781,84.23716735839844,11049.650390625
2018-01-31,127.6500015258789,84.26167297363281,11027.7001953125
2018-02-01,128.07000732421875,83.82697296142578,11016.900390625
2018-02-02,126.38999938964844,83.51652526855469,10760.599609375
2018-02-05,126.70999908447266,84.20280456542969,10666.5498046875
2018-02-06,125.37999725341797,83.83512878417969,10498.25
2018-02-07,124.79000091552734,83.59005737304688,10476.7001953125
2018-02-08,124.9800033569336,83.66358947753906,10576.849609375
2018-02-09,124.7699966430664,83.51652526855469,10454.9501953125
2018-02-12,125.37000274658203,83.49200439453125,10539.75
2018-02-14,128.22999572753906,83.1243667602539,10500.900390625
2018-02-15,128.3800048828125,83.14885711669922,10545.5
2018-02-16,127.95999908447266,83.344970703125,10452.2998046875
2018-02-20,126.23999786376953,83.25507354736328,10360.400390625
2018-02-21,125.66000366210938,83.00997161865234,10397.4501953125
2018-02-22,126.30000305175781,83.1243667602539,10382.7001953125
2018-02-23,126.13999938964844,83.44294738769531,10491.0498046875
2018-02-26,126.44999694824219,83.54102325439453,10582.599609375
2018-02-27,125.12999725341797,83.27957153320312,10554.2998046875
2018-02-28,125.0,83.4757080078125,10492.849609375
2018-03-01,124.72000122070312,83.83492279052734,10458.349609375
2018-03-05,125.18000030517578,83.41756439208984,10358.849609375
2018-03-06,126.52999877929688,83.40938568115234,10249.25
2018-03-07,125.72000122070312,83.40938568115234,10154.2001953125
2018-03-08,125.41999816894531,83.58125305175781,10242.650390625
2018-03-09,125.54000091552734,83.40119171142578,10226.849609375
2018-03-12,125.54000091552734,83.59757232666016,10421.400390625
2018-03-13,125.77999877929688,83.73672485351562,10426.849609375
2018-03-14,125.69999694824219,83.90038299560547,10410.900390625
2018-03-15,124.9000015258789,83.86766815185547,10360.150390625
2018-03-16,124.5999984741211,83.76944732666016,10195.150390625
2018-03-19,124.87000274658203,83.68761444091797,10094.25
2018-03-20,124.30999755859375,83.52393341064453,10124.349609375
2018-03-21,126.4800033569336,83.58125305175781,10155.25
2018-03-22,125.9800033569336,83.92489624023438,10114.75
2018-03-23,127.61000061035156,84.03948211669922,9998.0498046875
2018-03-26,128.27999877929688,83.8103256225586,10130.650390625
2018-03-27,127.48999786376953,84.28497314453125,10184.150390625
2018-03-28,125.7300033569336,84.26861572265625,10113.7001953125
2018-04-02,127.26000213623047,84.52651977539062,10211.7998046875
2018-04-03,126.30000305175781,84.2560043334961,10245.0
2018-04-04,126.44999694824219,84.20683288574219,10128.400390625
2018-04-05,125.80000305175781,83.99369812011719,10325.150390625
2018-04-06,126.38999938964844,84.3625717163086,10331.599609375
2018-04-09,126.81999969482422,84.37897491455078,10379.349609375
2018-04-10,127.12000274658203,84.2314453125,10402.25
2018-04-11,128.11000061035156,84.31339263916016,10417.150390625
2018-04-12,126.62000274658203,84.01011657714844,10458.650390625
2018-04-13,127.44999694824219,84.0838851928711,10480.599609375
2018-04-16,127.62999725341797,84.04289245605469,10528.349609375
2018-04-17,127.75,84.09207153320312,10548.7001953125
2018-04-18,127.8499984741211,83.76419067382812,10526.2001953125
2018-04-19,127.5999984741211,83.53470611572266,10565.2998046875
2018-04-20,126.62999725341797,83.2559814453125,10564.0498046875
2018-04-23,125.62000274658203,83.17398071289062,10584.7001953125
2018-04-24,126.2300033569336,83.07563018798828,10614.349609375
2018-04-25,125.41000366210938,82.895263671875,10570.5498046875
2018-04-26,124.97000122070312,83.1330795288086,10617.7998046875
2018-04-27,125.5,83.27237701416016,10692.2998046875
2018-04-30,124.58999633789062,83.36253356933594,10739.349609375
2018-05-02,123.6500015258789,83.2484130859375,10718.0498046875
2018-05-03,124.27999877929688,83.46194458007812,10679.650390625
2018-05-04,124.54000091552734,83.47010040283203,10618.25
2018-05-07,124.56999969482422,83.42906188964844,10715.5
2018-05-08,124.58999633789062,83.28950500488281,10717.7998046875
2018-05-09,124.33000183105469,83.10057830810547,10741.7001953125
2018-05-10,125.18000030517578,83.27304077148438,10716.5498046875
2018-05-11,125.0,83.28126525878906,10806.5
2018-05-14,124.48999786376953,83.10057830810547,10806.599609375
2018-05-15,122.4800033569336,82.64068603515625,10801.849609375
2018-05-16,122.29000091552734,82.46826171875,10741.099609375
2018-05-17,122.36000061035156,82.41898345947266,10682.7001953125
2018-05-18,122.41000366210938,82.73922729492188,10596.400390625
2018-05-21,122.4800033569336,82.7967300415039,10516.7001953125
2018-05-22,122.41000366210938,82.76385498046875,10536.7001953125
2018-05-23,122.54000091552734,83.14165496826172,10430.349609375
2018-05-24,123.58999633789062,83.35520935058594,10513.849609375
2018-05-25,123.20999908447266,83.68366241455078,10605.150390625
2018-05-29,123.19000244140625,84.5870361328125,10633.2998046875
2018-05-30,123.37000274658203,84.22563171386719,10614.349609375
2018-05-31,123.0999984741211,84.18460083007812,10736.150390625
2018-06-01,122.48999786376953,83.87354278564453,10696.2001953125
2018-06-04,122.37000274658203,83.57730102539062,10628.5
2018-06-05,122.8499984741211,83.791259765625,10593.150390625
2018-06-06,122.91999816894531,83.45394134521484,10684.650390625
2018-06-07,122.86000061035156,83.80774688720703,10768.349609375
2018-06-08,123.01000213623047,83.69255065917969,10767.650390625
2018-06-11,123.2300033569336,83.61028289794922,10786.9501953125
2018-06-12,122.81999969482422,83.56085205078125,10842.849609375
2018-06-13,123.19000244140625,83.46214294433594,10856.7001953125
2018-06-14,123.37999725341797,83.7254409790039,10808.0498046875
2018-06-15,121.33999633789062,83.791259765625,10817.7001953125
2018-06-18,121.11000061035156,83.8324203491211,10799.849609375
2018-06-19,120.80000305175781,84.05458068847656,10710.4501953125
2018-06-20,120.26000213623047,83.78302764892578,10772.0498046875
2018-06-21,120.05000305175781,84.00523376464844,10741.099609375
2018-06-22,120.33999633789062,84.02164459228516,10821.849609375
2018-06-25,119.88999938964844,84.13688659667969,10762.4501953125
2018-06-26,119.26000213623047,84.17801666259766,10769.150390625
2018-06-27,118.58000183105469,84.49893951416016,10671.400390625
2018-06-28,118.22000122070312,84.41661834716797,10589.099609375
2018-06-29,118.6500015258789,84.35079956054688,10714.2998046875
2018-07-02,117.45999908447266,84.29312133789062,10657.2998046875
2018-07-03,118.6500015258789,84.50740051269531,10699.900390625
2018-07-05,119.05000305175781,84.51569366455078,10749.75
2018-07-06,118.86000061035156,84.5898666381836,10772.650390625
2018-07-09,119.1500015258789,84.37552642822266,10852.900390625
2018-07-10,118.93000030517578,84.30957794189453,10947.25
2018-07-11,117.63999938964844,84.48269653320312,10948.2998046875
2018-07-12,118.12999725341797,84.44975280761719,11023.2001953125
2018-07-13,117.61000061035156,84.5898666381836,11018.900390625
2018-07-16,117.55000305175781,84.44975280761719,10936.849609375
2018-07-17,116.27999877929688,84.4002914428711,11008.0498046875
2018-07-18,116.30999755859375,84.3343505859375,10980.4501953125
2018-07-19,115.80999755859375,84.56519317626953,10957.099609375
2018-07-20,116.55999755859375,84.26838684082031,11010.2001953125
2018-07-23,116.0,83.85623168945312,11084.75
2018-07-24,116.04000091552734,83.91390991210938,11134.2998046875
2018-07-25,116.68000030517578,83.85623168945312,11132.0
2018-07-26,115.7699966430664,83.76551818847656,11167.2998046875
2018-07-27,115.83000183105469,83.89739227294922,11278.349609375
2018-07-30,115.6500015258789,83.79022979736328,11319.5498046875
2018-07-31,115.98999786376953,83.90565490722656,11356.5
2018-08-01,115.13999938964844,83.70742797851562,11346.2001953125
2018-08-02,114.5199966430664,83.8065414428711,11244.7001953125
2018-08-03,114.91999816894531,84.02128601074219,11360.7998046875
2018-08-06,114.33000183105469,84.06260681152344,11387.099609375
2018-08-07,114.58999633789062,83.88912963867188,11389.4501953125
2018-08-08,114.91000366210938,83.96349334716797,11450.0
2018-08-09,114.73999786376953,84.19475555419922,11470.7001953125
2018-08-10,114.69000244140625,84.55819702148438,11429.5
2018-08-13,112.95999908447266,84.53341674804688,11355.75
2018-08-14,113.06999969482422,84.45082092285156,11435.099609375
2018-08-16,111.0999984741211,84.63255310058594,11385.0498046875
2018-08-17,112.12999725341797,84.66558074951172,11470.75
2018-08-20,112.69000244140625,84.92993927001953,11551.75
2018-08-21,113.0199966430664,84.81427001953125,11570.900390625
2018-08-23,112.19999694824219,84.96295928955078,11582.75
2018-08-24,114.16000366210938,84.98770141601562,11557.099609375
2018-08-27,114.58999633789062,84.79776763916016,11691.9501953125
2018-08-28,113.68000030517578,84.60773468017578,11738.5
2018-08-29,114.19999694824219,84.58293914794922,11691.900390625
2018-08-30,113.63999938964844,84.73986053466797,11676.7998046875
2018-08-31,113.51000213623047,84.75647735595703,11680.5
2018-09-04,112.93000030517578,84.56275939941406,11520.2998046875
2018-09-05,113.31999969482422,84.55449676513672,11476.9501953125
2018-09-06,113.54000091552734,84.72830200195312,11536.900390625
2018-09-07,113.2300033569336,84.3475570678711,11589.099609375
2018-09-10,113.1500015258789,84.3972396850586,11438.099609375
2018-09-11,113.22000122070312,84.09101867675781,11287.5
2018-09-12,114.16999816894531,84.19032287597656,11369.900390625
2018-09-14,113.0199966430664,84.02478790283203,11515.2001953125
2018-09-17,113.61000061035156,84.04132843017578,11377.75
2018-09-18,113.44000244140625,83.69371032714844,11278.900390625
2018-09-19,113.87999725341797,83.55301666259766,11234.349609375
2018-09-21,113.48999786376953,83.59440612792969,11143.099609375
2018-09-24,113.47000122070312,83.50336456298828,10967.400390625
2018-09-25,113.6500015258789,83.42059326171875,11067.4501953125
2018-09-26,113.05000305175781,83.69371032714844,11053.7998046875
2018-09-27,112.05000305175781,83.69371032714844,10977.5498046875
2018-09-28,112.76000213623047,83.73509979248047,10930.4501953125
2018-10-01,112.56999969482422,83.5228042602539,11008.2998046875
2018-10-03,113.41999816894531,83.11640167236328,10858.25
2018-10-04,113.4800033569336,82.9007797241211,10599.25
2018-10-05,113.80000305175781,82.70176696777344,10316.4501953125
2018-10-08,112.54000091552734,82.73494720458984,10348.0498046875
2018-10-09,112.5999984741211,82.89251708984375,10301.0498046875
2018-10-10,112.87999725341797,82.93391418457031,10460.099609375
2018-10-11,115.77999877929688,83.27398681640625,10234.650390625
2018-10-12,115.2300033569336,83.17445373535156,10472.5
2018-10-15,116.0,83.22420501708984,10512.5
2018-10-16,115.80000305175781,83.2159423828125,10584.75
2018-10-17,115.79000091552734,82.97541809082031,10453.0498046875
2018-10-19,116.01000213623047,83.02515411376953,10303.5498046875
2018-10-22,115.70999908447266,83.04177856445312,10245.25
2018-10-23,116.38999938964844,83.25736236572266,10146.7998046875
2018-10-24,116.66000366210938,83.70526123046875,10224.75
2018-10-25,116.4000015258789,83.5062255859375,10124.900390625
2018-10-26,116.7699966430664,83.8794174194336,10030.0
2018-10-29,116.30999755859375,83.87110137939453,10250.849609375
2018-10-30,115.80000305175781,83.68865203857422,10198.400390625
2018-10-31,115.1500015258789,83.4813461303711,10386.599609375
2018-11-01,116.62999725341797,83.55278778076172,10380.4501953125
2018-11-02,116.6500015258789,83.08734893798828,10553.0
2018-11-05,116.37000274658203,83.13725280761719,10524.0
2018-11-06,116.04000091552734,83.04582977294922,10530.0
2018-11-07,116.02999877929688,83.04582977294922,10598.400390625
2018-11-09,114.4800033569336,83.25359344482422,10585.2001953125
2018-11-12,113.66000366210938,83.50294494628906,10482.2001953125
2018-11-13,113.69999694824219,83.56944274902344,10582.5
2018-11-14,114.63999938964844,83.74395751953125,10576.2998046875
2018-11-15,114.7699966430664,83.80216979980469,10616.7001953125
2018-11-16,115.62000274658203,84.05976867675781,10682.2001953125
2018-11-19,115.66999816894531,84.1844482421875,10763.400390625
2018-11-20,115.66999816894531,84.1678237915039,10656.2001953125
2018-11-21,115.86000061035156,84.15119171142578,10600.0498046875
2018-11-26,115.63999938964844,84.13455963134766,10628.599609375
2018-11-27,114.94999694824219,84.21774291992188,10685.599609375
2018-11-28,115.37999725341797,84.20938110351562,10728.849609375
2018-11-29,115.73999786376953,84.42548370361328,10858.7001953125
2018-11-30,115.54000091552734,84.59172058105469,10876.75
2018-12-03,116.41000366210938,84.776611328125,10883.75
2018-12-04,117.12000274658203,85.16804504394531,10869.5
2018-12-06,117.13999938964844,85.38455963134766,10601.150390625
2018-12-07,118.08999633789062,85.63440704345703,10693.7001953125
2018-12-10,117.68000030517578,85.68440246582031,10488.4501953125
2018-12-11,117.54000091552734,85.46788787841797,10549.150390625
2018-12-12,117.79000091552734,85.23468780517578,10737.599609375
2018-12-13,117.52999877929688,85.28462982177734,10791.5498046875
2018-12-14,117.05999755859375,85.41788482666016,10805.4501953125
2018-12-17,117.87000274658203,85.66773986816406,10888.349609375
2018-12-18,118.1500015258789,85.8788833618164,10908.7001953125
2018-12-19,117.43000030517578,86.17935180664062,10967.2998046875
2018-12-20,119.23999786376953,86.07084655761719,10951.7001953125
2018-12-21,118.72000122070312,86.14596557617188,10754.0
2018-12-24,120.0199966430664,86.36297607421875,10663.5
2018-12-26,119.66000366210938,85.9540023803711,10729.849609375
2018-12-27,120.56999969482422,86.1710205078125,10779.7998046875
2018-12-28,121.05999755859375,86.63838958740234,10859.900390625
2018-12-31,121.25,86.96385955810547,10862.5498046875
2019-01-02,121.33000183105469,87.14749908447266,10792.5
2019-01-03,122.43000030517578,87.84017944335938,10672.25
2019-01-04,121.44000244140625,87.13081359863281,10727.349609375
2019-01-07,121.86000061035156,86.8887710571289,10771.7998046875
2019-01-08,121.52999877929688,86.67176055908203,10802.150390625
2019-01-09,122.30999755859375,86.72183227539062,10855.150390625
2019-01-10,121.58999633789062,86.68011474609375,10821.599609375
2019-01-11,121.80000305175781,86.93885040283203,10794.9501953125
2019-01-14,122.08999633789062,86.8887710571289,10737.599609375
2019-01-15,121.87999725341797,86.80529022216797,10886.7998046875
2019-01-16,122.2699966430664,86.75524139404297,10890.2998046875
2019-01-17,122.11000061035156,86.59667205810547,10905.2001953125
2019-01-18,121.0199966430664,86.32125091552734,10906.9501953125
2019-01-22,121.44999694824219,86.6217041015625,10922.75
2019-01-23,121.27999877929688,86.57997131347656,10831.5
2019-01-24,121.08999633789062,86.85538482666016,10849.7998046875
2019-01-25,122.86000061035156,86.65510559082031,10780.5498046875
2019-01-28,123.29000091552734,86.68011474609375,10661.5498046875
2019-01-29,123.9800033569336,86.93046569824219,10652.2001953125
2019-01-30,124.69000244140625,87.13081359863281,10651.7998046875
2019-01-31,124.75,87.53136444091797,10830.9501953125
2019-02-01,124.5,87.06299591064453,10893.650390625
2019-02-04,123.95999908447266,86.87065887451172,10912.25
2019-02-05,124.27999877929688,87.02122497558594,10934.349609375
2019-02-06,123.44000244140625,87.08809661865234,11062.4501953125
2019-02-07,123.73999786376953,87.3724594116211,11069.400390625
2019-02-08,124.20999908447266,87.48957061767578,10943.599609375
2019-02-11,123.5999984741211,87.35575866699219,10888.7998046875
2019-02-12,123.86000061035156,87.2386474609375,10831.400390625
2019-02-14,124.05999755859375,87.43101501464844,10746.0498046875
2019-02-15,124.80000305175781,87.34739685058594,10724.400390625
2019-02-19,126.69999694824219,87.4979248046875,10604.349609375
2019-02-20,126.4800033569336,87.48119354248047,10735.4501953125
2019-02-21,125.05000305175781,87.22195434570312,10789.849609375
2019-02-22,125.5,87.48119354248047,10791.650390625
2019-02-25,125.37000274658203,87.34739685058594,10880.099609375
2019-02-26,125.58000183105469,87.60665893554688,10835.2998046875
2019-02-27,124.69000244140625,87.29720306396484,10806.650390625
2019-02-28,123.98999786376953,87.07137298583984,10792.5
2019-03-01,121.87999725341797,86.78568267822266,10863.5
2019-03-05,121.72000122070312,87.10407257080078,10987.4501953125
2019-03-06,121.61000061035156,87.34709167480469,11053.0
2019-03-07,121.51000213623047,87.64036560058594,11058.2001953125
2019-03-08,122.83999633789062,87.7660140991211,11035.400390625
2019-03-11,122.23999786376953,87.69902038574219,11168.0498046875
2019-03-12,122.9800033569336,87.94203186035156,11301.2001953125
2019-03-13,123.83999633789062,87.90853881835938,11341.7001953125
2019-03-14,122.41000366210938,87.7828140258789,11343.25
2019-03-15,122.97000122070312,88.05933380126953,11426.849609375
2019-03-18,123.04000091552734,87.94203186035156,11462.2001953125
2019-03-19,123.37999725341797,87.88333892822266,11532.400390625
2019-03-20,124.18000030517578,88.49507141113281,11521.0498046875
2019-03-22,123.97000122070312,89.10677337646484,11456.900390625
2019-03-25,124.91999816894531,89.3329849243164,11354.25
2019-03-26,124.30000305175781,89.25756072998047,11483.25
2019-03-27,123.6500015258789,89.5173568725586,11445.0498046875
2019-03-28,121.9000015258789,89.5257339477539,11570.0
2019-04-01,121.52999877929688,88.76866149902344,11669.150390625
2019-04-02,121.9800033569336,88.9197769165039,11713.2001953125
2019-04-03,121.80000305175781,88.64271545410156,11643.9501953125
2019-04-04,122.11000061035156,88.73506927490234,11598.0
2019-04-05,121.9800033569336,88.77702331542969,11665.9501953125
2019-04-08,122.51000213623047,88.63433074951172,11604.5
2019-04-09,123.1500015258789,88.79383087158203,11671.9501953125
2019-04-10,123.52999877929688,89.0037612915039,11584.2998046875
2019-04-11,121.94999694824219,88.80224609375,11596.7001953125
2019-04-12,121.83000183105469,88.39080047607422,11643.4501953125
2019-04-15,121.5999984741211,88.50834655761719,11690.349609375
2019-04-16,120.51000213623047,88.20609283447266,11787.150390625
2019-04-18,120.37000274658203,88.43277740478516,11752.7998046875
2019-04-22,120.37000274658203,88.30685424804688,11594.4501953125
2019-04-23,120.12000274658203,88.46639251708984,11575.9501953125
2019-04-24,120.47000122070312,88.80224609375,11726.150390625
2019-04-25,120.56999969482422,88.69308471679688,11641.7998046875
2019-04-26,121.37000274658203,88.92816925048828,11754.650390625
2019-04-30,121.19999694824219,88.9197769165039,11748.150390625
2019-05-02,119.94000244140625,88.6269760131836,11724.75
2019-05-03,120.6500015258789,88.74478149414062,11712.25
2019-05-06,120.80999755859375,88.97199249267578,11598.25
2019-05-07,121.20999908447266,89.27481842041016,11497.900390625
2019-05-08,120.91000366210938,89.10655975341797,11359.4501953125
2019-05-09,121.19999694824219,89.34212493896484,11301.7998046875
2019-05-10,121.43000030517578,89.28325653076172,11278.900390625
2019-05-13,122.66999816894531,89.72913360595703,11148.2001953125
2019-05-14,122.45999908447266,89.6450424194336,11222.0498046875
2019-05-15,122.38999938964844,89.93108367919922,11157.0
2019-05-16,121.51000213623047,89.7544174194336,11257.099609375
2019-05-17,120.6500015258789,89.79646301269531,11407.150390625
2019-05-20,120.63999938964844,89.6450424194336,11828.25
2019-05-21,120.36000061035156,89.54405212402344,11709.099609375
2019-05-22,120.23999786376953,89.81330108642578,11737.900390625
2019-05-23,121.16999816894531,90.36018371582031,11657.0498046875
2019-05-24,121.30000305175781,90.3349380493164,11844.099609375
2019-05-28,120.83000183105469,90.7303237915039,11928.75
2019-05-29,120.87000274658203,90.69671630859375,11861.099609375
2019-05-30,121.69000244140625,91.02481079101562,11945.900390625
2019-05-31,123.33000183105469,91.630615234375,11922.7998046875
2019-06-03,125.11000061035156,92.07149505615234,12088.5498046875
2019-06-04,125.1500015258789,91.73428344726562,12021.650390625
2019-06-06,125.87999725341797,91.71741485595703,11843.75
2019-06-07,126.58999633789062,92.07991790771484,11870.650390625
2019-06-10,125.33000183105469,91.62469482421875,11922.7001953125
2019-06-11,125.18000030517578,91.62469482421875,11965.599609375
2019-06-12,125.83000183105469,91.8607406616211,11906.2001953125
2019-06-13,126.5999984741211,92.08831024169922,11914.0498046875
2019-06-14,126.55999755859375,92.15576171875,11823.2998046875
2019-06-17,126.4800033569336,92.1389389038086,11672.150390625
2019-06-18,127.12000274658203,92.31595611572266,11691.5
2019-06-19,127.88999938964844,92.56884002685547,11691.4501953125
2019-06-20,131.11000061035156,92.7205810546875,11831.75
2019-06-21,131.97999572753906,92.34125518798828,11724.099609375
2019-06-24,133.94000244140625,92.66159057617188,11699.650390625
2019-06-25,134.1999969482422,92.80486297607422,11796.4501953125
2019-06-26,132.97000122070312,92.4255599975586,11847.5498046875
2019-06-27,132.83999633789062,92.70372772216797,11841.5498046875
2019-06-28,133.1999969482422,92.74585723876953,11788.849609375
2019-07-01,130.6199951171875,92.62934875488281,11865.599609375
2019-07-02,133.41000366210938,92.95865631103516,11910.2998046875
2019-07-03,133.6300048828125,93.13599395751953,11916.75
2019-07-05,132.13999938964844,92.54489135742188,11811.150390625
2019-07-08,131.2899932861328,92.45199584960938,11558.599609375
2019-07-09,131.75,92.39285278320312,11555.900390625
2019-07-10,133.8300018310547,92.44355010986328,11498.900390625
2019-07-11,132.6999969482422,91.98753356933594,11582.900390625
2019-07-12,133.52999877929688,92.08889770507812,11552.5
2019-07-15,133.52999877929688,92.2830810546875,11588.349609375
2019-07-16,132.39999389648438,92.08043670654297,11662.599609375
2019-07-17,134.5800018310547,92.5111083984375,11687.5
2019-07-18,136.47999572753906,92.73912048339844,11596.900390625
2019-07-19,134.47000122070312,92.57022094726562,11419.25
2019-07-22,134.4499969482422,92.61246490478516,11346.2001953125
2019-07-23,133.69000244140625,92.46045684814453,11331.0498046875
2019-07-24,134.3699951171875,92.59557342529297,11271.2998046875
2019-07-25,133.4199981689453,92.43508911132812,11252.150390625
2019-07-26,133.63999938964844,92.418212890625,11284.2998046875
2019-07-29,134.52999877929688,92.50269317626953,11189.2001953125
2019-07-30,134.97999572753906,92.54489135742188,11085.400390625
2019-07-31,133.2100067138672,92.78141021728516,11118.0
2019-08-01,136.41000366210938,93.83370971679688,10980.0
2019-08-02,135.88999938964844,94.02828979492188,10997.349609375
2019-08-05,137.7899932861328,94.84039306640625,10862.599609375
2019-08-06,138.91000366210938,94.9926528930664,10948.25
2019-08-07,141.02000427246094,94.9926528930664,10855.5
2019-08-08,141.72999572753906,95.00112915039062,11032.4501953125
2019-08-09,141.25999450683594,94.85733032226562,11109.650390625
2019-08-13,141.77999877929688,95.11957550048828,10925.849609375
2019-08-14,142.75,95.75403594970703,11029.400390625
2019-08-16,142.77999877929688,96.10933685302734,11047.7998046875
2019-08-19,141.11000061035156,95.65250396728516,11053.900390625
2019-08-20,142.2100067138672,96.07553100585938,11017.0
2019-08-21,141.75999450683594,95.82172393798828,10918.7001953125
2019-08-22,141.39999389648438,95.61023712158203,10741.349609375
2019-08-23,144.1699981689453,96.253173828125,10829.349609375
2019-08-26,144.19000244140625,96.16006469726562,11057.849609375
2019-08-27,145.57000732421875,96.57461547851562,11105.349609375
2019-08-28,145.16000366210938,96.60845184326172,11046.099609375
2019-08-29,144.1199951171875,96.42236328125,10948.2998046875
2019-08-30,143.75,96.44770050048828,11023.25
2019-09-03,145.75,96.65958404541016,10797.900390625
2019-09-04,146.66000366210938,96.81208801269531,10844.650390625
2019-09-05,143.13999938964844,96.03254699707031,10847.900390625
2019-09-06,141.9199981689453,96.09185791015625,10946.2001953125
2019-09-09,141.38999938964844,95.49868774414062,11003.0498046875
2019-09-11,141.02999877929688,94.71061706542969,11035.7001953125
2019-09-12,141.32000732421875,94.49877166748047,10982.7998046875
2019-09-13,140.14999389648438,93.63445281982422,11075.900390625
2019-09-16,141.32000732421875,94.04119873046875,11003.5
2019-09-17,141.60000610351562,94.28695678710938,10817.599609375
2019-09-18,140.7100067138672,94.32081604003906,10840.650390625
2019-09-19,141.27999877929688,94.36317443847656,10704.7998046875
2019-09-20,142.9499969482422,94.905517578125,11274.2001953125
2019-09-23,143.75,95.04110717773438,11600.2001953125
2019-09-24,144.50999450683594,95.51560974121094,11588.2001953125
2019-09-25,141.8300018310547,94.88858032226562,11440.2001953125
2019-09-26,141.7899932861328,95.09193420410156,11571.2001953125
2019-09-27,141.05999755859375,95.22752380371094,11512.400390625
2019-09-30,138.8699951171875,95.3038101196289,11474.4501953125
2019-10-01,139.6300048828125,95.56771850585938,11359.900390625
2019-10-03,141.89999389648438,96.39939880371094,11314.0
2019-10-04,141.89999389648438,96.5860824584961,11174.75
2019-10-07,140.69000244140625,96.26360321044922,11126.400390625
2019-10-09,142.0500030517578,96.22118377685547,11313.2998046875
2019-10-10,140.80999755859375,95.61863708496094,11234.5498046875
2019-10-11,140.02999877929688,94.96514892578125,11305.0498046875
2019-10-14,140.58999633789062,95.22823333740234,11341.150390625
2019-10-15,139.61000061035156,94.76995849609375,11428.2998046875
2019-10-16,140.41000366210938,94.95669555664062,11464.0
2019-10-17,140.61000061035156,94.92273712158203,11586.349609375
2019-10-18,140.4600067138672,95.00759887695312,11661.849609375
2019-10-22,140.1999969482422,94.88031768798828,11588.349609375
2019-10-23,140.52999877929688,94.91423034667969,11604.099609375
2019-10-24,141.52999877929688,94.89723205566406,11582.599609375
2019-10-25,141.86000061035156,94.69355010986328,11583.900390625
2019-10-29,140.25,94.42202758789062,11786.849609375
2019-10-30,141.02000427246094,94.88031768798828,11844.099609375
2019-10-31,142.42999267578125,95.48287963867188,11877.4501953125
2019-11-01,142.55999755859375,95.30268096923828,11890.599609375
2019-11-04,142.14999389648438,94.8182144165039,11941.2998046875
2019-11-05,139.85000610351562,94.3082275390625,11917.2001953125
2019-11-06,140.4499969482422,94.5802230834961,11966.0498046875
2019-11-07,138.27000427246094,93.82378387451172,12012.0498046875
2019-11-08,137.38999938964844,93.69627380371094,11908.150390625
2019-11-11,137.05999755859375,93.79827880859375,11913.4501953125
2019-11-13,137.97999572753906,94.09575653076172,11840.4501953125
2019-11-14,138.55999755859375,94.57170104980469,11872.099609375
2019-11-15,138.2100067138672,94.4952392578125,11895.4501953125
2019-11-18,138.6199951171875,94.65672302246094,11884.5
2019-11-19,138.69000244140625,94.83515167236328,11940.099609375
2019-11-20,138.75999450683594,95.18367004394531,11999.099609375
2019-11-21,138.0,94.9456787109375,11968.400390625
2019-11-22,137.74000549316406,94.92870330810547,11914.400390625
2019-11-25,137.0800018310547,94.97119140625,12073.75
2019-11-26,137.74000549316406,95.14968872070312,12037.7001953125
2019-11-27,137.00999450683594,94.90320587158203,12100.7001953125
2019-11-29,137.86000061035156,94.8266830444336,12056.0498046875
2019-12-02,137.7899932861328,94.48623657226562,12048.2001953125
2019-12-03,139.11000061035156,95.32888793945312,11994.2001953125
2019-12-04,138.9199981689453,94.962890625,12043.2001953125
2019-12-05,139.0,94.74160766601562,12018.400390625
2019-12-06,137.6199951171875,94.45218658447266,11921.5
2019-12-09,137.5800018310547,94.52873992919922,11937.5
2019-12-10,137.97000122070312,94.41816711425781,11856.7998046875
2019-12-11,138.9199981689453,94.8096694946289,11910.150390625
2019-12-12,138.42999267578125,94.06067657470703,11971.7998046875
2019-12-13,139.0500030517578,94.61393737792969,12086.7001953125
2019-12-16,139.0399932861328,94.17129516601562,12053.9501953125
2019-12-17,139.00999450683594,94.1798095703125,12165.0
2019-12-18,139.02000427246094,93.92446899414062,12221.650390625
2019-12-19,139.3800048828125,93.99775695800781,12259.7001953125
2019-12-20,139.52000427246094,93.99775695800781,12271.7998046875
2019-12-23,139.9499969482422,93.91253662109375,12262.75
2019-12-24,141.27000427246094,94.07447814941406,12214.5498046875
2019-12-26,142.3800048828125,94.21087646484375,12126.5498046875
2019-12-27,142.3300018310547,94.34725952148438,12245.7998046875
2019-12-30,142.6300048828125,94.2876205444336,12255.849609375
2019-12-31,142.89999389648438,93.94664764404297,12168.4501953125
2020-01-02,143.9499969482422,94.38134002685547,12282.2001953125
2020-01-03,145.86000061035156,95.01210021972656,12226.650390625
2020-01-06,147.38999938964844,94.90978240966797,11993.0498046875
2020-01-07,147.97000122070312,94.77342987060547,12052.9501953125
2020-01-08,146.86000061035156,94.55181884765625,12025.349609375
2020-01-09,146.02999877929688,94.62000274658203,12215.900390625
2020-01-10,146.91000366210938,94.8245620727539,12256.7998046875
2020-01-13,145.82000732421875,94.71378326416016,12329.5498046875
2020-01-14,145.69000244140625,94.90130615234375,12362.2998046875
2020-01-15,146.5399932861328,95.13992309570312,12343.2998046875
2020-01-16,146.30999755859375,94.94390106201172,12355.5
2020-01-17,146.5800018310547,94.86717224121094,12352.349609375
2020-01-21,146.74000549316406,95.24223327636719,12169.849609375
2020-01-22,146.7899932861328,95.25926971435547,12106.900390625
2020-01-23,147.1199951171875,95.49795532226562,12180.349609375
2020-01-24,147.97999572753906,95.83887481689453,12248.25
2020-01-27,148.99000549316406,96.48665618896484,12119.0
2020-01-28,147.66000366210938,96.16275787353516,12055.7998046875
2020-01-29,148.4600067138672,96.62306213378906,12129.5
2020-01-30,148.47000122070312,96.71678161621094,12035.7998046875
2020-01-31,149.3300018310547,97.20263671875,11962.099609375
2020-02-03,148.36000061035156,97.119873046875,11707.900390625
2020-02-04,146.42999267578125,96.55650329589844,11979.650390625
2020-02-05,146.61000061035156,96.13831329345703,12089.150390625
2020-02-06,147.39999389648438,96.20658111572266,12137.9501953125
2020-02-07,147.7899932861328,96.66753387451172,12098.349609375
2020-02-10,148.1699981689453,96.85526275634766,12031.5
2020-02-11,147.66000366210938,96.62481689453125,12107.900390625
2020-02-12,147.5399932861328,96.37730407714844,12201.2001953125
2020-02-13,148.3800048828125,96.46265411376953,12174.650390625
2020-02-14,149.0,96.70164489746094,12113.4501953125
2020-02-18,150.91000366210938,96.85526275634766,11992.5
2020-02-19,151.7899932861328,96.83819580078125,12125.900390625
2020-02-20,152.41000366210938,97.119873046875,12080.849609375
2020-02-24,156.08999633789062,98.27207946777344,11829.400390625
2020-02-25,153.3000030517578,98.54521179199219,11797.900390625
2020-02-26,153.97000122070312,98.49397277832031,11678.5
2020-02-27,154.0,98.97196960449219,11633.2998046875
2020-02-28,148.3800048828125,100.08152770996094,11201.75
2020-03-02,149.1999969482422,100.0131607055664,11132.75
2020-03-03,153.88999938964844,101.17530059814453,11303.2998046875
2020-03-04,154.16000366210938,100.9531021118164,11251.0
2020-03-05,157.49000549316406,101.8503646850586,11269.0
2020-03-06,157.5500030517578,102.88433837890625,10989.4501953125
2020-03-09,157.80999755859375,103.80722045898438,10451.4501953125
2020-03-11,153.92999267578125,100.8847427368164,10458.400390625
2020-03-12,147.7899932861328,100.9360122680664,9590.150390625
2020-03-13,143.27999877929688,100.27803802490234,9955.2001953125
2020-03-16,141.63999938964844,102.92704010009766,9197.400390625
2020-03-17,143.55999755859375,100.3464126586914,8967.0498046875
2020-03-18,140.6999969482422,98.95352172851562,8468.7998046875
2020-03-19,138.0399932861328,99.27825164794922,8263.4501953125
2020-03-20,140.11000061035156,101.80760192871094,8745.4501953125
2020-03-23,146.3000030517578,103.01252746582031,7610.25
2020-03-24,153.39999389648438,102.31181335449219,7801.0498046875
2020-03-25,151.3000030517578,102.37161254882812,8317.849609375
2020-03-26,153.24000549316406,102.61943054199219,8641.4501953125
2020-03-27,152.25,103.37995910644531,8660.25
2020-03-30,152.9199981689453,103.61925506591797,8281.099609375
2020-03-31,148.0500030517578,103.80722045898438,8597.75
2020-04-01,149.4499969482422,104.22980499267578,8253.7998046875
2020-04-03,152.64999389648438,104.32394409179688,8083.7998046875
2020-04-07,156.0399932861328,103.39141082763672,8792.2001953125
2020-04-08,154.64999389648438,103.26311492919922,8748.75
2020-04-09,158.69000244140625,103.48553466796875,9111.900390625
2020-04-13,161.41000366210938,103.26311492919922,8993.849609375
2020-04-15,161.85000610351562,104.32394409179688,8925.2998046875
2020-04-16,161.7100067138672,104.43516540527344,8992.7998046875
2020-04-17,158.57000732421875,104.1613998413086,9266.75
2020-04-20,159.6999969482422,104.43516540527344,9261.849609375
2020-04-21,158.61000061035156,104.72605895996094,8981.4501953125
2020-04-22,161.72999572753906,104.40094757080078,9187.2998046875
2020-04-23,163.33999633789062,104.46940612792969,9313.900390625
2020-04-24,162.63999938964844,104.49507904052734,9154.400390625
2020-04-27,161.55999755859375,103.93895721435547,9282.2998046875
2020-04-28,160.83999633789062,104.39241790771484,9380.900390625
2020-04-29,161.72999572753906,104.34110260009766,9553.349609375
2020-04-30,158.8000030517578,104.09293365478516,9859.900390625
2020-05-04,160.33999633789062,104.25399780273438,9293.5
2020-05-05,161.02000427246094,104.1769027709961,9205.599609375
2020-05-06,158.9499969482422,103.79151153564453,9270.900390625
2020-05-07,161.38999938964844,104.42525482177734,9199.0498046875
2020-05-08,160.4199981689453,104.08267974853516,9251.5
2020-05-11,159.4199981689453,103.79151153564453,9239.2001953125
2020-05-12,160.0399932861328,104.13404846191406,9196.5498046875
2020-05-13,161.5800018310547,104.34817504882812,9383.5498046875
2020-05-14,163.00999450683594,104.51089477539062,9142.75
2020-05-15,163.92999267578125,104.44241333007812,9136.849609375
2020-05-18,162.69000244140625,103.80005645751953,8823.25
2020-05-19,164.25999450683594,104.09126281738281,8879.099609375
2020-05-20,164.64999389648438,104.11695861816406,9066.5498046875
2020-05-21,162.25,104.18546295166016,9106.25
2020-05-22,163.2100067138672,104.38246154785156,9039.25
2020-05-26,160.88999938964844,104.1083755493164,9029.0498046875
2020-05-27,161.17999267578125,104.19400024414062,9314.9501953125
2020-05-28,161.72000122070312,104.09978485107422,9490.099609375
2020-05-29,162.91000366210938,104.433837890625,9580.2998046875
2020-06-01,163.66000366210938,104.39268493652344,9826.150390625
2020-06-02,162.60000610351562,104.22122192382812,9979.099609375
2020-06-03,159.60000610351562,103.60396575927734,10061.5498046875
2020-06-04,161.27999877929688,103.19245147705078,10029.099609375
2020-06-05,158.00999450683594,102.6781005859375,10142.150390625
2020-06-08,159.72000122070312,102.78954315185547,10167.4501953125
2020-06-09,161.25999450683594,103.158203125,10046.650390625
2020-06-10,163.57000732421875,103.92974090576172,10116.150390625
2020-06-11,162.38999938964844,104.29835510253906,9902.0
2020-06-12,162.6199951171875,104.06687927246094,9972.900390625
2020-06-15,162.3300018310547,103.98118591308594,9813.7001953125
2020-06-16,162.25,103.76686096191406,9914.0
2020-06-17,162.55999755859375,103.92974090576172,9881.150390625
2020-06-18,162.24000549316406,104.16118621826172,10091.650390625
2020-06-19,164.02999877929688,104.19547271728516,10244.400390625
2020-06-22,165.08999633789062,104.10118103027344,10311.2001953125
2020-06-23,166.47999572753906,104.06687927246094,10471.0
2020-06-24,165.89999389648438,104.26410675048828,10305.2998046875
2020-06-25,165.8000030517578,104.28121948242188,10288.900390625
2020-06-26,166.5399932861328,104.56410217285156,10383.0
2020-06-29,166.6300048828125,104.6669921875,10312.400390625
2020-06-30,167.3699951171875,104.4784164428711,10302.099609375
2020-07-01,166.6199951171875,104.31535339355469,10430.0498046875
2020-07-02,166.97999572753906,104.44406127929688,10551.7001953125
2020-07-06,167.97999572753906,104.28958892822266,10763.650390625
2020-07-07,169.0399932861328,104.62427520751953,10799.650390625
2020-07-08,170.08999633789062,104.46124267578125,10705.75
2020-07-09,169.6300048828125,104.79588317871094,10813.4501953125
2020-07-10,169.19000244140625,104.58992767333984,10768.0498046875
2020-07-13,169.39999389648438,104.70148468017578,10802.7001953125
2020-07-14,170.19000244140625,104.6928939819336,10607.349609375
2020-07-15,170.33999633789062,104.6585693359375,10618.2001953125
2020-07-16,168.72999572753906,104.73582458496094,10739.9501953125
2020-07-17,170.1199951171875,104.71007537841797,10901.7001953125
2020-07-20,170.94000244140625,104.77873229980469,11022.2001953125
2020-07-21,173.0,104.89030456542969,11162.25
2020-07-22,175.6300048828125,104.92459106445312,11132.599609375
2020-07-23,177.17999267578125,105.02754974365234,11215.4501953125
2020-07-24,178.6999969482422,104.97608184814453,11194.150390625
2020-07-27,182.22999572753906,104.81305694580078,11131.7998046875
2020-07-28,183.75,105.06190490722656,11300.5498046875
2020-07-29,185.1300048828125,105.19913482666016,11202.849609375
2020-07-30,183.75999450683594,105.34500885009766,11102.150390625
2020-07-31,185.42999267578125,105.37081146240234,11073.4501953125
2020-08-03,185.63999938964844,105.31924438476562,10891.599609375
2020-08-04,189.58999633789062,105.67993927001953,11095.25
2020-08-05,191.35000610351562,105.32784271240234,11101.650390625
2020-08-06,193.88999938964844,105.44808197021484,11200.150390625
2020-08-07,190.80999755859375,105.22476959228516,11214.0498046875
2020-08-10,190.14999389648438,105.11314392089844,11270.150390625
2020-08-11,179.94000244140625,104.7524642944336,11322.5
2020-08-12,179.10000610351562,104.44331359863281,11308.400390625
2020-08-13,183.3300018310547,104.22867584228516,11300.4501953125
2020-08-14,182.5399932861328,104.28013610839844,11178.400390625
2020-08-17,186.5,104.45189666748047,11247.099609375
2020-08-18,188.17999267578125,104.63223266601562,11385.349609375
2020-08-19,182.24000549316406,104.49482727050781,11408.400390625
2020-08-20,183.5,104.79541778564453,11312.2001953125
2020-08-21,182.02999877929688,104.8726806640625,11371.599609375
2020-08-24,181.0,104.72669982910156,11466.4501953125
2020-08-25,181.22000122070312,104.4776840209961,11472.25
2020-08-26,183.36000061035156,104.43474578857422,11549.599609375
2020-08-27,181.24000549316406,104.06549072265625,11559.25
2020-08-28,184.38999938964844,104.23719024658203,11647.599609375
2020-08-31,184.8300018310547,104.34888458251953,11387.5
2020-09-01,185.0500030517578,104.69088745117188,11470.25
2020-09-02,182.6199951171875,104.83698272705078,11535.0
2020-09-03,181.13999938964844,104.97444152832031,11527.4501953125
2020-09-04,181.63999938964844,104.39012908935547,11333.849609375
2020-09-08,181.2899932861328,104.61353302001953,11317.349609375
2020-09-09,183.0500030517578,104.56197357177734,11278.0
2020-09-10,182.4600067138672,104.69088745117188,11449.25
2020-09-11,182.4499969482422,104.85417175292969,11464.4501953125
2020-09-14,183.88999938964844,104.7596206665039,11440.0498046875
2020-09-15,183.4499969482422,104.70807647705078,11521.7998046875
2020-09-16,183.97000122070312,104.6479263305664,11604.5498046875
2020-09-17,182.9600067138672,104.68229675292969,11516.099609375
2020-09-18,183.1999969482422,104.58778381347656,11504.9501953125
2020-09-21,179.52000427246094,104.77681732177734,11250.5498046875
2020-09-22,178.64999389648438,104.77681732177734,11153.650390625
2020-09-23,174.7899932861328,104.77681732177734,11131.849609375
2020-09-24,175.44000244140625,104.82839965820312,10805.5498046875
2020-09-25,174.94000244140625,104.91433715820312,11050.25
2020-09-28,176.6999969482422,104.89714050292969,11227.5498046875
2020-09-29,178.19000244140625,104.97444152832031,11222.400390625
2020-09-30,177.1199951171875,104.69088745117188,11247.5498046875
2020-10-01,178.6999969482422,104.75023651123047,11416.9501953125
2020-10-05,179.41000366210938,103.9848861694336,11503.349609375
2020-10-06,177.3000030517578,104.22565460205078,11662.400390625
2020-10-07,177.22000122070312,103.9246597290039,11738.849609375
2020-10-08,177.85000610351562,104.11386108398438,11834.599609375
2020-10-09,181.0800018310547,104.06226348876953,11914.2001953125
2020-10-12,180.55999755859375,104.17407989501953,11930.9501953125
2020-10-13,177.72000122070312,104.40626525878906,11934.5
2020-10-14,178.27000427246094,104.4406509399414,11971.0498046875
2020-10-15,178.9199981689453,104.32887268066406,11680.349609375
2020-10-16,178.3000030517578,104.2686538696289,11762.4501953125
2020-10-19,178.38999938964844,104.09664916992188,11873.0498046875
2020-10-20,179.25,103.87309265136719,11896.7998046875
2020-10-21,180.60000610351562,103.73551177978516,11937.650390625
2020-10-22,178.8300018310547,103.37432098388672,11896.4501953125
2020-10-23,178.63999938964844,103.52049255371094,11930.349609375
2020-10-26,178.5500030517578,103.795654296875,11767.75
2020-10-27,179.02000427246094,104.02786254882812,11889.400390625
2020-10-28,176.1300048828125,104.01925659179688,11729.599609375
2020-10-29,175.39999389648438,103.58067321777344,11670.7998046875
2020-10-30,176.1999969482422,103.24531555175781,11642.400390625
2020-11-02,177.91000366210938,103.4225845336914,11669.150390625
2020-11-03,178.9199981689453,103.1902847290039,11813.5
2020-11-04,178.82000732421875,104.05931854248047,11908.5
2020-11-05,182.92999267578125,104.04212188720703,12120.2998046875
2020-11-06,183.19000244140625,103.6893539428711,12263.5498046875
2020-11-09,175.0800018310547,102.92350769042969,12461.0498046875
2020-11-10,175.66000366210938,102.63092803955078,12631.099609375
2020-11-11,174.89999389648438,102.79441833496094,12749.150390625
2020-11-12,175.9600067138672,103.37954711914062,12690.7998046875
2020-11-13,177.16000366210938,103.24187469482422,12719.9501953125
2020-11-17,176.5,103.43119049072266,12874.2001953125
2020-11-18,175.49000549316406,103.39674377441406,12938.25
2020-11-19,175.16000366210938,103.50862884521484,12771.7001953125
2020-11-20,175.69000244140625,103.6893539428711,12859.0498046875
2020-11-23,172.22999572753906,103.48278045654297,12926.4501953125
2020-11-24,169.58999633789062,103.31930541992188,13055.150390625
2020-11-25,169.50999450683594,103.35376739501953,12858.400390625
2020-11-27,167.7899932861328,103.66349792480469,12968.9501953125
2020-12-01,170.17999267578125,103.04357147216797,13109.0498046875
2020-12-02,171.4600067138672,102.87137603759766,13113.75
2020-12-03,172.80999755859375,103.14693450927734,13133.900390625
2020-12-04,172.32000732421875,102.74221801757812,13258.5498046875
2020-12-07,174.88999938964844,103.06082916259766,13355.75
2020-12-08,175.5,103.16415405273438,13392.9501953125
2020-12-09,172.5,103.01777648925781,13529.099609375
2020-12-10,172.1699981689453,103.25028228759766,13478.2998046875
2020-12-11,172.49000549316406,103.45691680908203,13513.849609375
2020-12-14,171.5399932861328,103.3966293334961,13558.150390625
2020-12-15,173.94000244140625,103.29330444335938,13567.849609375
2020-12-16,174.89999389648438,103.20719146728516,13682.7001953125
2020-12-17,176.74000549316406,103.13224792480469,13740.7001953125
2020-12-18,176.44000244140625,103.04608154296875,13760.5498046875
2020-12-21,175.8800048828125,103.11499786376953,13328.400390625
2020-12-22,174.49000549316406,103.28730773925781,13466.2998046875
2020-12-23,175.64999389648438,103.07191467285156,13601.099609375
2020-12-24,176.35000610351562,103.21837615966797,13749.25
2020-12-28,175.7100067138672,103.2270278930664,13873.2001953125
2020-12-29,176.35000610351562,103.20976257324219,13932.599609375
2020-12-30,177.6999969482422,103.27871704101562,13981.9501953125
2020-12-31,178.36000061035156,103.34764099121094,13981.75
2021-01-04,182.3300018310547,103.37348175048828,14132.900390625
2021-01-05,182.8699951171875,103.13224792480469,14199.5
2021-01-06,179.89999389648438,102.52912902832031,14146.25
2021-01-07,179.47999572753906,102.16724395751953,14137.349609375
2021-01-08,173.33999633789062,101.87430572509766,14347.25
2021-01-11,173.0,101.67615509033203,14484.75
2021-01-12,174.1199951171875,101.65892028808594,14563.4501953125
2021-01-13,173.3699951171875,102.01216888427734,14564.849609375
2021-01-14,173.27999877929688,101.77950286865234,14595.599609375
2021-01-15,171.1300048828125,102.05526733398438,14433.7001953125
2021-01-19,172.5800018310547,102.11559295654297,14521.150390625
2021-01-20,175.38999938964844,102.15859985351562,14644.7001953125
2021-01-21,175.27999877929688,102.01216888427734,14590.349609375
2021-01-22,173.89999389648438,102.16724395751953,14371.900390625
2021-01-25,174.0500030517578,102.580810546875,14238.900390625
2021-01-27,172.52000427246094,102.66699981689453,13967.5
2021-01-28,172.67999267578125,102.39990234375,13817.5498046875
2021-01-29,172.61000061035156,102.21893310546875,13634.599609375
2021-02-01,174.22999572753906,102.3465805053711,14281.2001953125
2021-02-02,172.11000061035156,102.0879135131836,14647.849609375
2021-02-03,171.85000610351562,101.83788299560547,14789.9501953125
2021-02-04,168.14999389648438,101.80339050292969,14895.650390625
2021-02-05,169.80999755859375,101.5878677368164,14924.25
2021-02-08,171.52000427246094,101.6309585571289,15115.7998046875
2021-02-09,172.0800018310547,101.70857238769531,15109.2998046875
2021-02-10,172.7100067138672,101.96719360351562,15106.5
2021-02-11,171.2100067138672,101.88963317871094,15173.2998046875
2021-02-12,170.69000244140625,101.5533676147461,15163.2998046875
2021-02-16,168.24000549316406,100.82057189941406,15313.4501953125
2021-02-17,166.3300018310547,100.88951873779297,15208.900390625
2021-02-18,166.32000732421875,100.88089752197266,15118.9501953125
2021-02-19,167.00999450683594,100.47566223144531,14981.75
2021-02-22,169.50999450683594,100.31183624267578,14675.7001953125
2021-02-23,169.1199951171875,100.3894271850586,14707.7998046875
2021-02-24,169.0,100.25150299072266,14982.0
2021-02-25,165.82000732421875,98.91520690917969,15097.349609375
2021-02-26,161.80999755859375,99.80319213867188,14529.150390625
2021-03-01,161.52999877929688,99.6910171508789,14761.5498046875
2021-03-02,162.41000366210938,99.87218475341797,14919.099609375
2021-03-03,160.6199951171875,99.33731842041016,15245.599609375
2021-03-04,159.0399932861328,98.84563446044922,15080.75
2021-03-05,159.13999938964844,98.70758819580078,14938.099609375
2021-03-08,157.49000549316406,98.31938934326172,14956.2001953125
2021-03-09,160.83999633789062,98.78522491455078,15098.400390625
2021-03-10,161.66000366210938,98.99229431152344,15174.7998046875
2021-03-12,161.49000549316406,98.24176025390625,15030.9501953125
2021-03-15,162.1999969482422,98.36251068115234,14929.5
2021-03-16,162.35000610351562,98.34526062011719,14910.4501953125
2021-03-17,163.50999450683594,98.1813735961914,14721.2998046875
2021-03-18,162.55999755859375,97.56886291503906,14557.849609375
2021-03-19,163.24000549316406,97.50846099853516,14744.0
2021-03-22,163.0,97.82767486572266,14736.400390625
2021-03-23,161.80999755859375,98.31077575683594,14814.75
2021-03-24,162.3699951171875,98.44013214111328,14549.400390625
2021-03-25,161.77999877929688,98.31077575683594,14324.900390625
2021-03-26,162.24000549316406,97.9829330444336,14507.2998046875
2021-03-30,157.57000732421875,97.56021118164062,14845.099609375
2021-03-31,159.9600067138672,97.42221069335938,14690.7001953125
2021-04-01,161.97999572753906,97.85381317138672,14867.349609375
2021-04-05,161.9199981689453,97.57757568359375,14637.7998046875
2021-04-06,163.22000122070312,98.05233764648438,14683.5
2021-04-07,162.75999450683594,97.99191284179688,14819.0498046875
2021-04-08,164.50999450683594,98.32858276367188,14873.7998046875
2021-04-09,163.27000427246094,98.06959533691406,14834.849609375
2021-04-12,162.27999877929688,98.0091781616211,14310.7998046875
2021-04-13,163.42999267578125,98.41485595703125,14504.7998046875
2021-04-15,165.35000610351562,98.9241943359375,14581.4501953125
2021-04-16,166.35000610351562,98.65662384033203,14617.849609375
2021-04-19,165.88999938964844,98.55301666259766,14359.4501953125
2021-04-20,166.47999572753906,98.84648895263672,14296.400390625
2021-04-22,167.0399932861328,98.97599792480469,14406.150390625
2021-04-23,166.39999389648438,98.84648895263672,14341.349609375
2021-04-26,166.83999633789062,98.7428970336914,14485.0
2021-04-27,166.4199981689453,98.3544921875,14653.0498046875
2021-04-28,166.91000366210938,98.48393249511719,14864.5498046875
2021-04-29,166.22000122070312,98.31128692626953,14894.900390625
2021-04-30,165.66000366210938,98.39759063720703,14631.099609375
2021-05-03,167.80999755859375,98.56519317626953,14634.150390625
2021-05-04,166.5800018310547,98.69474792480469,14496.5
2021-05-05,167.27000427246094,98.81571197509766,14617.849609375
2021-05-06,170.05999755859375,98.85884857177734,14724.7998046875
2021-05-07,171.58999633789062,98.89342498779297,14823.150390625
2021-05-10,172.11000061035156,98.69474792480469,14942.349609375
2021-05-11,172.13999938964844,98.5306625366211,14850.75
2021-05-12,170.42999267578125,98.0555648803711,14696.5
2021-05-14,172.69000244140625,98.59976959228516,14677.7998046875
2021-05-17,174.6999969482422,98.50473022460938,14923.150390625
2021-05-18,175.0399932861328,98.50473022460938,15108.099609375
2021-05-19,175.16000366210938,98.2110366821289,15030.150390625
2021-05-20,175.9600067138672,98.61703491210938,14906.0498046875
2021-05-21,176.0399932861328,98.65155792236328,15175.2998046875
2021-05-24,176.35000610351562,98.74659729003906,15197.7001953125
2021-05-25,177.9499969482422,99.10938262939453,15208.4501953125
2021-05-26,177.63999938964844,98.9970703125,15301.4501953125
2021-05-27,177.7100067138672,98.82433319091797,15337.849609375
2021-05-28,178.3800048828125,98.81571197509766,15435.650390625
2021-06-01,177.89999389648438,98.79754638671875,15574.849609375
2021-06-02,178.77000427246094,98.909912109375,15576.2001953125
2021-06-03,175.27000427246094,98.65926361083984,15690.349609375
2021-06-04,177.16000366210938,99.20378875732422,15670.25
2021-06-07,177.8699951171875,99.12600708007812,15751.650390625
2021-06-08,177.32000732421875,99.41126251220703,15740.099609375
2021-06-09,176.97999572753906,99.72240447998047,15635.349609375
2021-06-10,177.74000549316406,100.07682800292969,15737.75
2021-06-11,175.74000549316406,99.92984771728516,15799.349609375
2021-06-14,174.7100067138672,99.61869049072266,15811.849609375
2021-06-15,174.0500030517578,99.635986328125,15869.25
2021-06-16,171.11000061035156,98.95314025878906,15767.5498046875
2021-06-17,165.85000610351562,99.3075180053711,15691.400390625
2021-06-18,164.92999267578125,99.86937713623047,15683.349609375
2021-06-21,166.9499969482422,99.54954528808594,15746.5
2021-06-22,166.25,99.7310562133789,15772.75
2021-06-23,166.13999938964844,99.53226470947266,15686.9501953125
2021-06-24,166.0399932861328,99.51495361328125,15790.4501953125
2021-06-25,166.58999633789062,99.3075180053711,15860.349609375
2021-06-28,166.5800018310547,99.61869049072266,15814.7001953125
2021-06-29,164.8300018310547,99.6705551147461,15748.4501953125
2021-06-30,165.6300048828125,99.82610321044922,15721.5
2021-07-01,166.1999969482422,99.75435638427734,15680.0
2021-07-02,167.2899932861328,100.11763000488281,15722.2001953125
2021-07-06,168.1199951171875,100.645263671875,15818.25
2021-07-07,168.75999450683594,100.9393310546875,15879.650390625
2021-07-08,168.64999389648438,101.19880676269531,15727.900390625
2021-07-09,169.2100067138672,100.6884994506836,15689.7998046875
2021-07-12,169.0,100.63658905029297,15692.599609375
2021-07-13,169.22000122070312,100.3252182006836,15812.349609375
2021-07-14,171.0399932861328,100.75768280029297,15853.9501953125
2021-07-15,171.07000732421875,101.18151092529297,15924.2001953125
2021-07-16,169.41000366210938,101.16422271728516,15923.400390625
2021-07-19,169.61000061035156,102.0291748046875,15752.400390625
2021-07-20,169.38999938964844,101.8993911743164,15632.099609375
2021-07-22,169.08999633789062,101.54480743408203,15824.0498046875
2021-07-23,168.55999755859375,101.38910675048828,15856.0498046875
2021-07-26,168.16000366210938,101.31990051269531,15824.4501953125
2021-07-27,168.44000244140625,101.75241088867188,15746.4501953125
2021-07-28,169.2899932861328,101.83887481689453,15709.400390625
2021-07-29,171.1699981689453,101.52750396728516,15778.4501953125
2021-07-30,169.82000732421875,101.8128890991211,15763.0498046875
2021-08-02,169.61000061035156,102.25952911376953,15885.150390625
2021-08-03,169.49000549316406,102.2854995727539,16130.75
2021-08-04,169.52999877929688,102.25952911376953,16258.7998046875
2021-08-05,168.86000061035156,101.88738250732422,16294.599609375
2021-08-06,164.63999938964844,101.29017639160156,16238.2001953125
2021-08-09,161.72000122070312,101.07379150390625,16258.25
2021-08-10,161.77000427246094,100.88335418701172,16280.099609375
2021-08-11,164.0,100.99588012695312,16282.25
2021-08-12,164.0399932861328,100.89198303222656,16364.400390625
2021-08-13,166.38999938964844,101.47193145751953,16529.099609375
2021-08-16,167.22000122070312,101.69693756103516,16563.05078125
2021-08-17,166.97000122070312,101.64503479003906,16614.599609375
2021-08-18,167.10000610351562,101.59309387207031,16568.849609375
2021-08-20,166.6999969482422,101.72289276123047,16450.5
2021-08-23,168.72999572753906,101.74887084960938,16496.44921875
2021-08-24,168.64999389648438,101.47193145751953,16624.599609375
2021-08-25,167.47999572753906,101.07379150390625,16634.650390625
2021-08-26,167.6699981689453,101.07379150390625,16636.900390625
2021-08-27,170.19000244140625,101.40267944335938,16705.19921875
2021-08-30,169.35000610351562,101.60173034667969,16931.05078125
2021-08-31,169.69000244140625,101.41132354736328,17132.19921875
2021-09-01,169.6999969482422,101.45465850830078,17076.25
2021-09-02,169.25,101.5759048461914,17234.150390625
2021-09-03,171.05999755859375,101.33338928222656,17323.599609375
2021-09-07,167.7100067138672,100.93497467041016,17362.099609375
2021-09-08,167.2899932861328,101.2121353149414,17353.5
2021-09-09,168.02999877929688,101.49794006347656,17369.25
2021-09-13,167.74000549316406,101.2987060546875,17355.30078125
2021-09-14,168.82000732421875,101.67979431152344,17380.0
2021-09-15,167.8300018310547,101.50658416748047,17519.44921875
2021-09-16,164.02999877929688,101.18616485595703,17629.5
2021-09-17,163.77000427246094,100.89164733886719,17585.150390625
2021-09-20,164.94000244140625,101.40267944335938,17396.900390625
2021-09-21,166.0399932861328,101.34202575683594,17562.0
2021-09-22,165.4199981689453,101.43730926513672,17546.650390625
2021-09-23,163.50999450683594,100.51924896240234,17822.94921875
2021-09-24,163.3000030517578,100.21611785888672,17853.19921875
2021-09-27,163.63999938964844,99.94761657714844,17855.099609375
2021-09-28,162.0500030517578,99.56657409667969,17748.599609375
2021-09-29,161.32000732421875,99.67046356201172,17711.30078125
2021-09-30,164.22000122070312,99.79173278808594,17618.150390625
2021-10-01,164.58999633789062,100.19905090332031,17532.05078125
2021-10-04,165.36000061035156,100.07775115966797,17691.25
2021-10-05,164.58999633789062,99.76576232910156,17822.30078125
2021-10-06,165.02999877929688,99.7917251586914,17646.0
2021-10-07,164.16000366210938,99.3930435180664,17790.349609375
2021-10-08,164.22999572753906,99.17637634277344,17895.19921875
2021-10-11,163.9199981689453,98.93370819091797,17945.94921875
2021-10-12,164.66000366210938,99.38439178466797,17991.94921875
2021-10-13,167.58999633789062,99.5750503540039,18161.75
2021-10-14,168.0,99.80907440185547,18338.55078125
2021-10-18,164.9199981689453,99.17637634277344,18477.05078125
2021-10-19,165.4499969482422,98.82102966308594,18418.75
2021-10-20,166.89999389648438,98.77769470214844,18266.599609375
2021-10-21,166.75,98.51766967773438,18178.099609375
2021-10-22,167.77000427246094,98.76900482177734,18114.900390625
2021-10-25,168.92999267578125,98.89036560058594,18125.400390625
2021-10-26,167.67999267578125,99.01170349121094,18268.400390625
2021-10-27,168.1199951171875,99.56639862060547,18210.94921875
2021-10-28,168.0800018310547,99.306396484375,17857.25
2021-10-29,166.64999389648438,99.34971618652344,17671.650390625
2021-11-01,167.52000427246094,99.34193420410156,17929.650390625
2021-11-02,167.16000366210938,99.58473205566406,17888.94921875
2021-11-03,165.77000427246094,99.27252197265625,17829.19921875
2021-11-04,167.64999389648438,99.81024932861328,17916.80078125
2021-11-08,170.4499969482422,99.92301177978516,18068.55078125
2021-11-09,171.2899932861328,100.38264465332031,18044.25
2021-11-10,173.14999389648438,99.5240478515625,18017.19921875
2021-11-11,174.1199951171875,99.2031478881836,17873.599609375
2021-11-12,174.4499969482422,99.41131591796875,18102.75
2021-11-15,174.17999267578125,99.02096557617188,18109.44921875
2021-11-16,172.9199981689453,98.93428802490234,17999.19921875
2021-11-17,174.5,99.28987121582031,17898.650390625
2021-11-18,173.94000244140625,99.3505630493164,17764.80078125
2021-11-22,168.74000549316406,98.89092254638672,17416.55078125
2021-11-23,167.27999877929688,98.4832534790039,17503.349609375
2021-11-24,167.1199951171875,98.78681945800781,17415.05078125
2021-11-26,166.85000610351562,100.06178283691406,17026.44921875
2021-11-29,166.6199951171875,99.83629608154297,17053.94921875
2021-11-30,165.5,100.43473815917969,16983.19921875
2021-12-01,166.16000366210938,100.62393951416016,17166.900390625
2021-12-02,165.24000549316406,100.40696716308594,17401.650390625
2021-12-03,166.6300048828125,100.99718475341797,17196.69921875
2021-12-06,166.22000122070312,100.49372863769531,16912.25
2021-12-07,166.80999755859375,100.11184692382812,17176.69921875
2021-12-08,166.89999389648438,99.79071044921875,17469.75
2021-12-09,165.8800048828125,100.04241180419922,17516.849609375
2021-12-10,166.5800018310547,100.11184692382812,17511.30078125
2021-12-13,167.0,100.5892105102539,17368.25
2021-12-14,165.44000244140625,100.4156494140625,17324.900390625
2021-12-15,166.14999389648438,100.26806640625,17221.400390625
2021-12-16,168.16000366210938,100.55996704101562,17248.400390625
2021-12-17,167.8000030517578,100.78587341308594,16985.19921875
2021-12-20,167.08999633789062,100.69895935058594,16614.19921875
2021-12-21,167.02000427246094,100.29935455322266,16770.849609375
2021-12-22,168.58999633789062,100.3949203491211,16955.44921875
2021-12-23,168.97000122070312,100.18639373779297,17072.599609375
2021-12-27,169.3699951171875,100.22115325927734,17086.25
2021-12-28,168.63999938964844,100.20379638671875,17233.25
2021-12-29,168.58999633789062,99.69121551513672,17213.599609375
2021-12-30,169.8000030517578,100.02134704589844,17203.94921875
2021-12-31,170.9600067138672,99.90838623046875,17354.05078125
2022-01-03,168.3300018310547,98.97881317138672,17625.69921875
2022-01-04,169.57000732421875,98.92668914794922,17805.25
2022-01-05,169.05999755859375,98.50968170166016,17925.25
2022-01-06,166.99000549316406,98.2664566040039,17745.900390625
2022-01-07,167.75,97.94497680664062,17812.69921875
2022-01-10,168.25999450683594,97.91891479492188,18003.30078125
2022-01-11,170.2899932861328,98.15350341796875,18055.75
2022-01-12,170.74000549316406,98.17086791992188,18212.349609375
2022-01-13,170.16000366210938,98.48363494873047,18257.80078125
2022-01-14,169.6699981689453,97.80602264404297,18255.75
2022-01-18,169.38999938964844,97.06755065917969,18113.05078125
2022-01-19,172.0800018310547,97.30210876464844,17938.400390625
2022-01-20,171.64999389648438,97.5105972290039,17757.0
2022-01-21,171.08999633789062,98.07530212402344,17617.150390625
2022-01-24,172.02999877929688,97.98843383789062,17149.099609375
2022-01-25,172.5800018310547,97.85810852050781,17277.94921875
2022-01-27,167.60000610351562,97.57141876220703,17110.150390625
2022-01-28,167.10000610351562,97.79730224609375,17101.94921875
2022-01-31,168.08999633789062,97.79730224609375,17339.849609375
2022-02-01,168.22999572753906,97.66510772705078,17576.849609375
2022-02-02,168.83999633789062,97.86515045166016,17780.0
2022-02-03,168.60000610351562,97.44770812988281,17560.19921875
2022-02-04,168.86000061035156,96.69981384277344,17516.30078125
2022-02-07,170.11000061035156,96.72595977783203,17213.599609375
2022-02-08,170.6300048828125,96.41290283203125,17266.75
2022-02-09,171.2100067138672,96.54334259033203,17463.80078125
2022-02-10,170.55999755859375,95.65632629394531,17605.849609375
2022-02-11,173.80999755859375,96.647705078125,17374.75
2022-02-14,174.74000549316406,95.97805786132812,16842.80078125
2022-02-15,173.0800018310547,95.69113159179688,17352.44921875
2022-02-16,174.86000061035156,95.89111328125,17322.19921875
2022-02-17,177.25,96.4041976928711,17304.599609375
2022-02-18,177.1199951171875,96.71723937988281,17276.30078125
2022-02-22,177.49000549316406,96.70855712890625,17092.19921875
2022-02-23,178.2899932861328,96.20419311523438,17063.25
2022-02-24,177.13999938964844,96.4302749633789,16247.9501953125
2022-02-25,176.5500030517578,96.4041976928711,16658.400390625
2022-02-28,178.3800048828125,97.49989318847656,16793.900390625
2022-03-02,179.72999572753906,96.96983337402344,16605.94921875
2022-03-03,180.8000030517578,97.38762664794922,16498.05078125
2022-03-04,183.67999267578125,98.35376739501953,16245.349609375
2022-03-07,186.41000366210938,97.93594360351562,15863.150390625
2022-03-08,191.50999450683594,97.3005599975586,16013.4501953125
2022-03-09,185.82000732421875,96.6999740600586,16345.349609375
2022-03-10,186.39999389648438,96.256103515625,16594.900390625
2022-03-11,185.08999633789062,96.23001098632812,16630.44921875
2022-03-14,182.3000030517578,95.01148223876953,16871.30078125
2022-03-15,178.88999938964844,94.96795654296875,16663.0
2022-03-16,180.00999450683594,94.83736419677734,16975.349609375
2022-03-17,180.88999938964844,94.65460968017578,17287.05078125
2022-03-21,180.6699981689453,93.6971664428711,17117.599609375
2022-03-22,179.36000061035156,93.18363189697266,17315.5
2022-03-23,181.80999755859375,93.81035614013672,17245.650390625
2022-03-24,183.1300048828125,93.2880859375,17222.75
2022-03-25,182.3800048828125,92.33068084716797,17153.0
2022-03-28,179.05999755859375,92.53954315185547,17222.0
2022-03-29,179.13999938964844,93.0008773803711,17325.30078125
2022-03-30,180.5800018310547,93.36641693115234,17498.25
2022-03-31,180.64999389648438,93.54048919677734,17464.75
2022-04-01,179.5,92.93143463134766,17670.44921875
2022-04-04,180.3699951171875,92.87043762207031,18053.400390625
2022-04-05,179.24000549316406,91.76377868652344,17957.400390625
2022-04-06,179.66000366210938,91.44137573242188,17807.650390625
2022-04-07,180.33999633789062,91.21481323242188,17639.55078125
2022-04-08,181.47000122070312,90.75299835205078,17784.349609375
2022-04-11,182.3699951171875,90.31729888916016,17674.94921875
2022-04-12,183.77000427246094,90.75299835205078,17530.30078125
2022-04-13,184.64999389648438,90.95339965820312,17475.650390625
2022-04-18,184.61000061035156,89.8729248046875,17173.650390625
2022-04-19,181.82000732421875,89.28038787841797,16958.650390625
2022-04-20,182.7100067138672,89.97747802734375,17136.55078125
2022-04-21,182.05999755859375,89.48080444335938,17392.599609375
2022-04-22,180.2899932861328,89.52435302734375,17171.94921875
2022-04-25,177.0500030517578,90.09947204589844,16953.94921875
2022-04-26,177.32000732421875,90.70068359375,17200.80078125
2022-04-27,175.97999572753906,90.1953125,17038.400390625
2022-04-28,176.92999267578125,90.06461334228516,17245.05078125
2022-04-29,176.91000366210938,89.58535766601562,17102.55078125
2022-05-02,173.6300048828125,88.91796112060547,17069.099609375
2022-05-04,175.8000030517578,89.59843444824219,16677.599609375
2022-05-05,175.1300048828125,88.69983673095703,16682.650390625
2022-05-06,175.4199981689453,88.19385528564453,16411.25
2022-05-09,172.8800048828125,88.84815216064453,16301.849609375
2022-05-10,171.4199981689453,89.14476013183594,16240.0498046875
2022-05-11,172.82000732421875,89.69441986083984,16167.099609375
2022-05-12,170.1699981689453,89.99103546142578,15808.0
2022-05-13,168.7899932861328,89.51993560791016,15782.150390625
2022-05-16,170.39999389648438,89.89510345458984,15842.2998046875
2022-05-17,169.3300018310547,89.2145767211914,16259.2998046875
2022-05-18,169.4199981689453,89.85144805908203,16240.2998046875
2022-05-19,171.91000366210938,90.17426300048828,15809.400390625
2022-05-20,172.02999877929688,90.59303283691406,16266.150390625
2022-05-23,172.8300018310547,90.04339599609375,16214.7001953125
2022-05-24,174.1300048828125,90.81983947753906,16125.150390625
2022-05-25,173.0800018310547,91.0030517578125,16025.7998046875
2022-05-26,172.75999450683594,90.95944213867188,16170.150390625
2022-05-27,172.85000610351562,91.09027862548828,16352.4501953125
2022-05-31,171.13999938964844,90.13936614990234,16584.55078125
2022-06-01,172.22999572753906,89.63185119628906,16522.75
2022-06-02,174.35000610351562,89.76287078857422,16628.0
2022-06-03,172.5800018310547,89.58815002441406,16584.30078125
2022-06-06,171.82000732421875,88.91556549072266,16569.55078125
2022-06-07,172.94000244140625,89.2737045288086,16416.349609375
2022-06-08,172.77999877929688,88.94176483154297,16356.25
2022-06-09,172.22999572753906,88.86316680908203,16478.099609375
2022-06-10,174.5399932861328,87.98960876464844,16201.7998046875
2022-06-13,169.92999267578125,86.42601776123047,15774.400390625
2022-06-14,168.57000732421875,85.73594665527344,15732.099609375
2022-06-15,170.77000427246094,86.93263244628906,15692.150390625
2022-06-16,172.69000244140625,87.50043487548828,15360.599609375
2022-06-17,171.27000427246094,87.52666473388672,15293.5
2022-06-21,170.6300048828125,87.0723876953125,15638.7998046875
2022-06-22,171.30999755859375,88.17304229736328,15413.2998046875
2022-06-23,170.25999450683594,88.67097473144531,15556.650390625
2022-06-24,170.08999633789062,88.35651397705078,15699.25
2022-06-27,169.89999389648438,87.85860443115234,15832.0498046875
2022-06-28,169.6199951171875,87.97212982177734,15850.2001953125
2022-06-29,169.49000549316406,88.67967224121094,15799.099609375
2022-06-30,168.4600067138672,89.36103820800781,15780.25
2022-07-01,168.32000732421875,90.31901550292969,15752.0498046875
2022-07-05,164.75,90.65143585205078,15810.849609375
2022-07-06,162.13999938964844,89.881591796875,15989.7998046875
2022-07-07,162.22999572753906,89.3304214477539,16132.900390625
2022-07-08,162.3000030517578,88.78801727294922,16220.599609375
2022-07-11,161.42999267578125,89.48790740966797,16216.0
2022-07-12,160.8300018310547,89.69786834716797,16058.2998046875
2022-07-13,161.60000610351562,90.08280181884766,15966.650390625
2022-07-14,159.3300018310547,89.58411407470703,15938.650390625
2022-07-15,159.00999450683594,89.89032745361328,16049.2001953125
2022-07-18,159.16000366210938,89.62788391113281,16278.5
2022-07-19,159.5399932861328,89.21670532226562,16340.5498046875
2022-07-20,158.0399932861328,89.12918853759766,16520.849609375
2022-07-21,160.27000427246094,90.14405822753906,16605.25
2022-07-22,160.6699981689453,91.17632293701172,16719.44921875
2022-07-25,160.22999572753906,90.8526382446289,16631.0
2022-07-26,160.0399932861328,90.88764953613281,16483.849609375
2022-07-27,161.6699981689453,91.07135772705078,16641.80078125
2022-07-28,163.63999938964844,91.97244262695312,16929.599609375
2022-07-29,164.10000610351562,92.0074462890625,17158.25
2022-08-01,165.02999877929688,92.5455551147461,17340.05078125
2022-08-02,164.0500030517578,91.26603698730469,17345.44921875
2022-08-03,164.4499969482422,91.64287567138672,17388.150390625
2022-08-04,167.1699981689453,92.10734558105469,17382.0
2022-08-05,165.2899932861328,90.77525329589844,17397.5
2022-08-08,166.69000244140625,91.30987548828125,17525.099609375
2022-08-10,166.77999877929688,91.09074401855469,17534.75
2022-08-11,166.33999633789062,90.48606872558594,17659.0
2022-08-12,167.8699951171875,90.84538269042969,17698.150390625
2022-08-16,165.4199981689453,91.0294189453125,17825.25
2022-08-17,164.35000610351562,90.41592407226562,17944.25
2022-08-18,163.9199981689453,90.59123229980469,17956.5
2022-08-19,162.72000122070312,89.81122589111328,17758.44921875
2022-08-22,161.63999938964844,89.4168701171875,17490.69921875
2022-08-23,162.77000427246094,89.19779968261719,17577.5
2022-08-24,163.25,88.89981079101562,17604.94921875
2022-08-25,163.75,89.46944427490234,17522.44921875
2022-08-26,161.75999450683594,89.36428833007812,17558.900390625
2022-08-29,161.86000061035156,88.85601806640625,17312.900390625
2022-08-30,160.50999450683594,88.8297119140625,17759.30078125
2022-09-01,157.8699951171875,87.7584228515625,17542.80078125
2022-09-02,159.25999450683594,88.25005340576172,17539.44921875
2022-09-06,158.3300018310547,87.2667465209961,17655.599609375
2022-09-07,159.94000244140625,87.83743286132812,17624.400390625
2022-09-08,158.97999572753906,87.51255798339844,17798.75
2022-09-09,159.82000732421875,87.5213623046875,17833.349609375
2022-09-12,160.6300048828125,87.31063842773438,17936.349609375
2022-09-13,158.5399932861328,86.8189926147461,18070.05078125
2022-09-14,157.92999267578125,86.86293029785156,18003.75
2022-09-15,154.97999572753906,86.56440734863281,17877.400390625
2022-09-16,155.83999633789062,86.63465118408203,17530.849609375
2022-09-19,155.9600067138672,86.3888168334961,17622.25
2022-09-20,155.07000732421875,85.85327911376953,17816.25
2022-09-21,155.7899932861328,86.19566345214844,17718.349609375
2022-09-22,155.6999969482422,84.89630889892578,17629.80078125
2022-09-23,153.00999450683594,85.00167083740234,17327.349609375
2022-09-26,151.22999572753906,83.58822631835938,17016.30078125
2022-09-27,151.5399932861328,83.0175552368164,17007.400390625
2022-09-28,154.69000244140625,84.8875503540039,16858.599609375
2022-09-29,154.66000366210938,84.49246978759766,16818.099609375
2022-09-30,154.6699981689453,84.27300262451172,17094.349609375
2022-10-03,158.42999267578125,85.27315521240234,16887.349609375
2022-10-04,160.6999969482422,85.44908142089844,17274.30078125
2022-10-06,159.6300048828125,84.173583984375,17331.80078125
2022-10-07,157.8800048828125,83.7601547241211,17314.650390625
2022-10-10,155.47999572753906,83.26758575439453,17241.0
2022-10-11,155.16000366210938,83.47869873046875,16983.55078125
2022-10-12,155.99000549316406,83.75138092041016,17123.599609375
2022-10-13,154.91000366210938,83.39949798583984,17014.349609375
2022-10-14,152.97999572753906,82.93329620361328,17185.69921875
2022-10-17,153.4199981689453,83.0212631225586,17311.80078125
2022-10-18,153.75,83.23236846923828,17486.94921875
2022-10-19,151.69000244140625,82.36151885986328,17512.25
2022-10-20,151.4499969482422,81.74577331542969,17563.94921875
2022-10-21,154.14999389648438,81.93050384521484,17576.30078125
2022-10-24,153.64999389648438,81.82492065429688,17730.75
2022-10-25,154.0,82.84532928466797,17656.349609375
2022-10-27,154.74000549316406,83.85693359375,17736.94921875
2022-10-28,153.16000366210938,83.4258804321289,17786.80078125
2022-10-31,151.91000366210938,83.04763793945312,18012.19921875
2022-11-01,153.4600067138672,83.03267669677734,18145.400390625
2022-11-02,152.38999938964844,82.8916015625,18082.849609375
2022-11-03,151.80999755859375,82.53018951416016,18052.69921875
2022-11-04,156.47000122070312,82.35385131835938,18117.150390625
2022-11-07,155.85000610351562,82.06294250488281,18202.80078125
2022-11-09,158.64999389648438,82.8916015625,18157.0
2022-11-10,163.47999572753906,84.75169372558594,18028.19921875
2022-11-11,164.55999755859375,84.57535552978516,18349.69921875
2022-11-14,164.9199981689453,84.37260437011719,18329.150390625
2022-11-15,165.5,84.99848937988281,18403.400390625
2022-11-16,165.1199951171875,85.6243896484375,18409.650390625
2022-11-17,163.9199981689453,85.04255676269531,18343.900390625
2022-11-18,162.7899932861328,84.74285888671875,18307.650390625
2022-11-21,161.8800048828125,84.68994903564453,18159.94921875
2022-11-22,162.07000732421875,85.1748046875,18244.19921875
2022-11-23,163.0800018310547,85.63320922851562,18267.25
2022-11-25,163.22000122070312,85.60676574707031,18512.75
2022-11-28,161.92999267578125,85.64200592041016,18562.75
2022-11-29,162.72999572753906,85.28056335449219,18618.05078125
2022-11-30,164.80999755859375,86.04753112792969,18758.349609375
2022-12-01,167.83999633789062,86.98736572265625,18812.5
2022-12-02,167.25999450683594,87.16404724121094,18696.099609375
2022-12-05,164.38999938964844,86.28072357177734,18701.05078125
2022-12-06,164.83999633789062,86.81070709228516,18642.75
2022-12-07,166.3300018310547,87.57035064697266,18560.5
2022-12-08,166.47000122070312,87.07569122314453,18609.349609375
2022-12-09,167.05999755859375,86.43089294433594,18496.599609375
2022-12-12,165.67999267578125,86.30723571777344,18497.150390625
2022-12-13,168.50999450683594,87.08453369140625,18608.0
2022-12-14,168.10000610351562,87.32302856445312,18660.30078125
2022-12-15,165.35000610351562,87.49295043945312,18414.900390625
2022-12-16,166.7899932861328,87.27169036865234,18269.0
2022-12-19,166.32000732421875,86.56369018554688,18420.44921875
2022-12-20,169.0800018310547,85.93533325195312,18385.30078125
2022-12-21,168.8000030517578,86.04151916503906,18199.099609375
2022-12-22,166.75999450683594,86.01498413085938,18127.349609375
2022-12-23,167.25999450683594,85.62555694580078,17806.80078125
2022-12-27,168.6699981689453,84.90870666503906,18132.30078125
2022-12-28,167.91000366210938,84.70515441894531,18122.5
2022-12-29,168.85000610351562,85.12109375,18191.0
2022-12-30,169.63999938964844,84.7670669555664,18105.30078125
2023-01-03,171.05999755859375,85.43085479736328,18232.55078125
2023-01-04,172.6699981689453,86.08576965332031,18042.94921875
2023-01-05,170.52000427246094,85.96187591552734,17992.150390625
2023-01-06,173.7100067138672,87.0681381225586,17859.44921875
2023-01-09,174.10000610351562,87.28939056396484,18101.19921875
2023-01-10,174.74000549316406,86.74069213867188,17914.150390625
2023-01-11,174.6199951171875,87.29825592041016,17895.69921875
2023-01-12,176.63999938964844,88.07704162597656,17858.19921875
2023-01-13,178.75999450683594,87.60800170898438,17956.599609375
2023-01-17,177.58999633789062,87.33364868164062,18053.30078125
2023-01-18,177.0800018310547,88.51953887939453,18165.349609375
2023-01-19,179.88999938964844,88.35143280029297,18107.849609375
2023-01-20,179.2899932861328,87.76729583740234,18027.650390625
2023-01-23,179.6300048828125,87.48407745361328,18118.55078125
2023-01-24,180.27999877929688,87.98860168457031,18118.30078125
2023-01-25,181.11000061035156,88.08590698242188,17891.94921875
2023-01-27,179.22000122070312,87.63455963134766,17604.349609375
2023-01-30,178.75999450683594,87.36019897460938,17648.94921875
2023-01-31,179.41000366210938,87.802734375,17662.150390625
2023-02-01,181.6699981689453,88.43418884277344,17616.30078125
2023-02-02,177.89999389648438,88.39871215820312,17610.400390625
2023-02-03,173.4600067138672,87.44972229003906,17854.05078125
2023-02-06,173.82000732421875,86.69583892822266,17764.599609375
2023-02-07,173.97999572753906,86.48298645019531,17721.5
2023-02-08,174.41000366210938,86.8022689819336,17871.69921875
2023-02-09,173.02999877929688,86.41202545166016,17893.44921875
2023-02-10,173.36000061035156,85.99518585205078,17856.5
2023-02-13,172.47999572753906,86.19918823242188,17770.900390625
2023-02-14,172.61000061035156,85.80890655517578,17929.849609375
2023-02-15,170.88999938964844,85.55172729492188,18015.849609375
2023-02-16,170.75,85.26789855957031,18035.849609375
2023-02-17,171.25999450683594,85.50738525390625,17944.19921875
2023-02-21,170.6199951171875,84.57614135742188,17826.69921875
2023-02-22,169.66000366210938,84.72689056396484,17554.30078125
2023-02-23,169.57000732421875,85.05506134033203,17511.25
2023-02-24,168.35000610351562,84.5406265258789,17465.80078125
2023-02-27,169.00999450683594,84.79785919189453,17392.69921875
2023-02-28,169.77999877929688,84.930908203125,17303.94921875
2023-03-01,170.75999450683594,84.25189208984375,17450.900390625
2023-03-02,170.66000366210938,83.90528106689453,17321.900390625
2023-03-03,172.49000549316406,84.58072662353516,17594.349609375
2023-03-06,171.6199951171875,84.42964172363281,17711.44921875
2023-03-08,168.5399932861328,84.411865234375,17754.400390625
2023-03-09,170.1999969482422,84.93621063232422,17589.599609375
2023-03-10,173.8699951171875,86.50038146972656,17412.900390625
2023-03-13,177.86000061035156,87.54911041259766,17154.30078125
2023-03-14,176.8300018310547,86.72257232666016,17043.30078125
2023-03-15,178.2100067138672,87.9756851196289,16972.150390625
2023-03-16,178.57000732421875,87.1846923828125,16985.599609375
2023-03-17,183.77000427246094,88.21563720703125,17100.05078125
2023-03-20,183.83999633789062,87.86014556884766,16988.400390625
2023-03-21,180.3699951171875,87.09585571289062,17107.5
2023-03-22,183.44000244140625,88.24229431152344,17151.900390625
2023-03-23,185.74000549316406,88.74886322021484,17076.900390625
2023-03-24,183.64999389648438,88.77556610107422,16945.05078125
2023-03-27,181.9499969482422,87.68238067626953,16985.69921875
2023-03-28,183.44000244140625,87.6290512084961,16951.69921875
2023-03-29,182.52999877929688,87.47799682617188,17080.69921875
2023-03-31,183.22000122070312,88.09123229980469,17359.75
2023-04-03,184.5399932861328,88.50621795654297,17398.05078125
2023-04-05,187.8300018310547,89.4500961303711,17557.05078125
2023-04-06,186.49000549316406,89.476806640625,17599.150390625
2023-04-10,185.11000061035156,88.5952377319336,17624.05078125
2023-04-11,186.27999877929688,88.55963134765625,17722.30078125
2023-04-12,187.19000244140625,88.81785583496094,17812.400390625
2023-04-13,189.72000122070312,88.52400970458984,17828.0
2023-04-17,185.52999877929688,87.52664947509766,17706.849609375
2023-04-18,186.25,87.66911315917969,17660.150390625
2023-04-19,185.36000061035156,87.48208618164062,17618.75
2023-04-20,186.08999633789062,87.98966217041016,17624.44921875
2023-04-21,184.25,87.77596282958984,17624.05078125
2023-04-24,184.80999755859375,88.20340728759766,17743.400390625
2023-04-25,185.75,89.07609558105469,17769.25
2023-04-26,184.74000549316406,88.7287826538086,17813.599609375
2023-04-27,184.75,88.14998626708984,17915.05078125
2023-04-28,184.8000030517578,88.8089599609375,18065.0
2023-05-02,187.52000427246094,88.90625,18147.650390625
2023-05-03,189.11000061035156,89.4864501953125,18089.849609375
2023-05-04,190.44000244140625,89.46859741210938,18255.80078125
2023-05-05,187.4600067138672,88.98660278320312,18069.0
2023-05-08,187.69000244140625,88.44207000732422,18264.400390625
2023-05-09,189.02000427246094,88.33496856689453,18265.94921875
2023-05-10,188.75,88.99552154541016,18315.099609375
2023-05-11,187.1300048828125,89.32581329345703,18297.0
2023-05-12,186.80999755859375,88.79019927978516,18314.80078125
2023-05-15,187.2100067138672,88.59381866455078,18398.849609375
2023-05-16,184.8699951171875,88.30819702148438,18286.5
2023-05-17,184.22999572753906,88.02253723144531,18181.75
2023-05-18,181.83999633789062,87.47802734375,18129.94921875
2023-05-19,183.63999938964844,87.14775085449219,18203.400390625
2023-05-22,183.2100067138672,86.9870834350586,18314.400390625
2023-05-23,183.42999267578125,87.12991333007812,18348.0
2023-05-24,181.9499969482422,86.90673828125,18285.400390625
2023-05-25,180.1999969482422,86.36222839355469,18321.150390625
2023-05-26,180.9199981689453,86.52290344238281,18499.349609375
2023-05-30,182.0399932861328,87.20132446289062,18633.849609375
2023-05-31,182.32000732421875,87.53160095214844,18534.400390625
2023-06-01,183.75999450683594,87.77495574951172,18487.75
2023-06-02,181.0500030517578,87.07704162597656,18534.099609375
2023-06-05,182.13999938964844,87.05020904541016,18593.849609375
2023-06-06,182.33999633789062,87.10391235351562,18599.0
2023-06-07,180.14999389648438,86.46864318847656,18726.400390625
2023-06-08,182.52999877929688,87.05020904541016,18634.55078125
2023-06-09,182.0399932861328,86.73702239990234,18563.400390625
2023-06-12,181.8800048828125,86.88020324707031,18601.5
2023-06-13,180.5399932861328,86.26285552978516,18716.150390625
2023-06-14,180.63999938964844,86.37916564941406,18755.900390625
2023-06-15,181.91000366210938,87.05020904541016,18688.099609375
2023-06-16,181.6300048828125,86.67443084716797,18826.0
2023-06-20,179.75,86.93389892578125,18816.69921875
2023-06-21,179.49000549316406,87.01441955566406,18856.849609375
2023-06-22,177.7100067138672,86.52230072021484,18771.25
2023-06-23,178.1999969482422,86.88020324707031,18665.5
2023-06-26,178.50999450683594,87.09494018554688,18691.19921875
2023-06-27,177.69000244140625,86.79073333740234,18817.400390625
2023-06-28,177.27999877929688,87.13970184326172,18972.099609375
2023-06-30,178.27000427246094,86.4328384399414,19189.05078125
2023-07-03,178.47000122070312,86.05791473388672,19322.55078125
2023-07-05,177.83999633789062,85.6453628540039,19398.5
2023-07-06,177.30999755859375,84.9457778930664,19497.30078125
2023-07-07,178.63999938964844,84.8381576538086,19331.80078125
2023-07-10,178.77999877929688,85.27763366699219,19355.900390625
2023-07-11,179.4499969482422,85.45701599121094,19439.400390625
2023-07-12,181.8800048828125,86.2911376953125,19384.30078125
2023-07-13,182.00999450683594,87.00863647460938,19413.75
2023-07-14,181.42999267578125,86.578125,19564.5
2023-07-17,181.55999755859375,86.72163391113281,19711.44921875
2023-07-18,183.63999938964844,86.82029724121094,19749.25
2023-07-19,183.6699981689453,87.11626434326172,19833.150390625
2023-07-20,182.74000549316406,86.42567443847656,19979.150390625
2023-07-21,182.17999267578125,86.4974136352539,19745.0
2023-07-24,181.39999389648438,86.2911376953125,19672.349609375
2023-07-25,182.41000366210938,86.12968444824219,19680.599609375
2023-07-26,183.3000030517578,86.42567443847656,19778.30078125
2023-07-27,180.4199981689453,85.48389434814453,19659.900390625
2023-07-28,181.86000061035156,85.76194763183594,19646.05078125
2023-07-31,182.35000610351562,85.86959838867188,19753.80078125
2023-08-01,180.4600067138672,85.36783599853516,19733.55078125
2023-08-02,179.60000610351562,85.19697570800781,19526.55078125
2023-08-03,179.5399932861328,84.56758117675781,19381.650390625
2023-08-04,180.19000244140625,85.46674346923828,19517.0
2023-08-07,179.77999877929688,85.25994110107422,19597.30078125
2023-08-08,178.63999938964844,85.6915512084961,19570.849609375
2023-08-09,177.7899932861328,85.74551391601562,19632.55078125
2023-08-10,177.60000610351562,85.0890884399414,19543.099609375
2023-08-11,177.60000610351562,84.6395034790039,19428.30078125
2023-08-14,177.05999755859375,84.5046157836914,19434.55078125
2023-08-16,175.57000732421875,84.01908111572266,19465.0
2023-08-17,175.3000030517578,83.91117095947266,19365.25
2023-08-18,175.3300018310547,84.1629409790039,19310.150390625
2023-08-21,175.80999755859375,83.64143371582031,19393.599609375
2023-08-22,176.10000610351562,83.67737579345703,19396.44921875
2023-08-23,177.88999938964844,84.5855712890625,19444.0
2023-08-24,177.85000610351562,84.27083587646484,19386.69921875
2023-08-25,177.6199951171875,84.24388122558594,19265.80078125
2023-08-28,178.1300048828125,84.47765350341797,19306.05078125
2023-08-29,179.8699951171875,85.08009338378906,19342.650390625
2023-08-30,180.32000732421875,85.07111358642578,19347.44921875
2023-08-31,180.02000427246094,85.24195098876953,19253.80078125
2023-09-01,180.11000061035156,84.72088623046875,19435.30078125
2023-09-05,178.63999938964844,84.20706939697266,19574.900390625
2023-09-06,177.8300018310547,83.99071502685547,19611.05078125
2023-09-07,178.02000427246094,84.27920532226562,19727.05078125
2023-09-08,178.0800018310547,84.29720306396484,19819.94921875
2023-09-11,178.41000366210938,84.15296936035156,19996.349609375
2023-09-12,177.49000549316406,84.27014923095703,19993.19921875
2023-09-13,177.0800018310547,84.36933135986328,20070.0
2023-09-14,177.1699981689453,84.17999267578125,20103.099609375
2023-09-15,178.33999633789062,83.9185791015625,20192.349609375
2023-09-18,179.38999938964844,83.99974060058594,20133.30078125
2023-09-20,179.35000610351562,83.63011169433594,19901.400390625
2023-09-21,178.0500030517578,83.00809478759766,19742.349609375
2023-09-22,178.6199951171875,83.33263397216797,19674.25
2023-09-25,177.6999969482422,82.71963500976562,19674.55078125
2023-09-26,176.27999877929688,82.69258880615234,19664.69921875
2023-09-27,174.10000610351562,82.32295989990234,19716.44921875
2023-09-28,173.22999572753906,82.54834747314453,19523.55078125
2023-09-29,171.4499969482422,82.56636047363281,19638.30078125
2023-10-03,169.16000366210938,81.21874237060547,19528.75
2023-10-04,169.13999938964844,81.73392486572266,19436.099609375
2023-10-05,168.8300018310547,81.88755798339844,19545.75
2023-10-06,169.6999969482422,81.40853118896484,19653.5
2023-10-09,172.82000732421875,82.44795989990234,19512.349609375
2023-10-10,172.52999877929688,82.28527069091797,19689.849609375
2023-10-11,173.7899932861328,82.73719787597656,19811.349609375
2023-10-12,173.25999450683594,81.94184112548828,19794.0
2023-10-13,178.8300018310547,82.46603393554688,19751.05078125
2023-10-16,177.9600067138672,81.97797393798828,19731.75
2023-10-17,178.2899932861328,81.17353820800781,19811.5
2023-10-18,180.8699951171875,80.79393005371094,19671.099609375
2023-10-19,183.08999633789062,80.39625549316406,19624.69921875
2023-10-20,183.58999633789062,80.86624908447266,19542.650390625
2023-10-23,182.97000122070312,81.245849609375,19281.75
2023-10-25,183.72000122070312,80.67644500732422,19122.150390625
2023-10-26,184.00999450683594,81.29104614257812,18857.25
2023-10-27,186.14999389648438,81.41758728027344,19047.25
2023-10-30,185.10000610351562,81.1464614868164,19140.900390625
2023-10-31,184.08999633789062,80.97470092773438,19079.599609375
2023-11-01,183.50999450683594,81.9073257446289,18989.150390625
2023-11-02,184.1199951171875,82.41493225097656,19133.25
2023-11-03,184.7899932861328,83.04935455322266,19230.599609375
2023-11-06,183.35000610351562,82.56900787353516,19411.75
2023-11-07,182.58999633789062,83.040283203125,19406.69921875
2023-11-08,180.77000427246094,83.3756332397461,19443.5
2023-11-09,181.49000549316406,82.55087280273438,19395.30078125
2023-11-10,179.50999450683594,82.6414794921875,19425.349609375
2023-11-13,180.50999450683594,82.59619140625,19443.55078125
2023-11-15,181.63999938964844,83.18529510498047,19675.44921875
2023-11-16,183.69000244140625,83.8106918334961,19765.19921875
2023-11-17,183.6699981689453,83.86505126953125,19731.80078125
2023-11-20,183.3699951171875,83.98291778564453,19694.0
2023-11-21,185.35000610351562,84.09166717529297,19783.400390625
2023-11-22,184.55999755859375,84.06446838378906,19811.849609375
2023-11-24,185.52000427246094,83.62943267822266,19794.69921875
2023-11-28,189.25999450683594,84.6354751586914,19889.69921875
2023-11-29,189.5399932861328,85.07960510253906,20096.599609375
2023-11-30,188.75,84.66264343261719,20133.150390625
2023-12-01,192.00999450683594,85.46147918701172,20267.900390625
2023-12-04,187.86000061035156,85.10706329345703,20686.80078125
2023-12-05,187.14999389648438,85.70682525634766,20855.099609375
2023-12-06,187.83999633789062,86.0612564086914,20937.69921875
2023-12-07,188.14999389648438,85.93404388427734,20901.150390625
2023-12-08,185.63999938964844,85.37966918945312,20969.400390625
2023-12-11,183.58999633789062,85.38877868652344,20997.099609375
2023-12-12,183.49000549316406,85.57054901123047,20906.400390625
2023-12-13,187.6300048828125,86.84283447265625,20926.349609375
2023-12-14,188.72999572753906,87.5647201538086,21182.69921875
2023-12-15,187.0,87.49179077148438,21456.650390625
2023-12-18,187.85000610351562,87.30038452148438,21418.650390625
2023-12-19,189.1300048828125,87.46443939208984,21453.099609375
2023-12-20,188.10000610351562,87.89285278320312,21150.150390625
2023-12-21,189.42999267578125,87.75611877441406,21255.05078125
2023-12-22,190.27000427246094,87.67407989501953,21349.400390625
2023-12-26,191.72000122070312,87.72877502441406,21441.349609375
2023-12-27,192.58999633789062,88.41236877441406,21654.75
2023-12-28,191.47000122070312,88.07512664794922,21778.69921875
2023-12-29,191.1699981689453,87.85639190673828,21731.400390625
2024-01-02,190.72000122070312,87.52824401855469,21665.80078125
2024-01-03,189.1300048828125,87.7378921508789,21517.349609375
2024-01-04,189.32000732421875,87.2092514038086,21658.599609375
2024-01-05,189.35000610351562,86.89021301269531,21710.80078125
2024-01-08,187.8699951171875,87.18190002441406,21513.0
2024-01-09,187.92999267578125,87.1454086303711,21544.849609375
2024-01-10,187.5,87.00872802734375,21618.69921875
2024-01-11,187.8699951171875,87.47357940673828,21647.19921875
2024-01-12,189.7100067138672,87.7105484008789,21894.55078125
2024-01-16,187.91000366210938,86.9996109008789,22032.30078125
2024-01-17,185.83999633789062,86.71704864501953,21571.94921875
2024-01-18,187.3699951171875,86.52562713623047,21462.25
2024-01-19,187.92999267578125,86.53475952148438,21622.400390625
2024-01-23,187.9499969482422,86.58030700683594,21238.80078125
2024-01-24,186.39999389648438,86.33421325683594,21453.94921875
2024-01-25,187.13999938964844,86.70793151855469,21352.599609375
2024-01-29,188.3300018310547,87.07252502441406,21737.599609375
2024-01-30,188.58999633789062,87.19103240966797,21522.099609375
2024-01-31,188.4499969482422,87.9201889038086,21725.69921875
2024-02-01,190.41000366210938,88.46473693847656,21697.44921875
2024-02-02,188.61000061035156,87.31346893310547,21853.80078125
2024-02-05,187.57000732421875,86.4637222290039,21771.69921875
2024-02-06,188.5500030517578,86.92974090576172,21929.400390625
2024-02-07,188.5,86.77439880371094,21930.5
2024-02-08,188.3300018310547,86.49114227294922,21717.94921875
2024-02-09,187.60000610351562,86.33580780029297,21782.5
2024-02-12,187.11000061035156,86.41804504394531,21616.05078125
2024-02-13,184.52999877929688,85.4677963256836,21743.25
2024-02-14,184.4199981689453,85.78758239746094,21840.05078125
2024-02-15,185.66000366210938,86.025146484375,21910.75
2024-02-16,186.33999633789062,85.6505355834961,22040.69921875
2024-02-20,187.47000122070312,85.7967300415039,22196.94921875
2024-02-21,187.47999572753906,85.52261352539062,22055.05078125
2024-02-22,187.55999755859375,85.53173828125,22217.44921875
2024-02-23,188.6199951171875,85.92463684082031,22212.69921875
2024-02-26,188.1999969482422,85.7967300415039,22122.05078125
2024-02-27,188.0,85.60487365722656,22198.349609375
2024-02-28,188.33999633789062,85.91551208496094,21951.150390625
2024-02-29,189.30999755859375,86.0891342163086,21982.80078125
2024-03-01,192.88999938964844,86.48213195800781,22338.75
2024-03-04,196.00999450683594,86.28974914550781,22405.599609375
2024-03-05,197.19000244140625,86.82109069824219,22356.30078125
2024-03-06,198.80999755859375,87.03180694580078,22474.05078125
2024-03-07,199.94000244140625,87.17839813232422,22493.55078125
2024-03-11,202.0,87.13258361816406,22332.650390625
2024-03-12,199.7899932861328,86.7752914428711,22335.69921875
2024-03-13,201.19000244140625,86.58292388916016,21997.69921875
2024-03-14,200.35000610351562,85.9416275024414,22146.650390625
2024-03-15,199.7100067138672,85.79502868652344,22023.349609375
2024-03-18,200.02999877929688,85.69425964355469,22055.69921875
2024-03-19,199.8000030517578,85.9416275024414,21817.44921875
2024-03-20,202.17999267578125,86.1431655883789,21839.099609375
2024-03-21,201.97000122070312,86.15231323242188,22011.94921875
2024-03-22,200.35000610351562,86.57376098632812,22096.75
2024-03-26,201.63999938964844,86.47297668457031,22004.69921875
2024-03-27,203.10000610351562,86.8027572631836,22123.650390625
2024-03-28,205.72000122070312,86.72032165527344,22326.900390625
2024-04-01,207.82000732421875,85.9356689453125,22462.0
2024-04-02,210.88999938964844,85.75190734863281,22453.30078125
2024-04-03,212.74000549316406,85.85297393798828,22434.650390625
2024-04-04,211.52000427246094,86.14698028564453,22514.650390625
2024-04-05,215.13999938964844,85.57734680175781,22513.69921875
2024-04-08,216.47999572753906,85.38438415527344,22666.30078125
2024-04-09,217.6699981689453,85.724365234375,22642.75
2024-04-10,215.61000061035156,84.58502960205078,22753.80078125
2024-04-12,216.88999938964844,84.81472778320312,22519.400390625
2024-04-15,220.9499969482422,84.27265930175781,22272.5
2024-04-16,221.22000122070312,83.9418716430664,22147.900390625
2024-04-18,220.33999633789062,84.18075561523438,21995.849609375
2024-04-19,221.02999877929688,84.29102325439453,22147.0
2024-04-22,215.57000732421875,84.30020141601562,22336.400390625
2024-04-23,215.0399932861328,84.41046142578125,22368.0
2024-04-24,214.63999938964844,84.15319061279297,22402.400390625
2024-04-25,215.9199981689453,83.83160400390625,22570.349609375
2024-04-26,216.6199951171875,84.06129455566406,22419.94921875
2024-04-29,216.17999267578125,84.40127563476562,22643.400390625
2024-04-30,211.8699951171875,84.00617218017578,22604.849609375
2024-05-02,213.1300048828125,84.735107421875,22648.19921875
2024-05-03,212.9600067138672,85.20509338378906,22475.849609375
2024-05-06,215.1999969482422,85.27882385253906,22442.69921875
2024-05-07,214.2100067138672,85.49996948242188,22302.5
2024-05-08,213.5800018310547,85.2603988647461,22302.5
2024-05-09,216.9499969482422,85.51841735839844,21957.5
2024-05-10,218.7100067138672,85.24195098876953,22055.19921875
2024-05-13,216.25999450683594,85.34330749511719,22104.05078125
2024-05-14,218.08999633789062,85.59213256835938,22217.849609375
2024-05-15,220.88999938964844,86.23719787597656,22200.55078125
2024-05-16,220.02999877929688,86.07134246826172,22403.849609375
2024-05-17,223.66000366210938,85.8041000366211,22466.099609375
2024-05-21,224.22999572753906,85.896240234375,22529.05078125
2024-05-22,220.11000061035156,85.78565979003906,22597.80078125
2024-05-23,215.72000122070312,85.48155212402344,22967.650390625
2024-05-24,215.9199981689453,85.59213256835938,22957.099609375
2024-05-28,218.19000244140625,85.1129379272461,22888.150390625
2024-05-29,216.16000366210938,84.69825744628906,22704.69921875
2024-05-30,216.57000732421875,85.12216186523438,22488.650390625
2024-05-31,215.3000030517578,85.51841735839844,22530.69921875
2024-06-03,217.22000122070312,86.07853698730469,23263.900390625
2024-06-04,215.27000427246094,86.5499038696289,21884.5
2024-06-05,217.82000732421875,86.86418151855469,22620.349609375
2024-06-06,219.42999267578125,86.82723236083984,22821.400390625
2024-06-07,211.60000610351562,85.91216278076172,23290.150390625
2024-06-10,213.5399932861328,85.7273178100586,23259.19921875
2024-06-11,214.14999389648438,86.18020629882812,23264.849609375
2024-06-12,214.72000122070312,86.66083526611328,23322.94921875
2024-06-13,212.97000122070312,87.23389434814453,23398.900390625
2024-06-14,215.72999572753906,87.43724060058594,23465.599609375
2024-06-18,215.47000122070312,87.40948486328125,23557.900390625
2024-06-20,218.16000366210938,87.18769073486328,23567.0
2024-06-21,214.77999877929688,87.20616912841797,23501.099609375
2024-06-24,215.6300048828125,87.28012084960938,23537.849609375
2024-06-25,214.55999755859375,87.35404205322266,23721.30078125
2024-06-26,212.5800018310547,86.82723236083984,23868.80078125
2024-06-27,214.99000549316406,87.02130126953125,24044.5
2024-06-28,215.00999450683594,86.55915832519531,24010.599609375
2024-07-01,215.57000732421875,85.91483306884766,24141.94921875
2024-07-02,215.55999755859375,86.23931121826172,24123.849609375
2024-07-03,217.99000549316406,86.81410217285156,24286.5
2024-07-05,220.92999267578125,87.29621887207031,24323.849609375
2024-07-08,218.19000244140625,87.32401275634766,24320.55078125
2024-07-09,218.55999755859375,87.20349884033203,24433.19921875
2024-07-10,219.36000061035156,87.28693389892578,24324.44921875
2024-07-11,223.25,87.84320068359375,24315.94921875
2024-07-12,223.11000061035156,88.02861785888672,24502.150390625
2024-07-15,223.8300018310547,87.75051879882812,24586.69921875
2024-07-16,228.2899932861328,88.1398696899414,24613.0
2024-07-18,225.77999877929688,87.96372985839844,24800.849609375
2024-07-19,221.72999572753906,87.68559265136719,24530.900390625
2024-07-22,221.8000030517578,87.60214233398438,24509.25
2024-07-23,222.5800018310547,87.66703796386719,24479.05078125
2024-07-24,221.8000030517578,87.47235870361328,24413.5
2024-07-25,218.3300018310547,87.66703796386719,24406.099609375
2024-07-26,220.6300048828125,88.08425903320312,24834.849609375
2024-07-29,220.32000732421875,88.23258209228516,24836.099609375
2024-07-30,222.52000427246094,88.41801452636719,24857.30078125
2024-07-31,226.5500030517578,89.06700134277344,24951.150390625
2024-08-01,225.77000427246094,89.44732666015625,25010.900390625
2024-08-02,225.33999633789062,90.8328628540039,24717.69921875
2024-08-05,222.47999572753906,90.92584228515625,24055.599609375
2024-08-06,220.6999969482422,90.1168441772461,23992.55078125
2024-08-07,220.5500030517578,89.7913589477539,24297.5
2024-08-08,224.00999450683594,89.52169036865234,24117.0
2024-08-09,224.55999755859375,89.88436126708984,24367.5
2024-08-12,228.41000366210938,90.13545989990234,24347.0
2024-08-13,228.05999755859375,90.5353012084961,24139.0
2024-08-14,226.1999969482422,90.65618133544922,24143.75
2024-08-16,231.99000549316406,90.26564025878906,24541.150390625
2024-08-19,231.61000061035156,90.38652038574219,24572.650390625
2024-08-20,232.4600067138672,90.7491683959961,24698.849609375
2024-08-21,232.14999389648438,90.93515014648438,24770.19921875
2024-08-22,229.3699951171875,90.51670837402344,24811.5
2024-08-23,232.02000427246094,90.93515014648438,24823.150390625
2024-08-26,232.75999450683594,90.82356262207031,25010.599609375
2024-08-27,233.38999938964844,90.78636932373047,25017.75
2024-08-28,231.75,90.73987579345703,25052.349609375
2024-08-29,232.9499969482422,90.581787109375,25151.94921875
2024-08-30,231.2899932861328,90.26564025878906,25235.900390625
2024-09-03,230.2899932861328,90.86067199707031,25279.849609375
2024-09-04,230.42999267578125,91.39230346679688,25198.69921875
2024-09-05,232.35000610351562,91.60679626464844,25145.099609375
2024-09-06,230.6300048828125,91.73738098144531,24852.150390625
2024-09-09,231.60000610351562,91.86795806884766,24936.400390625
2024-09-10,232.6199951171875,92.2596664428711,25041.099609375
2024-09-11,232.25,92.19437408447266,24918.44921875
2024-09-12,236.3300018310547,92.04517364501953,25388.900390625
2024-09-13,238.67999267578125,92.22235107421875,25356.5
2024-09-16,238.66000366210938,92.4648666381836,25383.75
2024-09-17,237.33999633789062,92.29696655273438,25418.55078125
2024-09-18,235.50999450683594,91.89593505859375,25377.55078125
2024-09-19,239.1699981689453,91.82131958007812,25415.80078125
2024-09-20,242.2100067138672,91.7933349609375,25790.94921875
2024-09-23,242.67999267578125,91.73738098144531,25939.05078125
2024-09-24,246.07000732421875,91.83998107910156,25940.400390625
2024-09-25,245.72999572753906,91.46690368652344,26004.150390625
2024-09-26,246.97999572753906,91.40162658691406,26216.05078125
2024-09-27,245.02000427246094,91.7653579711914,26178.94921875
2024-09-30,243.05999755859375,91.51353454589844,25810.849609375
2024-10-01,245.61000061035156,91.84654235839844,25796.900390625
2024-10-03,245.49000549316406,91.11692810058594,25250.099609375
2024-10-04,245.0,90.23766326904297,25014.599609375
2024-10-07,244.1699981689453,89.91028594970703,24795.75
2024-10-08,242.3699951171875,89.98511505126953,25013.150390625
2024-10-09,241.0500030517578,89.64837646484375,24981.94921875
2024-10-10,242.82000732421875,89.6390151977539,24998.44921875
2024-10-11,245.47000122070312,89.66707611083984,24964.25
2024-10-14,245.07000732421875,89.50804901123047,25127.94921875
2024-10-15,245.9199981689453,89.96638488769531,25057.349609375
2024-10-16,247.14999389648438,90.10670471191406,24971.30078125
2024-10-17,248.6300048828125,89.6390151977539,24749.849609375
2024-10-18,251.27000427246094,89.74189758300781,24854.05078125
2024-10-21,251.22000122070312,89.04972076416016,24781.099609375
2024-10-22,253.92999267578125,88.96552276611328,24472.099609375
2024-10-23,250.8699951171875,88.75972747802734,24435.5
2024-10-24,252.8000030517578,88.95616912841797,24399.400390625
2024-10-25,253.32000732421875,88.75972747802734,24180.80078125
2024-10-28,253.3300018310547,88.5539321899414,24339.150390625
2024-10-29,256.0899963378906,88.59136962890625,24466.849609375
2024-10-30,257.5,88.46041870117188,24340.849609375
2024-10-31,253.50999450683594,88.41363525390625,24205.349609375
2024-11-01,252.47000122070312,87.89007568359375,24304.349609375
2024-11-04,252.8300018310547,88.3592300415039,23995.349609375
2024-11-05,253.39999389648438,88.40612030029297,24213.30078125
2024-11-06,245.6999969482422,87.4959945678711,24484.05078125
2024-11-07,249.64999389648438,88.19971466064453,24199.349609375
2024-11-08,247.9600067138672,88.38737487792969,24148.19921875
2024-11-11,242.13999938964844,88.1434097290039,24141.30078125
2024-11-12,240.0500030517578,87.58980560302734,23883.44921875
2024-11-13,237.6300048828125,87.53351593017578,23559.05078125
2024-11-14,237.00999450683594,87.52412414550781,23532.69921875
2024-11-18,241.08999633789062,87.7586898803711,23453.80078125
2024-11-19,243.25,87.94637298583984,23518.5
2024-11-21,246.66000366210938,87.7680892944336,23349.900390625
2024-11-22,249.83999633789062,87.82439422607422,23907.25
2024-11-25,242.47999572753906,88.77207946777344,24221.900390625
2024-11-26,242.9499969482422,88.58442687988281,24194.5
2024-11-27,243.49000549316406,88.94095611572266,24274.900390625
2024-11-29,245.58999633789062,89.31629180908203,24131.099609375
2024-12-02,243.44000244140625,89.30875396728516,24276.05078125
2024-12-03,243.92999267578125,89.05464172363281,24457.150390625
2024-12-04,244.6699981689453,89.39347839355469,24467.44921875
2024-12-05,242.86000061035156,89.38404846191406,24708.400390625
2024-12-06,242.9499969482422,89.66638946533203,24677.80078125
2024-12-09,245.36000061035156,89.35580444335938,24619.0
2024-12-10,248.58999633789062,89.19581604003906,24610.05078125
2024-12-11,250.9600067138672,88.93226623535156,24641.80078125
2024-12-12,247.27999877929688,88.59346008300781,24548.69921875
2024-12-13,244.2899932861328,88.17933654785156,24768.30078125
2024-12-16,244.8800048828125,88.20757293701172,24668.25
2024-12-17,243.94000244140625,88.20757293701172,24336.0
2024-12-18,239.25999450683594,87.52580261230469,24198.849609375
2024-12-19,239.60000610351562,87.12918090820312,23951.69921875
2024-12-20,242.10000610351562,87.45024108886719,23587.5
2024-12-23,240.9600067138672,87.06309509277344,23753.44921875
2024-12-24,241.44000244140625,87.11032104492188,23727.650390625
2024-12-26,243.07000732421875,87.17639923095703,23750.19921875
2024-12-27,241.39999389648438,86.94977569580078,23813.400390625
2024-12-30,240.6300048828125,87.4596939086914,23644.900390625
2024-12-31,242.1300048828125,87.29916381835938,23644.80078125
